999
dxflib 2.0.4.0
  0
SECTION
  2
HEADER
  9
$ACADVER
  1
AC1015
  9
$HANDSEED
  5
FFFF
  9
$DIMASZ
 40
5.0
  9
$GRIDUNIT
 10
0.001
 20
0.001
  9
$DIMADEC
 70
2
  9
$DIMGAP
 40
0.625
  9
$DIMALT
 70
4
  9
$SPLINESEGS
 70
8
  9
$AUPREC
 70
2
  9
$LUNITS
 70
2
  9
$DIMRND
 40
0.01
  9
$DIMEXO
 40
0.625
  9
$INSUNITS
 70
4
  9
$DIMLUNIT
 70
2
  9
$DIMTXT
 40
5.0
  9
$GRIDMODE
 70
1
  9
$LUPREC
 70
1
  9
$PSVPSCALE
 40
0.23125
  9
$DIMSTYLE
  2
Standard
  9
$PLIMMAX
 10
210.0
 20
297.0
  9
$PLIMMIN
 10
0.0
 20
0.0
  9
$DIMEXE
 40
1.25
  9
$PINSBASE
 10
12.5
 20
17.6124999999999829
 30
0.0
  9
$DIMAUNIT
 70
0
  9
$AUNITS
 70
0
  0
ENDSEC
  0
SECTION
  2
TABLES
  0
TABLE
  2
VPORT
  5
8
100
AcDbSymbolTable
 70
1
  0
VPORT
  5
30
100
AcDbSymbolTableRecord
100
AcDbViewportTableRecord
  2
*Active
 70
0
 10
0.0
 20
0.0
 11
1.0
 21
1.0
 12
286.3055555555554861
 22
148.5
 13
0.0
 23
0.0
 14
10.0
 24
10.0
 15
10.0
 25
10.0
 16
0.0
 26
0.0
 36
1.0
 17
0.0
 27
0.0
 37
0.0
 40
297.0
 41
1.92798353909465
 42
50.0
 43
0.0
 44
0.0
 50
0.0
 51
0.0
 71
0
 72
100
 73
1
 74
3
 75
1
 76
1
 77
0
 78
0
281
0
 65
1
110
0.0
120
0.0
130
0.0
111
1.0
121
0.0
131
0.0
112
0.0
122
1.0
132
0.0
 79
0
146
0.0
  0
ENDTAB
  0
TABLE
  2
LTYPE
  5
5
100
AcDbSymbolTable
 70
21
  0
LTYPE
  5
14
100
AcDbSymbolTableRecord
100
AcDbLinetypeTableRecord
  2
ByBlock
 70
0
  3

 72
65
 73
0
 40
0.0
  0
LTYPE
  5
15
100
AcDbSymbolTableRecord
100
AcDbLinetypeTableRecord
  2
ByLayer
 70
0
  3

 72
65
 73
0
 40
0.0
  0
LTYPE
  5
16
100
AcDbSymbolTableRecord
100
AcDbLinetypeTableRecord
  2
CONTINUOUS
 70
0
  3
Solid line
 72
65
 73
0
 40
0.0
  0
LTYPE
  5
31
100
AcDbSymbolTableRecord
100
AcDbLinetypeTableRecord
  2
DOT
 70
0
  3
Dot . . . . . . . . . . . . . . . . . . . . . .
 72
65
 73
2
 40
6.3499999999999996
 49
0.0
 74
0
 49
-6.3499999999999996
 74
0
  0
LTYPE
  5
32
100
AcDbSymbolTableRecord
100
AcDbLinetypeTableRecord
  2
DOT2
 70
0
  3
Dot (.5x) .....................................
 72
65
 73
2
 40
3.1749999999999998
 49
0.0
 74
0
 49
-3.1749999999999998
 74
0
  0
LTYPE
  5
33
100
AcDbSymbolTableRecord
100
AcDbLinetypeTableRecord
  2
DOTX2
 70
0
  3
Dot (2x) .  .  .  .  .  .  .  .  .  .  .  .  .
 72
65
 73
2
 40
12.6999999999999993
 49
0.0
 74
0
 49
-12.6999999999999993
 74
0
  0
LTYPE
  5
34
100
AcDbSymbolTableRecord
100
AcDbLinetypeTableRecord
  2
DASHED
 70
0
  3
Dashed __ __ __ __ __ __ __ __ __ __ __ __ __ _
 72
65
 73
2
 40
19.0500000000000007
 49
12.6999999999999993
 74
0
 49
-6.3499999999999996
 74
0
  0
LTYPE
  5
35
100
AcDbSymbolTableRecord
100
AcDbLinetypeTableRecord
  2
DASHED2
 70
0
  3
Dashed (.5x) _ _ _ _ _ _ _ _ _ _ _ _ _ _ _ _ _
 72
65
 73
2
 40
9.5250000000000004
 49
6.3499999999999996
 74
0
 49
-3.1749999999999998
 74
0
  0
LTYPE
  5
36
100
AcDbSymbolTableRecord
100
AcDbLinetypeTableRecord
  2
DASHEDX2
 70
0
  3
Dashed (2x) ____  ____  ____  ____  ____  ___
 72
65
 73
2
 40
38.1000000000000014
 49
25.3999999999999986
 74
0
 49
-12.6999999999999993
 74
0
  0
LTYPE
  5
37
100
AcDbSymbolTableRecord
100
AcDbLinetypeTableRecord
  2
DASHDOT
 70
0
  3
Dash dot __ . __ . __ . __ . __ . __ . __ . __
 72
65
 73
4
 40
25.3999999999999986
 49
12.6999999999999993
 74
0
 49
-6.3499999999999996
 74
0
 49
0.0
 74
0
 49
-6.3499999999999996
 74
0
  0
LTYPE
  5
38
100
AcDbSymbolTableRecord
100
AcDbLinetypeTableRecord
  2
DASHDOT2
 70
0
  3
Dash dot (.5x) _._._._._._._._._._._._._._._.
 72
65
 73
4
 40
12.6999999999999993
 49
6.3499999999999996
 74
0
 49
-3.1749999999999998
 74
0
 49
0.0
 74
0
 49
-3.1749999999999998
 74
0
  0
LTYPE
  5
39
100
AcDbSymbolTableRecord
100
AcDbLinetypeTableRecord
  2
DASHDOTX2
 70
0
  3
Dash dot (2x) ____  .  ____  .  ____  .  ___
 72
65
 73
4
 40
50.7999999999999972
 49
25.3999999999999986
 74
0
 49
-12.6999999999999993
 74
0
 49
0.0
 74
0
 49
-12.6999999999999993
 74
0
  0
LTYPE
  5
3A
100
AcDbSymbolTableRecord
100
AcDbLinetypeTableRecord
  2
DIVIDE
 70
0
  3
Divide ____ . . ____ . . ____ . . ____ . . ____
 72
65
 73
6
 40
31.75
 49
12.6999999999999993
 74
0
 49
-6.3499999999999996
 74
0
 49
0.0
 74
0
 49
-6.3499999999999996
 74
0
 49
0.0
 74
0
 49
-6.3499999999999996
 74
0
  0
LTYPE
  5
3B
100
AcDbSymbolTableRecord
100
AcDbLinetypeTableRecord
  2
DIVIDE2
 70
0
  3
Divide (.5x) __..__..__..__..__..__..__..__.._
 72
65
 73
6
 40
15.875
 49
6.3499999999999996
 74
0
 49
-3.1749999999999998
 74
0
 49
0.0
 74
0
 49
-3.1749999999999998
 74
0
 49
0.0
 74
0
 49
-3.1749999999999998
 74
0
  0
LTYPE
  5
3C
100
AcDbSymbolTableRecord
100
AcDbLinetypeTableRecord
  2
DIVIDEX2
 70
0
  3
Divide (2x) ________  .  .  ________  .  .  _
 72
65
 73
6
 40
63.5
 49
25.3999999999999986
 74
0
 49
-12.6999999999999993
 74
0
 49
0.0
 74
0
 49
-12.6999999999999993
 74
0
 49
0.0
 74
0
 49
-12.6999999999999993
 74
0
  0
LTYPE
  5
3D
100
AcDbSymbolTableRecord
100
AcDbLinetypeTableRecord
  2
CENTER
 70
0
  3
Center ____ _ ____ _ ____ _ ____ _ ____ _ ____
 72
65
 73
4
 40
50.7999999999999972
 49
31.75
 74
0
 49
-6.3499999999999996
 74
0
 49
6.3499999999999996
 74
0
 49
-6.3499999999999996
 74
0
  0
LTYPE
  5
3E
100
AcDbSymbolTableRecord
100
AcDbLinetypeTableRecord
  2
CENTER2
 70
0
  3
Center (.5x) ___ _ ___ _ ___ _ ___ _ ___ _ ___
 72
65
 73
4
 40
28.5749999999999993
 49
19.0500000000000007
 74
0
 49
-3.1749999999999998
 74
0
 49
3.1749999999999998
 74
0
 49
-3.1749999999999998
 74
0
  0
LTYPE
  5
3F
100
AcDbSymbolTableRecord
100
AcDbLinetypeTableRecord
  2
CENTERX2
 70
0
  3
Center (2x) ________  __  ________  __  _____
 72
65
 73
4
 40
101.5999999999999943
 49
63.5
 74
0
 49
-12.6999999999999993
 74
0
 49
12.6999999999999993
 74
0
 49
-12.6999999999999993
 74
0
  0
LTYPE
  5
40
100
AcDbSymbolTableRecord
100
AcDbLinetypeTableRecord
  2
BORDER
 70
0
  3
Border __ __ . __ __ . __ __ . __ __ . __ __ .
 72
65
 73
6
 40
44.4500000000000028
 49
12.6999999999999993
 74
0
 49
-6.3499999999999996
 74
0
 49
12.6999999999999993
 74
0
 49
-6.3499999999999996
 74
0
 49
0.0
 74
0
 49
-6.3499999999999996
 74
0
  0
LTYPE
  5
41
100
AcDbSymbolTableRecord
100
AcDbLinetypeTableRecord
  2
BORDER2
 70
0
  3
Border (.5x) __.__.__.__.__.__.__.__.__.__.__.
 72
65
 73
6
 40
22.2250000000000014
 49
6.3499999999999996
 74
0
 49
-3.1749999999999998
 74
0
 49
6.3499999999999996
 74
0
 49
-3.1749999999999998
 74
0
 49
0.0
 74
0
 49
-3.1749999999999998
 74
0
  0
LTYPE
  5
42
100
AcDbSymbolTableRecord
100
AcDbLinetypeTableRecord
  2
BORDERX2
 70
0
  3
Border (2x) ____  ____  .  ____  ____  .  ___
 72
65
 73
6
 40
88.9000000000000057
 49
25.3999999999999986
 74
0
 49
-12.6999999999999993
 74
0
 49
25.3999999999999986
 74
0
 49
-12.6999999999999993
 74
0
 49
0.0
 74
0
 49
-12.6999999999999993
 74
0
  0
ENDTAB
  0
TABLE
  2
LAYER
  5
2
100
AcDbSymbolTable
 70
2
  0
LAYER
  5
10
100
AcDbSymbolTableRecord
100
AcDbLayerTableRecord
  2
0
 70
0
 62
7
  6
CONTINUOUS
390
F
  0
LAYER
  5
43
100
AcDbSymbolTableRecord
100
AcDbLayerTableRecord
  2
tornillos
 70
0
 62
7
  6
CONTINUOUS
390
F
  0
ENDTAB
  0
TABLE
  2
STYLE
  5
3
100
AcDbSymbolTable
 70
1
  0
STYLE
  5
11
100
AcDbSymbolTableRecord
100
AcDbTextStyleTableRecord
  2
Standard
 70
0
 40
0.0
 41
1.0
 50
0.0
 71
0
 42
2.5
  3
txt
  4

  0
ENDTAB
  0
TABLE
  2
VIEW
  5
6
100
AcDbSymbolTable
 70
0
  0
ENDTAB
  0
TABLE
  2
UCS
  5
7
100
AcDbSymbolTable
 70
0
  0
ENDTAB
  0
TABLE
  2
APPID
  5
9
100
AcDbSymbolTable
 70
1
  0
APPID
  5
12
100
AcDbSymbolTableRecord
100
AcDbRegAppTableRecord
  2
ACAD
 70
0
  0
ENDTAB
  0
TABLE
  2
DIMSTYLE
  5
A
100
AcDbSymbolTable
 70
1
100
AcDbDimStyleTable
 71
0
  0
DIMSTYLE
105
27
100
AcDbSymbolTableRecord
100
AcDbDimStyleTableRecord
  2
Standard
 41
2.5
 42
0.625
 43
3.75
 44
1.25
 70
0
 73
0
 74
0
 77
1
 78
8
140
2.5
141
2.5
143
0.03937007874016
147
0.625
171
3
172
1
271
2
272
2
274
3
278
44
283
0
284
8
340
11
  0
ENDTAB
  0
TABLE
  2
BLOCK_RECORD
  5
1
100
AcDbSymbolTable
 70
1
  0
BLOCK_RECORD
  5
1F
100
AcDbSymbolTableRecord
100
AcDbBlockTableRecord
  2
*Model_Space
340
22
  0
BLOCK_RECORD
  5
1B
100
AcDbSymbolTableRecord
100
AcDbBlockTableRecord
  2
*Paper_Space
340
1E
  0
BLOCK_RECORD
  5
23
100
AcDbSymbolTableRecord
100
AcDbBlockTableRecord
  2
*Paper_Space0
340
26
  0
ENDTAB
  0
ENDSEC
  0
SECTION
  2
BLOCKS
  0
BLOCK
  5
20
100
AcDbEntity
  8
0
100
AcDbBlockBegin
  2
*Model_Space
 70
0
 10
0.0
 20
0.0
 30
0.0
  3
*Model_Space
  1

  0
ENDBLK
  5
21
100
AcDbEntity
  8
0
100
AcDbBlockEnd
  0
BLOCK
  5
1C
100
AcDbEntity
 67
1
  8
0
100
AcDbBlockBegin
  2
*Paper_Space
 70
0
 10
0.0
 20
0.0
 30
0.0
  3
*Paper_Space
  1

  0
ENDBLK
  5
1D
100
AcDbEntity
 67
1
  8
0
100
AcDbBlockEnd
  0
BLOCK
  5
24
100
AcDbEntity
  8
0
100
AcDbBlockBegin
  2
*Paper_Space0
 70
0
 10
0.0
 20
0.0
 30
0.0
  3
*Paper_Space0
  1

  0
ENDBLK
  5
25
100
AcDbEntity
  8
0
100
AcDbBlockEnd
  0
ENDSEC
  0
SECTION
  2
ENTITIES
  0
HATCH
  5
44
  8
tornillos
 62
8
370
-1
  6
ByLayer
100
AcDbEntity
100
AcDbHatch
 10
0.0
 20
0.0
 30
0.0
210
0.0
220
0.0
230
1.0
  2
SOLID
 70
1
 71
0
 91
1
 92
1
 93
5
 72
1
 10
127.7652670000000228
 20
646.0
 11
170.403806000000003
 21
646.0
 72
1
 10
170.403806000000003
 20
646.0
 11
170.403806000000003
 21
648.0
 72
1
 10
170.403806000000003
 20
648.0
 11
156.2616700000000094
 21
648.0
 72
1
 10
156.2616700000000094
 20
648.0
 11
127.7652670000000228
 21
648.0
 72
1
 10
127.7652670000000228
 20
648.0
 11
127.7652670000000228
 21
646.0
 97
0
 75
0
 76
1
 98
0
  0
HATCH
  5
45
  8
tornillos
 62
8
370
-1
  6
ByLayer
100
AcDbEntity
100
AcDbHatch
 10
0.0
 20
0.0
 30
0.0
210
0.0
220
0.0
230
1.0
  2
SOLID
 70
1
 71
0
 91
1
 92
1
 93
4
 72
1
 10
156.2616700000000094
 20
648.0
 11
170.403806000000003
 21
648.0
 72
1
 10
170.403806000000003
 20
648.0
 11
170.403806000000003
 21
669.4000000000000909
 72
1
 10
170.403806000000003
 20
669.4000000000000909
 11
156.2616700000000094
 21
669.4000000000000909
 72
1
 10
156.2616700000000094
 20
669.4000000000000909
 11
156.2616700000000094
 21
648.0
 97
0
 75
0
 76
1
 98
0
  0
HATCH
  5
46
  8
tornillos
 62
8
370
-1
  6
ByLayer
100
AcDbEntity
100
AcDbHatch
 10
0.0
 20
0.0
 30
0.0
210
0.0
220
0.0
230
1.0
  2
SOLID
 70
1
 71
0
 91
1
 92
1
 93
15
 72
1
 10
127.7652670000000228
 20
675.0
 11
127.7652670000000228
 21
679.0
 72
1
 10
127.7652670000000228
 20
679.0
 11
129.8543090000000291
 21
679.5213560000000825
 72
1
 10
129.8543090000000291
 20
679.5213560000000825
 11
139.7860819999999933
 21
682.0
 72
1
 10
139.7860819999999933
 20
682.0
 11
148.7616700000000094
 21
682.0
 72
1
 10
148.7616700000000094
 20
682.0
 11
163.7616700000000094
 21
682.0
 72
1
 10
163.7616700000000094
 20
682.0
 11
168.9895929999999851
 21
682.0
 72
1
 10
168.9895929999999851
 20
682.0
 11
170.403806000000003
 21
679.0
 72
1
 10
170.403806000000003
 20
679.0
 11
170.403806000000003
 21
675.0
 72
1
 10
170.403806000000003
 20
675.0
 11
175.0000000000000284
 21
675.0
 72
1
 10
175.0000000000000284
 20
675.0
 11
175.0000000000000284
 21
672.3999999999999773
 72
1
 10
175.0000000000000284
 20
672.3999999999999773
 11
162.2720779999999934
 21
672.3999999999999773
 72
1
 10
162.2720779999999934
 20
672.3999999999999773
 11
156.2616700000000094
 21
672.3999999999999773
 72
1
 10
156.2616700000000094
 20
672.3999999999999773
 11
123.0000000000000284
 21
672.3999999999999773
 72
1
 10
123.0000000000000284
 20
672.3999999999999773
 11
123.0000000000000284
 21
675.0
 72
1
 10
123.0000000000000284
 20
675.0
 11
127.7652670000000228
 21
675.0
 97
0
 75
0
 76
1
 98
0
  0
HATCH
  5
47
  8
tornillos
 62
8
370
-1
  6
ByLayer
100
AcDbEntity
100
AcDbHatch
 10
0.0
 20
0.0
 30
0.0
210
0.0
220
0.0
230
1.0
  2
SOLID
 70
1
 71
0
 91
1
 92
1
 93
4
 72
1
 10
127.7652670000000228
 20
669.4000000000000909
 11
156.2616700000000094
 21
669.4000000000000909
 72
1
 10
156.2616700000000094
 20
669.4000000000000909
 11
156.2616700000000094
 21
648.0
 72
1
 10
156.2616700000000094
 20
648.0
 11
127.7652670000000228
 21
648.0
 72
1
 10
127.7652670000000228
 20
648.0
 11
127.7652670000000228
 21
669.4000000000000909
 97
0
 75
0
 76
1
 98
0
  0
HATCH
  5
48
  8
tornillos
 62
8
370
-1
  6
ByLayer
100
AcDbEntity
100
AcDbHatch
 10
0.0
 20
0.0
 30
0.0
210
0.0
220
0.0
230
1.0
  2
SOLID
 70
1
 71
0
 91
1
 92
1
 93
7
 72
1
 10
170.403806000000003
 20
675.0
 11
170.403806000000003
 21
679.0
 72
1
 10
170.403806000000003
 20
679.0
 11
156.2616700000000094
 21
679.0
 72
1
 10
156.2616700000000094
 20
679.0
 11
156.2616700000000094
 21
675.0
 72
1
 10
156.2616700000000094
 20
675.0
 11
162.2720779999999934
 21
675.0
 72
1
 10
162.2720779999999934
 20
675.0
 11
162.8024079999999856
 21
675.0
 72
1
 10
162.8024079999999856
 20
675.0
 11
166.5147179999999878
 21
675.0
 72
1
 10
166.5147179999999878
 20
675.0
 11
170.403806000000003
 21
675.0
 97
0
 75
0
 76
1
 98
0
  0
HATCH
  5
49
  8
tornillos
 62
8
370
-1
  6
ByLayer
100
AcDbEntity
100
AcDbHatch
 10
0.0
 20
0.0
 30
0.0
210
0.0
220
0.0
230
1.0
  2
SOLID
 70
1
 71
0
 91
1
 92
1
 93
7
 72
1
 10
175.0000000000000284
 20
672.3999999999999773
 11
175.0000000000000284
 21
675.0
 72
1
 10
175.0000000000000284
 20
675.0
 11
170.403806000000003
 21
675.0
 72
1
 10
170.403806000000003
 20
675.0
 11
166.5147179999999878
 21
675.0
 72
1
 10
166.5147179999999878
 20
675.0
 11
162.8024079999999856
 21
675.0
 72
1
 10
162.8024079999999856
 20
675.0
 11
162.2720779999999934
 21
675.0
 72
1
 10
162.2720779999999934
 20
675.0
 11
162.2720779999999934
 21
672.3999999999999773
 72
1
 10
162.2720779999999934
 20
672.3999999999999773
 11
175.0000000000000284
 21
672.3999999999999773
 97
0
 75
0
 76
1
 98
0
  0
HATCH
  5
4A
  8
tornillos
 62
8
370
-1
  6
ByLayer
100
AcDbEntity
100
AcDbHatch
 10
0.0
 20
0.0
 30
0.0
210
0.0
220
0.0
230
1.0
  2
SOLID
 70
1
 71
0
 91
1
 92
1
 93
5
 72
1
 10
168.9895929999999851
 20
682.0
 11
170.403806000000003
 21
679.0
 72
1
 10
170.403806000000003
 20
679.0
 11
156.2616700000000094
 21
679.0
 72
1
 10
156.2616700000000094
 20
679.0
 11
154.847455999999994
 21
682.0
 72
1
 10
154.847455999999994
 20
682.0
 11
163.7616700000000094
 21
682.0
 72
1
 10
163.7616700000000094
 20
682.0
 11
168.9895929999999851
 21
682.0
 97
0
 75
0
 76
1
 98
0
  0
HATCH
  5
4B
  8
tornillos
 62
8
370
-1
  6
ByLayer
100
AcDbEntity
100
AcDbHatch
 10
0.0
 20
0.0
 30
0.0
210
0.0
220
0.0
230
1.0
  2
SOLID
 70
1
 71
0
 91
1
 92
1
 93
4
 72
1
 10
166.5147179999999878
 20
675.0
 11
163.8630680000000268
 21
677.1797809999999345
 72
1
 10
163.8630680000000268
 20
677.1797809999999345
 11
162.8024079999999856
 21
677.1797809999999345
 72
1
 10
162.8024079999999856
 20
677.1797809999999345
 11
162.8024079999999856
 21
675.0
 72
1
 10
162.8024079999999856
 20
675.0
 11
166.5147179999999878
 21
675.0
 97
0
 75
0
 76
1
 98
0
  0
HATCH
  5
4C
  8
tornillos
 62
8
370
-1
  6
ByLayer
100
AcDbEntity
100
AcDbHatch
 10
0.0
 20
0.0
 30
0.0
210
0.0
220
0.0
230
1.0
  2
SOLID
 70
1
 71
0
 91
1
 92
1
 93
4
 72
1
 10
153.2616700000000094
 20
691.0
 11
151.7616700000000094
 21
690.0
 72
1
 10
151.7616700000000094
 20
690.0
 11
160.7616700000000094
 21
690.0
 72
1
 10
160.7616700000000094
 20
690.0
 11
159.2616700000000094
 21
691.0
 72
1
 10
159.2616700000000094
 20
691.0
 11
153.2616700000000094
 21
691.0
 97
0
 75
0
 76
1
 98
0
  0
HATCH
  5
4D
  8
tornillos
 62
8
370
-1
  6
ByLayer
100
AcDbEntity
100
AcDbHatch
 10
0.0
 20
0.0
 30
0.0
210
0.0
220
0.0
230
1.0
  2
SOLID
 70
1
 71
0
 91
1
 92
1
 93
4
 72
1
 10
148.7616700000000094
 20
682.0
 11
163.7616700000000094
 21
682.0
 72
1
 10
163.7616700000000094
 20
682.0
 11
161.2616700000000094
 21
684.0
 72
1
 10
161.2616700000000094
 20
684.0
 11
151.2616700000000094
 21
684.0
 72
1
 10
151.2616700000000094
 20
684.0
 11
148.7616700000000094
 21
682.0
 97
0
 75
0
 76
1
 98
0
  0
HATCH
  5
4E
  8
tornillos
 62
8
370
-1
  6
ByLayer
100
AcDbEntity
100
AcDbHatch
 10
0.0
 20
0.0
 30
0.0
210
0.0
220
0.0
230
1.0
  2
SOLID
 70
1
 71
0
 91
1
 92
1
 93
3
 72
1
 10
129.8543090000000291
 20
679.5213560000000825
 11
132.0079080000000147
 21
682.0
 72
1
 10
132.0079080000000147
 20
682.0
 11
139.7860819999999933
 21
682.0
 72
1
 10
139.7860819999999933
 20
682.0
 11
129.8543090000000291
 21
679.5213560000000825
 97
0
 75
0
 76
1
 98
0
  0
HATCH
  5
4F
  8
tornillos
 62
8
370
-1
  6
ByLayer
100
AcDbEntity
100
AcDbHatch
 10
0.0
 20
0.0
 30
0.0
210
0.0
220
0.0
230
1.0
  2
SOLID
 70
1
 71
0
 91
1
 92
1
 93
6
 72
1
 10
145.7616700000000094
 20
688.0
 11
166.7616700000000094
 21
688.0
 72
1
 10
166.7616700000000094
 20
688.0
 11
166.7616700000000094
 21
690.0
 72
1
 10
166.7616700000000094
 20
690.0
 11
160.7616700000000094
 21
690.0
 72
1
 10
160.7616700000000094
 20
690.0
 11
151.7616700000000094
 21
690.0
 72
1
 10
151.7616700000000094
 20
690.0
 11
145.7616700000000094
 21
690.0
 72
1
 10
145.7616700000000094
 20
690.0
 11
145.7616700000000094
 21
688.0
 97
0
 75
0
 76
1
 98
0
  0
HATCH
  5
50
  8
tornillos
 62
8
370
-1
  6
ByLayer
100
AcDbEntity
100
AcDbHatch
 10
0.0
 20
0.0
 30
0.0
210
0.0
220
0.0
230
1.0
  2
SOLID
 70
1
 71
0
 91
1
 92
1
 93
4
 72
1
 10
153.5599650000000054
 20
755.153609000000074
 11
156.2558689999999899
 21
754.5098110000000133
 72
1
 10
156.2558689999999899
 20
754.5098110000000133
 11
158.9586599999999805
 21
755.1583239999999932
 72
1
 10
158.9586599999999805
 20
755.1583239999999932
 11
156.2616700000000094
 21
757.8553140000000212
 72
1
 10
156.2616700000000094
 20
757.8553140000000212
 11
153.5599650000000054
 21
755.153609000000074
 97
0
 75
0
 76
1
 98
0
  0
HATCH
  5
51
  8
tornillos
 62
8
370
-1
  6
ByLayer
100
AcDbEntity
100
AcDbHatch
 10
0.0
 20
0.0
 30
0.0
210
0.0
220
0.0
230
1.0
  2
SOLID
 70
1
 71
0
 91
1
 92
1
 93
5
 72
2
 10
141.9074020000000189
 20
716.6309880000000021
 40
1.0
 50
225.0
 51
315.0
 73
1
 72
1
 10
142.6145090000000266
 20
715.9238810000000512
 11
157.3239759999999876
 21
730.6333479999999554
 72
1
 10
157.3239759999999876
 20
730.6333479999999554
 11
156.2494820000000288
 21
731.3103709999999182
 72
1
 10
156.2494820000000288
 20
731.3103709999999182
 11
137.5468140000000119
 21
719.5773639999999887
 72
1
 10
137.5468140000000119
 20
719.5773639999999887
 11
141.2002960000000087
 21
715.923881999999935
 97
0
 75
0
 76
1
 98
0
  0
HATCH
  5
52
  8
tornillos
 62
8
370
-1
  6
ByLayer
100
AcDbEntity
100
AcDbHatch
 10
0.0
 20
0.0
 30
0.0
210
0.0
220
0.0
230
1.0
  2
SOLID
 70
1
 71
0
 91
1
 92
1
 93
5
 72
2
 10
214.2616700000000094
 20
716.6309880000000021
 40
1.0
 50
225.0
 51
315.0
 73
1
 72
1
 10
214.9687770000000171
 20
715.9238810000000512
 11
229.6782440000000349
 21
730.6333479999999554
 72
1
 10
229.6782440000000349
 20
730.6333479999999554
 11
228.6037500000000193
 21
731.3103709999999182
 72
1
 10
228.6037500000000193
 20
731.3103709999999182
 11
209.9010820000000024
 21
719.5773639999999887
 72
1
 10
209.9010820000000024
 20
719.5773639999999887
 11
213.5545639999999992
 21
715.923881999999935
 97
0
 75
0
 76
1
 98
0
  0
HATCH
  5
53
  8
tornillos
 62
8
370
-1
  6
ByLayer
100
AcDbEntity
100
AcDbHatch
 10
0.0
 20
0.0
 30
0.0
210
0.0
220
0.0
230
1.0
  2
SOLID
 70
1
 71
0
 91
1
 92
1
 93
4
 72
1
 10
225.9142329999999959
 20
755.153609000000074
 11
228.6101370000000372
 21
754.5098110000000133
 72
1
 10
228.6101370000000372
 20
754.5098110000000133
 11
231.3129280000000279
 21
755.1583239999999932
 72
1
 10
231.3129280000000279
 20
755.1583239999999932
 11
228.6159379999999999
 21
757.8553140000000212
 72
1
 10
228.6159379999999999
 20
757.8553140000000212
 11
225.9142329999999959
 21
755.153609000000074
 97
0
 75
0
 76
1
 98
0
  0
HATCH
  5
54
  8
tornillos
 62
8
370
-1
  6
ByLayer
100
AcDbEntity
100
AcDbHatch
 10
0.0
 20
0.0
 30
0.0
210
0.0
220
0.0
230
1.0
  2
SOLID
 70
1
 71
0
 91
1
 92
1
 93
6
 72
1
 10
218.1159379999999999
 20
688.0
 11
239.1159379999999999
 21
688.0
 72
1
 10
239.1159379999999999
 20
688.0
 11
239.1159379999999999
 21
690.0
 72
1
 10
239.1159379999999999
 20
690.0
 11
233.1159379999999999
 21
690.0
 72
1
 10
233.1159379999999999
 20
690.0
 11
224.1159379999999999
 21
690.0
 72
1
 10
224.1159379999999999
 20
690.0
 11
218.1159379999999999
 21
690.0
 72
1
 10
218.1159379999999999
 20
690.0
 11
218.1159379999999999
 21
688.0
 97
0
 75
0
 76
1
 98
0
  0
HATCH
  5
55
  8
tornillos
 62
8
370
-1
  6
ByLayer
100
AcDbEntity
100
AcDbHatch
 10
0.0
 20
0.0
 30
0.0
210
0.0
220
0.0
230
1.0
  2
SOLID
 70
1
 71
0
 91
1
 92
1
 93
3
 72
1
 10
202.2085770000000196
 20
679.5213560000000825
 11
204.3621760000000052
 21
682.0
 72
1
 10
204.3621760000000052
 20
682.0
 11
212.1403500000000406
 21
682.0
 72
1
 10
212.1403500000000406
 20
682.0
 11
202.2085770000000196
 21
679.5213560000000825
 97
0
 75
0
 76
1
 98
0
  0
HATCH
  5
56
  8
tornillos
 62
8
370
-1
  6
ByLayer
100
AcDbEntity
100
AcDbHatch
 10
0.0
 20
0.0
 30
0.0
210
0.0
220
0.0
230
1.0
  2
SOLID
 70
1
 71
0
 91
1
 92
1
 93
4
 72
1
 10
221.1159379999999999
 20
682.0
 11
236.1159379999999999
 21
682.0
 72
1
 10
236.1159379999999999
 20
682.0
 11
233.6159379999999999
 21
684.0
 72
1
 10
233.6159379999999999
 20
684.0
 11
223.6159379999999999
 21
684.0
 72
1
 10
223.6159379999999999
 20
684.0
 11
221.1159379999999999
 21
682.0
 97
0
 75
0
 76
1
 98
0
  0
HATCH
  5
57
  8
tornillos
 62
8
370
-1
  6
ByLayer
100
AcDbEntity
100
AcDbHatch
 10
0.0
 20
0.0
 30
0.0
210
0.0
220
0.0
230
1.0
  2
SOLID
 70
1
 71
0
 91
1
 92
1
 93
4
 72
1
 10
225.6159379999999999
 20
691.0
 11
224.1159379999999999
 21
690.0
 72
1
 10
224.1159379999999999
 20
690.0
 11
233.1159379999999999
 21
690.0
 72
1
 10
233.1159379999999999
 20
690.0
 11
231.6159379999999999
 21
691.0
 72
1
 10
231.6159379999999999
 20
691.0
 11
225.6159379999999999
 21
691.0
 97
0
 75
0
 76
1
 98
0
  0
HATCH
  5
58
  8
tornillos
 62
8
370
-1
  6
ByLayer
100
AcDbEntity
100
AcDbHatch
 10
0.0
 20
0.0
 30
0.0
210
0.0
220
0.0
230
1.0
  2
SOLID
 70
1
 71
0
 91
1
 92
1
 93
4
 72
1
 10
238.8689860000000351
 20
675.0
 11
236.2173360000000173
 21
677.1797809999999345
 72
1
 10
236.2173360000000173
 20
677.1797809999999345
 11
235.1566760000000329
 21
677.1797809999999345
 72
1
 10
235.1566760000000329
 20
677.1797809999999345
 11
235.1566760000000329
 21
675.0
 72
1
 10
235.1566760000000329
 20
675.0
 11
238.8689860000000351
 21
675.0
 97
0
 75
0
 76
1
 98
0
  0
HATCH
  5
59
  8
tornillos
 62
8
370
-1
  6
ByLayer
100
AcDbEntity
100
AcDbHatch
 10
0.0
 20
0.0
 30
0.0
210
0.0
220
0.0
230
1.0
  2
SOLID
 70
1
 71
0
 91
1
 92
1
 93
5
 72
1
 10
241.3438610000000324
 20
682.0
 11
242.7580739999999935
 21
679.0
 72
1
 10
242.7580739999999935
 20
679.0
 11
228.6159379999999999
 21
679.0
 72
1
 10
228.6159379999999999
 20
679.0
 11
227.2017240000000413
 21
682.0
 72
1
 10
227.2017240000000413
 20
682.0
 11
236.1159379999999999
 21
682.0
 72
1
 10
236.1159379999999999
 20
682.0
 11
241.3438610000000324
 21
682.0
 97
0
 75
0
 76
1
 98
0
  0
HATCH
  5
5A
  8
tornillos
 62
8
370
-1
  6
ByLayer
100
AcDbEntity
100
AcDbHatch
 10
0.0
 20
0.0
 30
0.0
210
0.0
220
0.0
230
1.0
  2
SOLID
 70
1
 71
0
 91
1
 92
1
 93
7
 72
1
 10
247.3542680000000189
 20
672.3999999999999773
 11
247.3542680000000189
 21
675.0
 72
1
 10
247.3542680000000189
 20
675.0
 11
242.7580739999999935
 21
675.0
 72
1
 10
242.7580739999999935
 20
675.0
 11
238.8689860000000351
 21
675.0
 72
1
 10
238.8689860000000351
 20
675.0
 11
235.1566760000000329
 21
675.0
 72
1
 10
235.1566760000000329
 20
675.0
 11
234.6263460000000407
 21
675.0
 72
1
 10
234.6263460000000407
 20
675.0
 11
234.6263460000000407
 21
672.3999999999999773
 72
1
 10
234.6263460000000407
 20
672.3999999999999773
 11
247.3542680000000189
 21
672.3999999999999773
 97
0
 75
0
 76
1
 98
0
  0
HATCH
  5
5B
  8
tornillos
 62
8
370
-1
  6
ByLayer
100
AcDbEntity
100
AcDbHatch
 10
0.0
 20
0.0
 30
0.0
210
0.0
220
0.0
230
1.0
  2
SOLID
 70
1
 71
0
 91
1
 92
1
 93
7
 72
1
 10
242.7580739999999935
 20
675.0
 11
242.7580739999999935
 21
679.0
 72
1
 10
242.7580739999999935
 20
679.0
 11
228.6159379999999999
 21
679.0
 72
1
 10
228.6159379999999999
 20
679.0
 11
228.6159379999999999
 21
675.0
 72
1
 10
228.6159379999999999
 20
675.0
 11
234.6263460000000407
 21
675.0
 72
1
 10
234.6263460000000407
 20
675.0
 11
235.1566760000000329
 21
675.0
 72
1
 10
235.1566760000000329
 20
675.0
 11
238.8689860000000351
 21
675.0
 72
1
 10
238.8689860000000351
 20
675.0
 11
242.7580739999999935
 21
675.0
 97
0
 75
0
 76
1
 98
0
  0
HATCH
  5
5C
  8
tornillos
 62
8
370
-1
  6
ByLayer
100
AcDbEntity
100
AcDbHatch
 10
0.0
 20
0.0
 30
0.0
210
0.0
220
0.0
230
1.0
  2
SOLID
 70
1
 71
0
 91
1
 92
1
 93
4
 72
1
 10
200.1195350000000133
 20
669.4000000000000909
 11
228.6159379999999999
 21
669.4000000000000909
 72
1
 10
228.6159379999999999
 20
669.4000000000000909
 11
228.6159379999999999
 21
648.0
 72
1
 10
228.6159379999999999
 20
648.0
 11
200.1195350000000133
 21
648.0
 72
1
 10
200.1195350000000133
 20
648.0
 11
200.1195350000000133
 21
669.4000000000000909
 97
0
 75
0
 76
1
 98
0
  0
HATCH
  5
5D
  8
tornillos
 62
8
370
-1
  6
ByLayer
100
AcDbEntity
100
AcDbHatch
 10
0.0
 20
0.0
 30
0.0
210
0.0
220
0.0
230
1.0
  2
SOLID
 70
1
 71
0
 91
1
 92
1
 93
15
 72
1
 10
200.1195350000000133
 20
675.0
 11
200.1195350000000133
 21
679.0
 72
1
 10
200.1195350000000133
 20
679.0
 11
202.2085770000000196
 21
679.5213560000000825
 72
1
 10
202.2085770000000196
 20
679.5213560000000825
 11
212.1403500000000406
 21
682.0
 72
1
 10
212.1403500000000406
 20
682.0
 11
221.1159379999999999
 21
682.0
 72
1
 10
221.1159379999999999
 20
682.0
 11
236.1159379999999999
 21
682.0
 72
1
 10
236.1159379999999999
 20
682.0
 11
241.3438610000000324
 21
682.0
 72
1
 10
241.3438610000000324
 20
682.0
 11
242.7580739999999935
 21
679.0
 72
1
 10
242.7580739999999935
 20
679.0
 11
242.7580739999999935
 21
675.0
 72
1
 10
242.7580739999999935
 20
675.0
 11
247.3542680000000189
 21
675.0
 72
1
 10
247.3542680000000189
 20
675.0
 11
247.3542680000000189
 21
672.3999999999999773
 72
1
 10
247.3542680000000189
 20
672.3999999999999773
 11
234.6263460000000407
 21
672.3999999999999773
 72
1
 10
234.6263460000000407
 20
672.3999999999999773
 11
228.6159379999999999
 21
672.3999999999999773
 72
1
 10
228.6159379999999999
 20
672.3999999999999773
 11
195.3542680000000189
 21
672.3999999999999773
 72
1
 10
195.3542680000000189
 20
672.3999999999999773
 11
195.3542680000000189
 21
675.0
 72
1
 10
195.3542680000000189
 20
675.0
 11
200.1195350000000133
 21
675.0
 97
0
 75
0
 76
1
 98
0
  0
HATCH
  5
5E
  8
tornillos
 62
8
370
-1
  6
ByLayer
100
AcDbEntity
100
AcDbHatch
 10
0.0
 20
0.0
 30
0.0
210
0.0
220
0.0
230
1.0
  2
SOLID
 70
1
 71
0
 91
1
 92
1
 93
4
 72
1
 10
228.6159379999999999
 20
648.0
 11
242.7580739999999935
 21
648.0
 72
1
 10
242.7580739999999935
 20
648.0
 11
242.7580739999999935
 21
669.4000000000000909
 72
1
 10
242.7580739999999935
 20
669.4000000000000909
 11
228.6159379999999999
 21
669.4000000000000909
 72
1
 10
228.6159379999999999
 20
669.4000000000000909
 11
228.6159379999999999
 21
648.0
 97
0
 75
0
 76
1
 98
0
  0
HATCH
  5
5F
  8
tornillos
 62
8
370
-1
  6
ByLayer
100
AcDbEntity
100
AcDbHatch
 10
0.0
 20
0.0
 30
0.0
210
0.0
220
0.0
230
1.0
  2
SOLID
 70
1
 71
0
 91
1
 92
1
 93
5
 72
1
 10
200.1195350000000133
 20
646.0
 11
242.7580739999999935
 21
646.0
 72
1
 10
242.7580739999999935
 20
646.0
 11
242.7580739999999935
 21
648.0
 72
1
 10
242.7580739999999935
 20
648.0
 11
228.6159379999999999
 21
648.0
 72
1
 10
228.6159379999999999
 20
648.0
 11
200.1195350000000133
 21
648.0
 72
1
 10
200.1195350000000133
 20
648.0
 11
200.1195350000000133
 21
646.0
 97
0
 75
0
 76
1
 98
0
  0
HATCH
  5
60
  8
tornillos
 62
8
370
-1
  6
ByLayer
100
AcDbEntity
100
AcDbHatch
 10
0.0
 20
0.0
 30
0.0
210
0.0
220
0.0
230
1.0
  2
SOLID
 70
1
 71
0
 91
1
 92
1
 93
5
 72
2
 10
286.615938000000142
 20
716.6309880000000021
 40
1.0
 50
225.0
 51
315.0
 73
1
 72
1
 10
287.3230450000000928
 20
715.9238810000000512
 11
302.0325120000001107
 21
730.6333479999999554
 72
1
 10
302.0325120000001107
 20
730.6333479999999554
 11
300.9580180000001519
 21
731.3103709999999182
 72
1
 10
300.9580180000001519
 20
731.3103709999999182
 11
282.255350000000135
 21
719.5773639999999887
 72
1
 10
282.255350000000135
 20
719.5773639999999887
 11
285.9088320000000749
 21
715.923881999999935
 97
0
 75
0
 76
1
 98
0
  0
HATCH
  5
61
  8
tornillos
 62
8
370
-1
  6
ByLayer
100
AcDbEntity
100
AcDbHatch
 10
0.0
 20
0.0
 30
0.0
210
0.0
220
0.0
230
1.0
  2
SOLID
 70
1
 71
0
 91
1
 92
1
 93
4
 72
1
 10
298.2685010000001284
 20
755.153609000000074
 11
300.9644050000000561
 21
754.5098110000000133
 72
1
 10
300.9644050000000561
 20
754.5098110000000133
 11
303.6671960000001036
 21
755.1583239999999932
 72
1
 10
303.6671960000001036
 20
755.1583239999999932
 11
300.9702060000000756
 21
757.8553140000000212
 72
1
 10
300.9702060000000756
 20
757.8553140000000212
 11
298.2685010000001284
 21
755.153609000000074
 97
0
 75
0
 76
1
 98
0
  0
HATCH
  5
62
  8
tornillos
 62
8
370
-1
  6
ByLayer
100
AcDbEntity
100
AcDbHatch
 10
0.0
 20
0.0
 30
0.0
210
0.0
220
0.0
230
1.0
  2
SOLID
 70
1
 71
0
 91
1
 92
1
 93
6
 72
1
 10
290.4702060000000756
 20
688.0
 11
311.4702060000000756
 21
688.0
 72
1
 10
311.4702060000000756
 20
688.0
 11
311.4702060000000756
 21
690.0
 72
1
 10
311.4702060000000756
 20
690.0
 11
305.4702060000000756
 21
690.0
 72
1
 10
305.4702060000000756
 20
690.0
 11
296.4702060000000756
 21
690.0
 72
1
 10
296.4702060000000756
 20
690.0
 11
290.4702060000000756
 21
690.0
 72
1
 10
290.4702060000000756
 20
690.0
 11
290.4702060000000756
 21
688.0
 97
0
 75
0
 76
1
 98
0
  0
HATCH
  5
63
  8
tornillos
 62
8
370
-1
  6
ByLayer
100
AcDbEntity
100
AcDbHatch
 10
0.0
 20
0.0
 30
0.0
210
0.0
220
0.0
230
1.0
  2
SOLID
 70
1
 71
0
 91
1
 92
1
 93
3
 72
1
 10
274.5628450000001521
 20
679.5213560000000825
 11
276.7164440000001377
 21
682.0
 72
1
 10
276.7164440000001377
 20
682.0
 11
284.4946180000000595
 21
682.0
 72
1
 10
284.4946180000000595
 20
682.0
 11
274.5628450000001521
 21
679.5213560000000825
 97
0
 75
0
 76
1
 98
0
  0
HATCH
  5
64
  8
tornillos
 62
8
370
-1
  6
ByLayer
100
AcDbEntity
100
AcDbHatch
 10
0.0
 20
0.0
 30
0.0
210
0.0
220
0.0
230
1.0
  2
SOLID
 70
1
 71
0
 91
1
 92
1
 93
4
 72
1
 10
293.4702060000000756
 20
682.0
 11
308.4702060000000756
 21
682.0
 72
1
 10
308.4702060000000756
 20
682.0
 11
305.9702060000000756
 21
684.0
 72
1
 10
305.9702060000000756
 20
684.0
 11
295.9702060000000756
 21
684.0
 72
1
 10
295.9702060000000756
 20
684.0
 11
293.4702060000000756
 21
682.0
 97
0
 75
0
 76
1
 98
0
  0
HATCH
  5
65
  8
tornillos
 62
8
370
-1
  6
ByLayer
100
AcDbEntity
100
AcDbHatch
 10
0.0
 20
0.0
 30
0.0
210
0.0
220
0.0
230
1.0
  2
SOLID
 70
1
 71
0
 91
1
 92
1
 93
4
 72
1
 10
297.9702060000000756
 20
691.0
 11
296.4702060000000756
 21
690.0
 72
1
 10
296.4702060000000756
 20
690.0
 11
305.4702060000000756
 21
690.0
 72
1
 10
305.4702060000000756
 20
690.0
 11
303.9702060000000756
 21
691.0
 72
1
 10
303.9702060000000756
 20
691.0
 11
297.9702060000000756
 21
691.0
 97
0
 75
0
 76
1
 98
0
  0
HATCH
  5
66
  8
tornillos
 62
8
370
-1
  6
ByLayer
100
AcDbEntity
100
AcDbHatch
 10
0.0
 20
0.0
 30
0.0
210
0.0
220
0.0
230
1.0
  2
SOLID
 70
1
 71
0
 91
1
 92
1
 93
4
 72
1
 10
311.2232540000001109
 20
675.0
 11
308.571604000000093
 21
677.1797809999999345
 72
1
 10
308.571604000000093
 20
677.1797809999999345
 11
307.5109440000001086
 21
677.1797809999999345
 72
1
 10
307.5109440000001086
 20
677.1797809999999345
 11
307.5109440000001086
 21
675.0
 72
1
 10
307.5109440000001086
 20
675.0
 11
311.2232540000001109
 21
675.0
 97
0
 75
0
 76
1
 98
0
  0
HATCH
  5
67
  8
tornillos
 62
8
370
-1
  6
ByLayer
100
AcDbEntity
100
AcDbHatch
 10
0.0
 20
0.0
 30
0.0
210
0.0
220
0.0
230
1.0
  2
SOLID
 70
1
 71
0
 91
1
 92
1
 93
5
 72
1
 10
313.6981290000001081
 20
682.0
 11
315.1123420000001261
 21
679.0
 72
1
 10
315.1123420000001261
 20
679.0
 11
300.9702060000000756
 21
679.0
 72
1
 10
300.9702060000000756
 20
679.0
 11
299.5559920000000602
 21
682.0
 72
1
 10
299.5559920000000602
 20
682.0
 11
308.4702060000000756
 21
682.0
 72
1
 10
308.4702060000000756
 20
682.0
 11
313.6981290000001081
 21
682.0
 97
0
 75
0
 76
1
 98
0
  0
HATCH
  5
68
  8
tornillos
 62
8
370
-1
  6
ByLayer
100
AcDbEntity
100
AcDbHatch
 10
0.0
 20
0.0
 30
0.0
210
0.0
220
0.0
230
1.0
  2
SOLID
 70
1
 71
0
 91
1
 92
1
 93
7
 72
1
 10
319.7085360000000946
 20
672.3999999999999773
 11
319.7085360000000946
 21
675.0
 72
1
 10
319.7085360000000946
 20
675.0
 11
315.1123420000001261
 21
675.0
 72
1
 10
315.1123420000001261
 20
675.0
 11
311.2232540000001109
 21
675.0
 72
1
 10
311.2232540000001109
 20
675.0
 11
307.5109440000001086
 21
675.0
 72
1
 10
307.5109440000001086
 20
675.0
 11
306.9806140000000596
 21
675.0
 72
1
 10
306.9806140000000596
 20
675.0
 11
306.9806140000000596
 21
672.3999999999999773
 72
1
 10
306.9806140000000596
 20
672.3999999999999773
 11
319.7085360000000946
 21
672.3999999999999773
 97
0
 75
0
 76
1
 98
0
  0
HATCH
  5
69
  8
tornillos
 62
8
370
-1
  6
ByLayer
100
AcDbEntity
100
AcDbHatch
 10
0.0
 20
0.0
 30
0.0
210
0.0
220
0.0
230
1.0
  2
SOLID
 70
1
 71
0
 91
1
 92
1
 93
7
 72
1
 10
315.1123420000001261
 20
675.0
 11
315.1123420000001261
 21
679.0
 72
1
 10
315.1123420000001261
 20
679.0
 11
300.9702060000000756
 21
679.0
 72
1
 10
300.9702060000000756
 20
679.0
 11
300.9702060000000756
 21
675.0
 72
1
 10
300.9702060000000756
 20
675.0
 11
306.9806140000000596
 21
675.0
 72
1
 10
306.9806140000000596
 20
675.0
 11
307.5109440000001086
 21
675.0
 72
1
 10
307.5109440000001086
 20
675.0
 11
311.2232540000001109
 21
675.0
 72
1
 10
311.2232540000001109
 20
675.0
 11
315.1123420000001261
 21
675.0
 97
0
 75
0
 76
1
 98
0
  0
HATCH
  5
6A
  8
tornillos
 62
8
370
-1
  6
ByLayer
100
AcDbEntity
100
AcDbHatch
 10
0.0
 20
0.0
 30
0.0
210
0.0
220
0.0
230
1.0
  2
SOLID
 70
1
 71
0
 91
1
 92
1
 93
4
 72
1
 10
272.473803000000089
 20
669.4000000000000909
 11
300.9702060000000756
 21
669.4000000000000909
 72
1
 10
300.9702060000000756
 20
669.4000000000000909
 11
300.9702060000000756
 21
648.0
 72
1
 10
300.9702060000000756
 20
648.0
 11
272.473803000000089
 21
648.0
 72
1
 10
272.473803000000089
 20
648.0
 11
272.473803000000089
 21
669.4000000000000909
 97
0
 75
0
 76
1
 98
0
  0
HATCH
  5
6B
  8
tornillos
 62
8
370
-1
  6
ByLayer
100
AcDbEntity
100
AcDbHatch
 10
0.0
 20
0.0
 30
0.0
210
0.0
220
0.0
230
1.0
  2
SOLID
 70
1
 71
0
 91
1
 92
1
 93
15
 72
1
 10
272.473803000000089
 20
675.0
 11
272.473803000000089
 21
679.0
 72
1
 10
272.473803000000089
 20
679.0
 11
274.5628450000001521
 21
679.5213560000000825
 72
1
 10
274.5628450000001521
 20
679.5213560000000825
 11
284.4946180000000595
 21
682.0
 72
1
 10
284.4946180000000595
 20
682.0
 11
293.4702060000000756
 21
682.0
 72
1
 10
293.4702060000000756
 20
682.0
 11
308.4702060000000756
 21
682.0
 72
1
 10
308.4702060000000756
 20
682.0
 11
313.6981290000001081
 21
682.0
 72
1
 10
313.6981290000001081
 20
682.0
 11
315.1123420000001261
 21
679.0
 72
1
 10
315.1123420000001261
 20
679.0
 11
315.1123420000001261
 21
675.0
 72
1
 10
315.1123420000001261
 20
675.0
 11
319.7085360000000946
 21
675.0
 72
1
 10
319.7085360000000946
 20
675.0
 11
319.7085360000000946
 21
672.3999999999999773
 72
1
 10
319.7085360000000946
 20
672.3999999999999773
 11
306.9806140000000596
 21
672.3999999999999773
 72
1
 10
306.9806140000000596
 20
672.3999999999999773
 11
300.9702060000000756
 21
672.3999999999999773
 72
1
 10
300.9702060000000756
 20
672.3999999999999773
 11
267.7085360000000946
 21
672.3999999999999773
 72
1
 10
267.7085360000000946
 20
672.3999999999999773
 11
267.7085360000000946
 21
675.0
 72
1
 10
267.7085360000000946
 20
675.0
 11
272.473803000000089
 21
675.0
 97
0
 75
0
 76
1
 98
0
  0
HATCH
  5
6C
  8
tornillos
 62
8
370
-1
  6
ByLayer
100
AcDbEntity
100
AcDbHatch
 10
0.0
 20
0.0
 30
0.0
210
0.0
220
0.0
230
1.0
  2
SOLID
 70
1
 71
0
 91
1
 92
1
 93
4
 72
1
 10
300.9702060000000756
 20
648.0
 11
315.1123420000001261
 21
648.0
 72
1
 10
315.1123420000001261
 20
648.0
 11
315.1123420000001261
 21
669.4000000000000909
 72
1
 10
315.1123420000001261
 20
669.4000000000000909
 11
300.9702060000000756
 21
669.4000000000000909
 72
1
 10
300.9702060000000756
 20
669.4000000000000909
 11
300.9702060000000756
 21
648.0
 97
0
 75
0
 76
1
 98
0
  0
HATCH
  5
6D
  8
tornillos
 62
8
370
-1
  6
ByLayer
100
AcDbEntity
100
AcDbHatch
 10
0.0
 20
0.0
 30
0.0
210
0.0
220
0.0
230
1.0
  2
SOLID
 70
1
 71
0
 91
1
 92
1
 93
5
 72
1
 10
272.473803000000089
 20
646.0
 11
315.1123420000001261
 21
646.0
 72
1
 10
315.1123420000001261
 20
646.0
 11
315.1123420000001261
 21
648.0
 72
1
 10
315.1123420000001261
 20
648.0
 11
300.9702060000000756
 21
648.0
 72
1
 10
300.9702060000000756
 20
648.0
 11
272.473803000000089
 21
648.0
 72
1
 10
272.473803000000089
 20
648.0
 11
272.473803000000089
 21
646.0
 97
0
 75
0
 76
1
 98
0
  0
HATCH
  5
6E
  8
tornillos
 62
8
370
-1
  6
ByLayer
100
AcDbEntity
100
AcDbHatch
 10
0.0
 20
0.0
 30
0.0
210
0.0
220
0.0
230
1.0
  2
SOLID
 70
1
 71
0
 91
1
 92
1
 93
5
 72
2
 10
358.9702060000000756
 20
716.6309880000000021
 40
1.0
 50
225.0
 51
315.0
 73
1
 72
1
 10
359.6773130000001402
 20
715.9238810000000512
 11
374.386780000000158
 21
730.6333479999999554
 72
1
 10
374.386780000000158
 20
730.6333479999999554
 11
373.3122860000000856
 21
731.3103709999999182
 72
1
 10
373.3122860000000856
 20
731.3103709999999182
 11
354.6096180000001823
 21
719.5773639999999887
 72
1
 10
354.6096180000001823
 20
719.5773639999999887
 11
358.2631000000001222
 21
715.923881999999935
 97
0
 75
0
 76
1
 98
0
  0
HATCH
  5
6F
  8
tornillos
 62
8
370
-1
  6
ByLayer
100
AcDbEntity
100
AcDbHatch
 10
0.0
 20
0.0
 30
0.0
210
0.0
220
0.0
230
1.0
  2
SOLID
 70
1
 71
0
 91
1
 92
1
 93
4
 72
1
 10
370.6227690000001758
 20
755.153609000000074
 11
373.3186730000001035
 21
754.5098110000000133
 72
1
 10
373.3186730000001035
 20
754.5098110000000133
 11
376.0214640000000372
 21
755.1583239999999932
 72
1
 10
376.0214640000000372
 20
755.1583239999999932
 11
373.3244740000001229
 21
757.8553140000000212
 72
1
 10
373.3244740000001229
 20
757.8553140000000212
 11
370.6227690000001758
 21
755.153609000000074
 97
0
 75
0
 76
1
 98
0
  0
HATCH
  5
70
  8
tornillos
 62
8
370
-1
  6
ByLayer
100
AcDbEntity
100
AcDbHatch
 10
0.0
 20
0.0
 30
0.0
210
0.0
220
0.0
230
1.0
  2
SOLID
 70
1
 71
0
 91
1
 92
1
 93
6
 72
1
 10
362.8244740000001229
 20
688.0
 11
383.8244740000000093
 21
688.0
 72
1
 10
383.8244740000000093
 20
688.0
 11
383.8244740000000093
 21
690.0
 72
1
 10
383.8244740000000093
 20
690.0
 11
377.8244740000000093
 21
690.0
 72
1
 10
377.8244740000000093
 20
690.0
 11
368.8244740000001229
 21
690.0
 72
1
 10
368.8244740000001229
 20
690.0
 11
362.8244740000001229
 21
690.0
 72
1
 10
362.8244740000001229
 20
690.0
 11
362.8244740000001229
 21
688.0
 97
0
 75
0
 76
1
 98
0
  0
HATCH
  5
71
  8
tornillos
 62
8
370
-1
  6
ByLayer
100
AcDbEntity
100
AcDbHatch
 10
0.0
 20
0.0
 30
0.0
210
0.0
220
0.0
230
1.0
  2
SOLID
 70
1
 71
0
 91
1
 92
1
 93
3
 72
1
 10
346.9171130000000858
 20
679.5213560000000825
 11
349.0707120000001851
 21
682.0
 72
1
 10
349.0707120000001851
 20
682.0
 11
356.8488860000001068
 21
682.0
 72
1
 10
356.8488860000001068
 20
682.0
 11
346.9171130000000858
 21
679.5213560000000825
 97
0
 75
0
 76
1
 98
0
  0
HATCH
  5
72
  8
tornillos
 62
8
370
-1
  6
ByLayer
100
AcDbEntity
100
AcDbHatch
 10
0.0
 20
0.0
 30
0.0
210
0.0
220
0.0
230
1.0
  2
SOLID
 70
1
 71
0
 91
1
 92
1
 93
4
 72
1
 10
365.8244740000001229
 20
682.0
 11
380.8244740000000093
 21
682.0
 72
1
 10
380.8244740000000093
 20
682.0
 11
378.3244740000000093
 21
684.0
 72
1
 10
378.3244740000000093
 20
684.0
 11
368.3244740000001229
 21
684.0
 72
1
 10
368.3244740000001229
 20
684.0
 11
365.8244740000001229
 21
682.0
 97
0
 75
0
 76
1
 98
0
  0
HATCH
  5
73
  8
tornillos
 62
8
370
-1
  6
ByLayer
100
AcDbEntity
100
AcDbHatch
 10
0.0
 20
0.0
 30
0.0
210
0.0
220
0.0
230
1.0
  2
SOLID
 70
1
 71
0
 91
1
 92
1
 93
4
 72
1
 10
370.3244740000001229
 20
691.0
 11
368.8244740000001229
 21
690.0
 72
1
 10
368.8244740000001229
 20
690.0
 11
377.8244740000000093
 21
690.0
 72
1
 10
377.8244740000000093
 20
690.0
 11
376.3244740000000093
 21
691.0
 72
1
 10
376.3244740000000093
 20
691.0
 11
370.3244740000001229
 21
691.0
 97
0
 75
0
 76
1
 98
0
  0
HATCH
  5
74
  8
tornillos
 62
8
370
-1
  6
ByLayer
100
AcDbEntity
100
AcDbHatch
 10
0.0
 20
0.0
 30
0.0
210
0.0
220
0.0
230
1.0
  2
SOLID
 70
1
 71
0
 91
1
 92
1
 93
4
 72
1
 10
383.5775220000000445
 20
675.0
 11
380.9258720000000267
 21
677.1797809999999345
 72
1
 10
380.9258720000000267
 20
677.1797809999999345
 11
379.8652120000000423
 21
677.1797809999999345
 72
1
 10
379.8652120000000423
 20
677.1797809999999345
 11
379.8652120000000423
 21
675.0
 72
1
 10
379.8652120000000423
 20
675.0
 11
383.5775220000000445
 21
675.0
 97
0
 75
0
 76
1
 98
0
  0
HATCH
  5
75
  8
tornillos
 62
8
370
-1
  6
ByLayer
100
AcDbEntity
100
AcDbHatch
 10
0.0
 20
0.0
 30
0.0
210
0.0
220
0.0
230
1.0
  2
SOLID
 70
1
 71
0
 91
1
 92
1
 93
5
 72
1
 10
386.0523970000000418
 20
682.0
 11
387.4666100000000597
 21
679.0
 72
1
 10
387.4666100000000597
 20
679.0
 11
373.3244740000001229
 21
679.0
 72
1
 10
373.3244740000001229
 20
679.0
 11
371.9102600000001075
 21
682.0
 72
1
 10
371.9102600000001075
 20
682.0
 11
380.8244740000000093
 21
682.0
 72
1
 10
380.8244740000000093
 20
682.0
 11
386.0523970000000418
 21
682.0
 97
0
 75
0
 76
1
 98
0
  0
HATCH
  5
76
  8
tornillos
 62
8
370
-1
  6
ByLayer
100
AcDbEntity
100
AcDbHatch
 10
0.0
 20
0.0
 30
0.0
210
0.0
220
0.0
230
1.0
  2
SOLID
 70
1
 71
0
 91
1
 92
1
 93
7
 72
1
 10
392.0628040000000283
 20
672.3999999999999773
 11
392.0628040000000283
 21
675.0
 72
1
 10
392.0628040000000283
 20
675.0
 11
387.4666100000000597
 21
675.0
 72
1
 10
387.4666100000000597
 20
675.0
 11
383.5775220000000445
 21
675.0
 72
1
 10
383.5775220000000445
 20
675.0
 11
379.8652120000000423
 21
675.0
 72
1
 10
379.8652120000000423
 20
675.0
 11
379.3348820000001069
 21
675.0
 72
1
 10
379.3348820000001069
 20
675.0
 11
379.3348820000001069
 21
672.3999999999999773
 72
1
 10
379.3348820000001069
 20
672.3999999999999773
 11
392.0628040000000283
 21
672.3999999999999773
 97
0
 75
0
 76
1
 98
0
  0
HATCH
  5
77
  8
tornillos
 62
8
370
-1
  6
ByLayer
100
AcDbEntity
100
AcDbHatch
 10
0.0
 20
0.0
 30
0.0
210
0.0
220
0.0
230
1.0
  2
SOLID
 70
1
 71
0
 91
1
 92
1
 93
7
 72
1
 10
387.4666100000000597
 20
675.0
 11
387.4666100000000597
 21
679.0
 72
1
 10
387.4666100000000597
 20
679.0
 11
373.3244740000001229
 21
679.0
 72
1
 10
373.3244740000001229
 20
679.0
 11
373.3244740000001229
 21
675.0
 72
1
 10
373.3244740000001229
 20
675.0
 11
379.3348820000001069
 21
675.0
 72
1
 10
379.3348820000001069
 20
675.0
 11
379.8652120000000423
 21
675.0
 72
1
 10
379.8652120000000423
 20
675.0
 11
383.5775220000000445
 21
675.0
 72
1
 10
383.5775220000000445
 20
675.0
 11
387.4666100000000597
 21
675.0
 97
0
 75
0
 76
1
 98
0
  0
HATCH
  5
78
  8
tornillos
 62
8
370
-1
  6
ByLayer
100
AcDbEntity
100
AcDbHatch
 10
0.0
 20
0.0
 30
0.0
210
0.0
220
0.0
230
1.0
  2
SOLID
 70
1
 71
0
 91
1
 92
1
 93
4
 72
1
 10
344.8280710000001363
 20
669.4000000000000909
 11
373.3244740000001229
 21
669.4000000000000909
 72
1
 10
373.3244740000001229
 20
669.4000000000000909
 11
373.3244740000001229
 21
648.0
 72
1
 10
373.3244740000001229
 20
648.0
 11
344.8280710000001363
 21
648.0
 72
1
 10
344.8280710000001363
 20
648.0
 11
344.8280710000001363
 21
669.4000000000000909
 97
0
 75
0
 76
1
 98
0
  0
HATCH
  5
79
  8
tornillos
 62
8
370
-1
  6
ByLayer
100
AcDbEntity
100
AcDbHatch
 10
0.0
 20
0.0
 30
0.0
210
0.0
220
0.0
230
1.0
  2
SOLID
 70
1
 71
0
 91
1
 92
1
 93
15
 72
1
 10
344.8280710000001363
 20
675.0
 11
344.8280710000001363
 21
679.0
 72
1
 10
344.8280710000001363
 20
679.0
 11
346.9171130000000858
 21
679.5213560000000825
 72
1
 10
346.9171130000000858
 20
679.5213560000000825
 11
356.8488860000001068
 21
682.0
 72
1
 10
356.8488860000001068
 20
682.0
 11
365.8244740000001229
 21
682.0
 72
1
 10
365.8244740000001229
 20
682.0
 11
380.8244740000000093
 21
682.0
 72
1
 10
380.8244740000000093
 20
682.0
 11
386.0523970000000418
 21
682.0
 72
1
 10
386.0523970000000418
 20
682.0
 11
387.4666100000000597
 21
679.0
 72
1
 10
387.4666100000000597
 20
679.0
 11
387.4666100000000597
 21
675.0
 72
1
 10
387.4666100000000597
 20
675.0
 11
392.0628040000000283
 21
675.0
 72
1
 10
392.0628040000000283
 20
675.0
 11
392.0628040000000283
 21
672.3999999999999773
 72
1
 10
392.0628040000000283
 20
672.3999999999999773
 11
379.3348820000001069
 21
672.3999999999999773
 72
1
 10
379.3348820000001069
 20
672.3999999999999773
 11
373.3244740000001229
 21
672.3999999999999773
 72
1
 10
373.3244740000001229
 20
672.3999999999999773
 11
340.062804000000142
 21
672.3999999999999773
 72
1
 10
340.062804000000142
 20
672.3999999999999773
 11
340.062804000000142
 21
675.0
 72
1
 10
340.062804000000142
 20
675.0
 11
344.8280710000001363
 21
675.0
 97
0
 75
0
 76
1
 98
0
  0
HATCH
  5
7A
  8
tornillos
 62
8
370
-1
  6
ByLayer
100
AcDbEntity
100
AcDbHatch
 10
0.0
 20
0.0
 30
0.0
210
0.0
220
0.0
230
1.0
  2
SOLID
 70
1
 71
0
 91
1
 92
1
 93
4
 72
1
 10
373.3244740000001229
 20
648.0
 11
387.4666100000000597
 21
648.0
 72
1
 10
387.4666100000000597
 20
648.0
 11
387.4666100000000597
 21
669.4000000000000909
 72
1
 10
387.4666100000000597
 20
669.4000000000000909
 11
373.3244740000001229
 21
669.4000000000000909
 72
1
 10
373.3244740000001229
 20
669.4000000000000909
 11
373.3244740000001229
 21
648.0
 97
0
 75
0
 76
1
 98
0
  0
HATCH
  5
7B
  8
tornillos
 62
8
370
-1
  6
ByLayer
100
AcDbEntity
100
AcDbHatch
 10
0.0
 20
0.0
 30
0.0
210
0.0
220
0.0
230
1.0
  2
SOLID
 70
1
 71
0
 91
1
 92
1
 93
5
 72
1
 10
344.8280710000001363
 20
646.0
 11
387.4666100000000597
 21
646.0
 72
1
 10
387.4666100000000597
 20
646.0
 11
387.4666100000000597
 21
648.0
 72
1
 10
387.4666100000000597
 20
648.0
 11
373.3244740000001229
 21
648.0
 72
1
 10
373.3244740000001229
 20
648.0
 11
344.8280710000001363
 21
648.0
 72
1
 10
344.8280710000001363
 20
648.0
 11
344.8280710000001363
 21
646.0
 97
0
 75
0
 76
1
 98
0
  0
HATCH
  5
7C
  8
tornillos
 62
8
370
-1
  6
ByLayer
100
AcDbEntity
100
AcDbHatch
 10
0.0
 20
0.0
 30
0.0
210
0.0
220
0.0
230
1.0
  2
SOLID
 70
1
 71
0
 91
1
 92
1
 93
5
 72
2
 10
431.3244740000001229
 20
716.6309880000000021
 40
1.0
 50
225.0
 51
315.0
 73
1
 72
1
 10
432.0315810000000738
 20
715.9238810000000512
 11
446.7410480000000916
 21
730.6333479999999554
 72
1
 10
446.7410480000000916
 20
730.6333479999999554
 11
445.6665540000001329
 21
731.3103709999999182
 72
1
 10
445.6665540000001329
 20
731.3103709999999182
 11
426.9638860000001159
 21
719.5773639999999887
 72
1
 10
426.9638860000001159
 20
719.5773639999999887
 11
430.6173680000000559
 21
715.923881999999935
 97
0
 75
0
 76
1
 98
0
  0
HATCH
  5
7D
  8
tornillos
 62
8
370
-1
  6
ByLayer
100
AcDbEntity
100
AcDbHatch
 10
0.0
 20
0.0
 30
0.0
210
0.0
220
0.0
230
1.0
  2
SOLID
 70
1
 71
0
 91
1
 92
1
 93
4
 72
1
 10
442.9770370000001094
 20
755.153609000000074
 11
445.6729410000000371
 21
754.5098110000000133
 72
1
 10
445.6729410000000371
 20
754.5098110000000133
 11
448.3757320000000846
 21
755.1583239999999932
 72
1
 10
448.3757320000000846
 20
755.1583239999999932
 11
445.6787420000000566
 21
757.8553140000000212
 72
1
 10
445.6787420000000566
 20
757.8553140000000212
 11
442.9770370000001094
 21
755.153609000000074
 97
0
 75
0
 76
1
 98
0
  0
HATCH
  5
7E
  8
tornillos
 62
8
370
-1
  6
ByLayer
100
AcDbEntity
100
AcDbHatch
 10
0.0
 20
0.0
 30
0.0
210
0.0
220
0.0
230
1.0
  2
SOLID
 70
1
 71
0
 91
1
 92
1
 93
6
 72
1
 10
435.1787420000000566
 20
688.0
 11
456.1787420000000566
 21
688.0
 72
1
 10
456.1787420000000566
 20
688.0
 11
456.1787420000000566
 21
690.0
 72
1
 10
456.1787420000000566
 20
690.0
 11
450.1787420000000566
 21
690.0
 72
1
 10
450.1787420000000566
 20
690.0
 11
441.1787420000000566
 21
690.0
 72
1
 10
441.1787420000000566
 20
690.0
 11
435.1787420000000566
 21
690.0
 72
1
 10
435.1787420000000566
 20
690.0
 11
435.1787420000000566
 21
688.0
 97
0
 75
0
 76
1
 98
0
  0
HATCH
  5
7F
  8
tornillos
 62
8
370
-1
  6
ByLayer
100
AcDbEntity
100
AcDbHatch
 10
0.0
 20
0.0
 30
0.0
210
0.0
220
0.0
230
1.0
  2
SOLID
 70
1
 71
0
 91
1
 92
1
 93
3
 72
1
 10
419.2713810000001331
 20
679.5213560000000825
 11
421.4249800000001187
 21
682.0
 72
1
 10
421.4249800000001187
 20
682.0
 11
429.2031540000000405
 21
682.0
 72
1
 10
429.2031540000000405
 20
682.0
 11
419.2713810000001331
 21
679.5213560000000825
 97
0
 75
0
 76
1
 98
0
  0
HATCH
  5
80
  8
tornillos
 62
8
370
-1
  6
ByLayer
100
AcDbEntity
100
AcDbHatch
 10
0.0
 20
0.0
 30
0.0
210
0.0
220
0.0
230
1.0
  2
SOLID
 70
1
 71
0
 91
1
 92
1
 93
4
 72
1
 10
438.1787420000000566
 20
682.0
 11
453.1787420000000566
 21
682.0
 72
1
 10
453.1787420000000566
 20
682.0
 11
450.6787420000000566
 21
684.0
 72
1
 10
450.6787420000000566
 20
684.0
 11
440.6787420000000566
 21
684.0
 72
1
 10
440.6787420000000566
 20
684.0
 11
438.1787420000000566
 21
682.0
 97
0
 75
0
 76
1
 98
0
  0
HATCH
  5
81
  8
tornillos
 62
8
370
-1
  6
ByLayer
100
AcDbEntity
100
AcDbHatch
 10
0.0
 20
0.0
 30
0.0
210
0.0
220
0.0
230
1.0
  2
SOLID
 70
1
 71
0
 91
1
 92
1
 93
4
 72
1
 10
442.6787420000000566
 20
691.0
 11
441.1787420000000566
 21
690.0
 72
1
 10
441.1787420000000566
 20
690.0
 11
450.1787420000000566
 21
690.0
 72
1
 10
450.1787420000000566
 20
690.0
 11
448.6787420000000566
 21
691.0
 72
1
 10
448.6787420000000566
 20
691.0
 11
442.6787420000000566
 21
691.0
 97
0
 75
0
 76
1
 98
0
  0
HATCH
  5
82
  8
tornillos
 62
8
370
-1
  6
ByLayer
100
AcDbEntity
100
AcDbHatch
 10
0.0
 20
0.0
 30
0.0
210
0.0
220
0.0
230
1.0
  2
SOLID
 70
1
 71
0
 91
1
 92
1
 93
4
 72
1
 10
455.9317900000000918
 20
675.0
 11
453.280140000000074
 21
677.1797809999999345
 72
1
 10
453.280140000000074
 20
677.1797809999999345
 11
452.2194800000000896
 21
677.1797809999999345
 72
1
 10
452.2194800000000896
 20
677.1797809999999345
 11
452.2194800000000896
 21
675.0
 72
1
 10
452.2194800000000896
 20
675.0
 11
455.9317900000000918
 21
675.0
 97
0
 75
0
 76
1
 98
0
  0
HATCH
  5
83
  8
tornillos
 62
8
370
-1
  6
ByLayer
100
AcDbEntity
100
AcDbHatch
 10
0.0
 20
0.0
 30
0.0
210
0.0
220
0.0
230
1.0
  2
SOLID
 70
1
 71
0
 91
1
 92
1
 93
5
 72
1
 10
458.4066650000000891
 20
682.0
 11
459.820878000000107
 21
679.0
 72
1
 10
459.820878000000107
 20
679.0
 11
445.6787420000000566
 21
679.0
 72
1
 10
445.6787420000000566
 20
679.0
 11
444.2645280000000412
 21
682.0
 72
1
 10
444.2645280000000412
 20
682.0
 11
453.1787420000000566
 21
682.0
 72
1
 10
453.1787420000000566
 20
682.0
 11
458.4066650000000891
 21
682.0
 97
0
 75
0
 76
1
 98
0
  0
HATCH
  5
84
  8
tornillos
 62
8
370
-1
  6
ByLayer
100
AcDbEntity
100
AcDbHatch
 10
0.0
 20
0.0
 30
0.0
210
0.0
220
0.0
230
1.0
  2
SOLID
 70
1
 71
0
 91
1
 92
1
 93
7
 72
1
 10
464.4170720000000756
 20
672.3999999999999773
 11
464.4170720000000756
 21
675.0
 72
1
 10
464.4170720000000756
 20
675.0
 11
459.820878000000107
 21
675.0
 72
1
 10
459.820878000000107
 20
675.0
 11
455.9317900000000918
 21
675.0
 72
1
 10
455.9317900000000918
 20
675.0
 11
452.2194800000000896
 21
675.0
 72
1
 10
452.2194800000000896
 20
675.0
 11
451.6891500000000406
 21
675.0
 72
1
 10
451.6891500000000406
 20
675.0
 11
451.6891500000000406
 21
672.3999999999999773
 72
1
 10
451.6891500000000406
 20
672.3999999999999773
 11
464.4170720000000756
 21
672.3999999999999773
 97
0
 75
0
 76
1
 98
0
  0
HATCH
  5
85
  8
tornillos
 62
8
370
-1
  6
ByLayer
100
AcDbEntity
100
AcDbHatch
 10
0.0
 20
0.0
 30
0.0
210
0.0
220
0.0
230
1.0
  2
SOLID
 70
1
 71
0
 91
1
 92
1
 93
7
 72
1
 10
459.820878000000107
 20
675.0
 11
459.820878000000107
 21
679.0
 72
1
 10
459.820878000000107
 20
679.0
 11
445.6787420000000566
 21
679.0
 72
1
 10
445.6787420000000566
 20
679.0
 11
445.6787420000000566
 21
675.0
 72
1
 10
445.6787420000000566
 20
675.0
 11
451.6891500000000406
 21
675.0
 72
1
 10
451.6891500000000406
 20
675.0
 11
452.2194800000000896
 21
675.0
 72
1
 10
452.2194800000000896
 20
675.0
 11
455.9317900000000918
 21
675.0
 72
1
 10
455.9317900000000918
 20
675.0
 11
459.820878000000107
 21
675.0
 97
0
 75
0
 76
1
 98
0
  0
HATCH
  5
86
  8
tornillos
 62
8
370
-1
  6
ByLayer
100
AcDbEntity
100
AcDbHatch
 10
0.0
 20
0.0
 30
0.0
210
0.0
220
0.0
230
1.0
  2
SOLID
 70
1
 71
0
 91
1
 92
1
 93
4
 72
1
 10
417.18233900000007
 20
669.4000000000000909
 11
445.6787420000000566
 21
669.4000000000000909
 72
1
 10
445.6787420000000566
 20
669.4000000000000909
 11
445.6787420000000566
 21
648.0
 72
1
 10
445.6787420000000566
 20
648.0
 11
417.18233900000007
 21
648.0
 72
1
 10
417.18233900000007
 20
648.0
 11
417.18233900000007
 21
669.4000000000000909
 97
0
 75
0
 76
1
 98
0
  0
HATCH
  5
87
  8
tornillos
 62
8
370
-1
  6
ByLayer
100
AcDbEntity
100
AcDbHatch
 10
0.0
 20
0.0
 30
0.0
210
0.0
220
0.0
230
1.0
  2
SOLID
 70
1
 71
0
 91
1
 92
1
 93
15
 72
1
 10
417.18233900000007
 20
675.0
 11
417.18233900000007
 21
679.0
 72
1
 10
417.18233900000007
 20
679.0
 11
419.2713810000001331
 21
679.5213560000000825
 72
1
 10
419.2713810000001331
 20
679.5213560000000825
 11
429.2031540000000405
 21
682.0
 72
1
 10
429.2031540000000405
 20
682.0
 11
438.1787420000000566
 21
682.0
 72
1
 10
438.1787420000000566
 20
682.0
 11
453.1787420000000566
 21
682.0
 72
1
 10
453.1787420000000566
 20
682.0
 11
458.4066650000000891
 21
682.0
 72
1
 10
458.4066650000000891
 20
682.0
 11
459.820878000000107
 21
679.0
 72
1
 10
459.820878000000107
 20
679.0
 11
459.820878000000107
 21
675.0
 72
1
 10
459.820878000000107
 20
675.0
 11
464.4170720000000756
 21
675.0
 72
1
 10
464.4170720000000756
 20
675.0
 11
464.4170720000000756
 21
672.3999999999999773
 72
1
 10
464.4170720000000756
 20
672.3999999999999773
 11
451.6891500000000406
 21
672.3999999999999773
 72
1
 10
451.6891500000000406
 20
672.3999999999999773
 11
445.6787420000000566
 21
672.3999999999999773
 72
1
 10
445.6787420000000566
 20
672.3999999999999773
 11
412.4170720000000756
 21
672.3999999999999773
 72
1
 10
412.4170720000000756
 20
672.3999999999999773
 11
412.4170720000000756
 21
675.0
 72
1
 10
412.4170720000000756
 20
675.0
 11
417.18233900000007
 21
675.0
 97
0
 75
0
 76
1
 98
0
  0
HATCH
  5
88
  8
tornillos
 62
8
370
-1
  6
ByLayer
100
AcDbEntity
100
AcDbHatch
 10
0.0
 20
0.0
 30
0.0
210
0.0
220
0.0
230
1.0
  2
SOLID
 70
1
 71
0
 91
1
 92
1
 93
4
 72
1
 10
445.6787420000000566
 20
648.0
 11
459.820878000000107
 21
648.0
 72
1
 10
459.820878000000107
 20
648.0
 11
459.820878000000107
 21
669.4000000000000909
 72
1
 10
459.820878000000107
 20
669.4000000000000909
 11
445.6787420000000566
 21
669.4000000000000909
 72
1
 10
445.6787420000000566
 20
669.4000000000000909
 11
445.6787420000000566
 21
648.0
 97
0
 75
0
 76
1
 98
0
  0
HATCH
  5
89
  8
tornillos
 62
8
370
-1
  6
ByLayer
100
AcDbEntity
100
AcDbHatch
 10
0.0
 20
0.0
 30
0.0
210
0.0
220
0.0
230
1.0
  2
SOLID
 70
1
 71
0
 91
1
 92
1
 93
5
 72
1
 10
417.18233900000007
 20
646.0
 11
459.820878000000107
 21
646.0
 72
1
 10
459.820878000000107
 20
646.0
 11
459.820878000000107
 21
648.0
 72
1
 10
459.820878000000107
 20
648.0
 11
445.6787420000000566
 21
648.0
 72
1
 10
445.6787420000000566
 20
648.0
 11
417.18233900000007
 21
648.0
 72
1
 10
417.18233900000007
 20
648.0
 11
417.18233900000007
 21
646.0
 97
0
 75
0
 76
1
 98
0
  0
HATCH
  5
8A
  8
tornillos
 62
8
370
-1
  6
ByLayer
100
AcDbEntity
100
AcDbHatch
 10
0.0
 20
0.0
 30
0.0
210
0.0
220
0.0
230
1.0
  2
SOLID
 70
1
 71
0
 91
1
 92
1
 93
5
 72
2
 10
503.6787420000001703
 20
716.6309880000000021
 40
1.0
 50
225.0
 51
315.0
 73
1
 72
1
 10
504.3858490000001211
 20
715.9238810000000512
 11
519.0953160000002526
 21
730.6333479999999554
 72
1
 10
519.0953160000002526
 20
730.6333479999999554
 11
518.0208220000001802
 21
731.3103709999999182
 72
1
 10
518.0208220000001802
 20
731.3103709999999182
 11
499.3181540000001633
 21
719.5773639999999887
 72
1
 10
499.3181540000001633
 20
719.5773639999999887
 11
502.9716360000001032
 21
715.923881999999935
 97
0
 75
0
 76
1
 98
0
  0
HATCH
  5
8B
  8
tornillos
 62
8
370
-1
  6
ByLayer
100
AcDbEntity
100
AcDbHatch
 10
0.0
 20
0.0
 30
0.0
210
0.0
220
0.0
230
1.0
  2
SOLID
 70
1
 71
0
 91
1
 92
1
 93
4
 72
1
 10
515.3313050000001567
 20
755.153609000000074
 11
518.0272090000001981
 21
754.5098110000000133
 72
1
 10
518.0272090000001981
 20
754.5098110000000133
 11
520.7300000000002456
 21
755.1583239999999932
 72
1
 10
520.7300000000002456
 20
755.1583239999999932
 11
518.0330100000002176
 21
757.8553140000000212
 72
1
 10
518.0330100000002176
 20
757.8553140000000212
 11
515.3313050000001567
 21
755.153609000000074
 97
0
 75
0
 76
1
 98
0
  0
HATCH
  5
8C
  8
tornillos
 62
8
370
-1
  6
ByLayer
100
AcDbEntity
100
AcDbHatch
 10
0.0
 20
0.0
 30
0.0
210
0.0
220
0.0
230
1.0
  2
SOLID
 70
1
 71
0
 91
1
 92
1
 93
6
 72
1
 10
507.5330100000001039
 20
688.0
 11
528.5330100000002176
 21
688.0
 72
1
 10
528.5330100000002176
 20
688.0
 11
528.5330100000002176
 21
690.0
 72
1
 10
528.5330100000002176
 20
690.0
 11
522.5330100000002176
 21
690.0
 72
1
 10
522.5330100000002176
 20
690.0
 11
513.5330100000001039
 21
690.0
 72
1
 10
513.5330100000001039
 20
690.0
 11
507.5330100000001039
 21
690.0
 72
1
 10
507.5330100000001039
 20
690.0
 11
507.5330100000001039
 21
688.0
 97
0
 75
0
 76
1
 98
0
  0
HATCH
  5
8D
  8
tornillos
 62
8
370
-1
  6
ByLayer
100
AcDbEntity
100
AcDbHatch
 10
0.0
 20
0.0
 30
0.0
210
0.0
220
0.0
230
1.0
  2
SOLID
 70
1
 71
0
 91
1
 92
1
 93
3
 72
1
 10
491.6256490000001804
 20
679.5213560000000825
 11
493.779248000000166
 21
682.0
 72
1
 10
493.779248000000166
 20
682.0
 11
501.5574220000000878
 21
682.0
 72
1
 10
501.5574220000000878
 20
682.0
 11
491.6256490000001804
 21
679.5213560000000825
 97
0
 75
0
 76
1
 98
0
  0
HATCH
  5
8E
  8
tornillos
 62
8
370
-1
  6
ByLayer
100
AcDbEntity
100
AcDbHatch
 10
0.0
 20
0.0
 30
0.0
210
0.0
220
0.0
230
1.0
  2
SOLID
 70
1
 71
0
 91
1
 92
1
 93
4
 72
1
 10
510.5330100000001039
 20
682.0
 11
525.5330100000002176
 21
682.0
 72
1
 10
525.5330100000002176
 20
682.0
 11
523.0330100000002176
 21
684.0
 72
1
 10
523.0330100000002176
 20
684.0
 11
513.0330100000001039
 21
684.0
 72
1
 10
513.0330100000001039
 20
684.0
 11
510.5330100000001039
 21
682.0
 97
0
 75
0
 76
1
 98
0
  0
HATCH
  5
8F
  8
tornillos
 62
8
370
-1
  6
ByLayer
100
AcDbEntity
100
AcDbHatch
 10
0.0
 20
0.0
 30
0.0
210
0.0
220
0.0
230
1.0
  2
SOLID
 70
1
 71
0
 91
1
 92
1
 93
4
 72
1
 10
515.0330100000002176
 20
691.0
 11
513.5330100000001039
 21
690.0
 72
1
 10
513.5330100000001039
 20
690.0
 11
522.5330100000002176
 21
690.0
 72
1
 10
522.5330100000002176
 20
690.0
 11
521.0330100000002176
 21
691.0
 72
1
 10
521.0330100000002176
 20
691.0
 11
515.0330100000002176
 21
691.0
 97
0
 75
0
 76
1
 98
0
  0
HATCH
  5
90
  8
tornillos
 62
8
370
-1
  6
ByLayer
100
AcDbEntity
100
AcDbHatch
 10
0.0
 20
0.0
 30
0.0
210
0.0
220
0.0
230
1.0
  2
SOLID
 70
1
 71
0
 91
1
 92
1
 93
4
 72
1
 10
528.2860580000002528
 20
675.0
 11
525.634408000000235
 21
677.1797809999999345
 72
1
 10
525.634408000000235
 20
677.1797809999999345
 11
524.5737480000002506
 21
677.1797809999999345
 72
1
 10
524.5737480000002506
 20
677.1797809999999345
 11
524.5737480000002506
 21
675.0
 72
1
 10
524.5737480000002506
 20
675.0
 11
528.2860580000002528
 21
675.0
 97
0
 75
0
 76
1
 98
0
  0
HATCH
  5
91
  8
tornillos
 62
8
370
-1
  6
ByLayer
100
AcDbEntity
100
AcDbHatch
 10
0.0
 20
0.0
 30
0.0
210
0.0
220
0.0
230
1.0
  2
SOLID
 70
1
 71
0
 91
1
 92
1
 93
5
 72
1
 10
530.7609330000002501
 20
682.0
 11
532.1751460000001543
 21
679.0
 72
1
 10
532.1751460000001543
 20
679.0
 11
518.0330100000002176
 21
679.0
 72
1
 10
518.0330100000002176
 20
679.0
 11
516.6187960000002022
 21
682.0
 72
1
 10
516.6187960000002022
 20
682.0
 11
525.5330100000002176
 21
682.0
 72
1
 10
525.5330100000002176
 20
682.0
 11
530.7609330000002501
 21
682.0
 97
0
 75
0
 76
1
 98
0
  0
HATCH
  5
92
  8
tornillos
 62
8
370
-1
  6
ByLayer
100
AcDbEntity
100
AcDbHatch
 10
0.0
 20
0.0
 30
0.0
210
0.0
220
0.0
230
1.0
  2
SOLID
 70
1
 71
0
 91
1
 92
1
 93
7
 72
1
 10
536.7713400000002366
 20
672.3999999999999773
 11
536.7713400000002366
 21
675.0
 72
1
 10
536.7713400000002366
 20
675.0
 11
532.1751460000001543
 21
675.0
 72
1
 10
532.1751460000001543
 20
675.0
 11
528.2860580000002528
 21
675.0
 72
1
 10
528.2860580000002528
 20
675.0
 11
524.5737480000002506
 21
675.0
 72
1
 10
524.5737480000002506
 20
675.0
 11
524.0434180000002016
 21
675.0
 72
1
 10
524.0434180000002016
 20
675.0
 11
524.0434180000002016
 21
672.3999999999999773
 72
1
 10
524.0434180000002016
 20
672.3999999999999773
 11
536.7713400000002366
 21
672.3999999999999773
 97
0
 75
0
 76
1
 98
0
  0
HATCH
  5
93
  8
tornillos
 62
8
370
-1
  6
ByLayer
100
AcDbEntity
100
AcDbHatch
 10
0.0
 20
0.0
 30
0.0
210
0.0
220
0.0
230
1.0
  2
SOLID
 70
1
 71
0
 91
1
 92
1
 93
7
 72
1
 10
532.1751460000001543
 20
675.0
 11
532.1751460000001543
 21
679.0
 72
1
 10
532.1751460000001543
 20
679.0
 11
518.0330100000002176
 21
679.0
 72
1
 10
518.0330100000002176
 20
679.0
 11
518.0330100000002176
 21
675.0
 72
1
 10
518.0330100000002176
 20
675.0
 11
524.0434180000002016
 21
675.0
 72
1
 10
524.0434180000002016
 20
675.0
 11
524.5737480000002506
 21
675.0
 72
1
 10
524.5737480000002506
 20
675.0
 11
528.2860580000002528
 21
675.0
 72
1
 10
528.2860580000002528
 20
675.0
 11
532.1751460000001543
 21
675.0
 97
0
 75
0
 76
1
 98
0
  0
HATCH
  5
94
  8
tornillos
 62
8
370
-1
  6
ByLayer
100
AcDbEntity
100
AcDbHatch
 10
0.0
 20
0.0
 30
0.0
210
0.0
220
0.0
230
1.0
  2
SOLID
 70
1
 71
0
 91
1
 92
1
 93
4
 72
1
 10
489.5366070000001173
 20
669.4000000000000909
 11
518.0330100000002176
 21
669.4000000000000909
 72
1
 10
518.0330100000002176
 20
669.4000000000000909
 11
518.0330100000002176
 21
648.0
 72
1
 10
518.0330100000002176
 20
648.0
 11
489.5366070000001173
 21
648.0
 72
1
 10
489.5366070000001173
 20
648.0
 11
489.5366070000001173
 21
669.4000000000000909
 97
0
 75
0
 76
1
 98
0
  0
HATCH
  5
95
  8
tornillos
 62
8
370
-1
  6
ByLayer
100
AcDbEntity
100
AcDbHatch
 10
0.0
 20
0.0
 30
0.0
210
0.0
220
0.0
230
1.0
  2
SOLID
 70
1
 71
0
 91
1
 92
1
 93
15
 72
1
 10
489.5366070000001173
 20
675.0
 11
489.5366070000001173
 21
679.0
 72
1
 10
489.5366070000001173
 20
679.0
 11
491.6256490000001804
 21
679.5213560000000825
 72
1
 10
491.6256490000001804
 20
679.5213560000000825
 11
501.5574220000000878
 21
682.0
 72
1
 10
501.5574220000000878
 20
682.0
 11
510.5330100000001039
 21
682.0
 72
1
 10
510.5330100000001039
 20
682.0
 11
525.5330100000002176
 21
682.0
 72
1
 10
525.5330100000002176
 20
682.0
 11
530.7609330000002501
 21
682.0
 72
1
 10
530.7609330000002501
 20
682.0
 11
532.1751460000001543
 21
679.0
 72
1
 10
532.1751460000001543
 20
679.0
 11
532.1751460000001543
 21
675.0
 72
1
 10
532.1751460000001543
 20
675.0
 11
536.7713400000002366
 21
675.0
 72
1
 10
536.7713400000002366
 20
675.0
 11
536.7713400000002366
 21
672.3999999999999773
 72
1
 10
536.7713400000002366
 20
672.3999999999999773
 11
524.0434180000002016
 21
672.3999999999999773
 72
1
 10
524.0434180000002016
 20
672.3999999999999773
 11
518.0330100000002176
 21
672.3999999999999773
 72
1
 10
518.0330100000002176
 20
672.3999999999999773
 11
484.7713400000001229
 21
672.3999999999999773
 72
1
 10
484.7713400000001229
 20
672.3999999999999773
 11
484.7713400000001229
 21
675.0
 72
1
 10
484.7713400000001229
 20
675.0
 11
489.5366070000001173
 21
675.0
 97
0
 75
0
 76
1
 98
0
  0
HATCH
  5
96
  8
tornillos
 62
8
370
-1
  6
ByLayer
100
AcDbEntity
100
AcDbHatch
 10
0.0
 20
0.0
 30
0.0
210
0.0
220
0.0
230
1.0
  2
SOLID
 70
1
 71
0
 91
1
 92
1
 93
4
 72
1
 10
518.0330100000002176
 20
648.0
 11
532.1751460000001543
 21
648.0
 72
1
 10
532.1751460000001543
 20
648.0
 11
532.1751460000001543
 21
669.4000000000000909
 72
1
 10
532.1751460000001543
 20
669.4000000000000909
 11
518.0330100000002176
 21
669.4000000000000909
 72
1
 10
518.0330100000002176
 20
669.4000000000000909
 11
518.0330100000002176
 21
648.0
 97
0
 75
0
 76
1
 98
0
  0
HATCH
  5
97
  8
tornillos
 62
8
370
-1
  6
ByLayer
100
AcDbEntity
100
AcDbHatch
 10
0.0
 20
0.0
 30
0.0
210
0.0
220
0.0
230
1.0
  2
SOLID
 70
1
 71
0
 91
1
 92
1
 93
5
 72
1
 10
489.5366070000001173
 20
646.0
 11
532.1751460000001543
 21
646.0
 72
1
 10
532.1751460000001543
 20
646.0
 11
532.1751460000001543
 21
648.0
 72
1
 10
532.1751460000001543
 20
648.0
 11
518.0330100000002176
 21
648.0
 72
1
 10
518.0330100000002176
 20
648.0
 11
489.5366070000001173
 21
648.0
 72
1
 10
489.5366070000001173
 20
648.0
 11
489.5366070000001173
 21
646.0
 97
0
 75
0
 76
1
 98
0
  0
HATCH
  5
98
  8
tornillos
 62
8
370
-1
  6
ByLayer
100
AcDbEntity
100
AcDbHatch
 10
0.0
 20
0.0
 30
0.0
210
0.0
220
0.0
230
1.0
  2
SOLID
 70
1
 71
0
 91
1
 92
1
 93
5
 72
2
 10
576.0330100000002176
 20
716.6309880000000021
 40
1.0
 50
225.0
 51
315.0
 73
1
 72
1
 10
576.7401170000001684
 20
715.9238810000000512
 11
591.4495840000001863
 21
730.6333479999999554
 72
1
 10
591.4495840000001863
 20
730.6333479999999554
 11
590.3750900000002275
 21
731.3103709999999182
 72
1
 10
590.3750900000002275
 20
731.3103709999999182
 11
571.6724220000002106
 21
719.5773639999999887
 72
1
 10
571.6724220000002106
 20
719.5773639999999887
 11
575.3259040000002642
 21
715.923881999999935
 97
0
 75
0
 76
1
 98
0
  0
HATCH
  5
99
  8
tornillos
 62
8
370
-1
  6
ByLayer
100
AcDbEntity
100
AcDbHatch
 10
0.0
 20
0.0
 30
0.0
210
0.0
220
0.0
230
1.0
  2
SOLID
 70
1
 71
0
 91
1
 92
1
 93
4
 72
1
 10
587.685573000000204
 20
755.153609000000074
 11
590.3814770000002454
 21
754.5098110000000133
 72
1
 10
590.3814770000002454
 20
754.5098110000000133
 11
593.0842680000001792
 21
755.1583239999999932
 72
1
 10
593.0842680000001792
 20
755.1583239999999932
 11
590.3872780000001512
 21
757.8553140000000212
 72
1
 10
590.3872780000001512
 20
757.8553140000000212
 11
587.685573000000204
 21
755.153609000000074
 97
0
 75
0
 76
1
 98
0
  0
HATCH
  5
9A
  8
tornillos
 62
8
370
-1
  6
ByLayer
100
AcDbEntity
100
AcDbHatch
 10
0.0
 20
0.0
 30
0.0
210
0.0
220
0.0
230
1.0
  2
SOLID
 70
1
 71
0
 91
1
 92
1
 93
6
 72
1
 10
579.8872780000001512
 20
688.0
 11
600.8872780000001512
 21
688.0
 72
1
 10
600.8872780000001512
 20
688.0
 11
600.8872780000001512
 21
690.0
 72
1
 10
600.8872780000001512
 20
690.0
 11
594.8872780000001512
 21
690.0
 72
1
 10
594.8872780000001512
 20
690.0
 11
585.8872780000001512
 21
690.0
 72
1
 10
585.8872780000001512
 20
690.0
 11
579.8872780000001512
 21
690.0
 72
1
 10
579.8872780000001512
 20
690.0
 11
579.8872780000001512
 21
688.0
 97
0
 75
0
 76
1
 98
0
  0
HATCH
  5
9B
  8
tornillos
 62
8
370
-1
  6
ByLayer
100
AcDbEntity
100
AcDbHatch
 10
0.0
 20
0.0
 30
0.0
210
0.0
220
0.0
230
1.0
  2
SOLID
 70
1
 71
0
 91
1
 92
1
 93
3
 72
1
 10
563.9799170000002277
 20
679.5213560000000825
 11
566.1335160000002134
 21
682.0
 72
1
 10
566.1335160000002134
 20
682.0
 11
573.9116900000002488
 21
682.0
 72
1
 10
573.9116900000002488
 20
682.0
 11
563.9799170000002277
 21
679.5213560000000825
 97
0
 75
0
 76
1
 98
0
  0
HATCH
  5
9C
  8
tornillos
 62
8
370
-1
  6
ByLayer
100
AcDbEntity
100
AcDbHatch
 10
0.0
 20
0.0
 30
0.0
210
0.0
220
0.0
230
1.0
  2
SOLID
 70
1
 71
0
 91
1
 92
1
 93
4
 72
1
 10
582.8872780000001512
 20
682.0
 11
597.8872780000001512
 21
682.0
 72
1
 10
597.8872780000001512
 20
682.0
 11
595.3872780000001512
 21
684.0
 72
1
 10
595.3872780000001512
 20
684.0
 11
585.3872780000001512
 21
684.0
 72
1
 10
585.3872780000001512
 20
684.0
 11
582.8872780000001512
 21
682.0
 97
0
 75
0
 76
1
 98
0
  0
HATCH
  5
9D
  8
tornillos
 62
8
370
-1
  6
ByLayer
100
AcDbEntity
100
AcDbHatch
 10
0.0
 20
0.0
 30
0.0
210
0.0
220
0.0
230
1.0
  2
SOLID
 70
1
 71
0
 91
1
 92
1
 93
4
 72
1
 10
587.3872780000001512
 20
691.0
 11
585.8872780000001512
 21
690.0
 72
1
 10
585.8872780000001512
 20
690.0
 11
594.8872780000001512
 21
690.0
 72
1
 10
594.8872780000001512
 20
690.0
 11
593.3872780000001512
 21
691.0
 72
1
 10
593.3872780000001512
 20
691.0
 11
587.3872780000001512
 21
691.0
 97
0
 75
0
 76
1
 98
0
  0
HATCH
  5
9E
  8
tornillos
 62
8
370
-1
  6
ByLayer
100
AcDbEntity
100
AcDbHatch
 10
0.0
 20
0.0
 30
0.0
210
0.0
220
0.0
230
1.0
  2
SOLID
 70
1
 71
0
 91
1
 92
1
 93
4
 72
1
 10
600.6403260000001865
 20
675.0
 11
597.9886760000001686
 21
677.1797809999999345
 72
1
 10
597.9886760000001686
 20
677.1797809999999345
 11
596.9280160000001842
 21
677.1797809999999345
 72
1
 10
596.9280160000001842
 20
677.1797809999999345
 11
596.9280160000001842
 21
675.0
 72
1
 10
596.9280160000001842
 20
675.0
 11
600.6403260000001865
 21
675.0
 97
0
 75
0
 76
1
 98
0
  0
HATCH
  5
9F
  8
tornillos
 62
8
370
-1
  6
ByLayer
100
AcDbEntity
100
AcDbHatch
 10
0.0
 20
0.0
 30
0.0
210
0.0
220
0.0
230
1.0
  2
SOLID
 70
1
 71
0
 91
1
 92
1
 93
5
 72
1
 10
603.1152010000001837
 20
682.0
 11
604.5294140000002017
 21
679.0
 72
1
 10
604.5294140000002017
 20
679.0
 11
590.3872780000001512
 21
679.0
 72
1
 10
590.3872780000001512
 20
679.0
 11
588.9730640000002495
 21
682.0
 72
1
 10
588.9730640000002495
 20
682.0
 11
597.8872780000001512
 21
682.0
 72
1
 10
597.8872780000001512
 20
682.0
 11
603.1152010000001837
 21
682.0
 97
0
 75
0
 76
1
 98
0
  0
HATCH
  5
A0
  8
tornillos
 62
8
370
-1
  6
ByLayer
100
AcDbEntity
100
AcDbHatch
 10
0.0
 20
0.0
 30
0.0
210
0.0
220
0.0
230
1.0
  2
SOLID
 70
1
 71
0
 91
1
 92
1
 93
7
 72
1
 10
609.1256080000001703
 20
672.3999999999999773
 11
609.1256080000001703
 21
675.0
 72
1
 10
609.1256080000001703
 20
675.0
 11
604.5294140000002017
 21
675.0
 72
1
 10
604.5294140000002017
 20
675.0
 11
600.6403260000001865
 21
675.0
 72
1
 10
600.6403260000001865
 20
675.0
 11
596.9280160000001842
 21
675.0
 72
1
 10
596.9280160000001842
 20
675.0
 11
596.3976860000002489
 21
675.0
 72
1
 10
596.3976860000002489
 20
675.0
 11
596.3976860000002489
 21
672.3999999999999773
 72
1
 10
596.3976860000002489
 20
672.3999999999999773
 11
609.1256080000001703
 21
672.3999999999999773
 97
0
 75
0
 76
1
 98
0
  0
HATCH
  5
A1
  8
tornillos
 62
8
370
-1
  6
ByLayer
100
AcDbEntity
100
AcDbHatch
 10
0.0
 20
0.0
 30
0.0
210
0.0
220
0.0
230
1.0
  2
SOLID
 70
1
 71
0
 91
1
 92
1
 93
7
 72
1
 10
604.5294140000002017
 20
675.0
 11
604.5294140000002017
 21
679.0
 72
1
 10
604.5294140000002017
 20
679.0
 11
590.3872780000001512
 21
679.0
 72
1
 10
590.3872780000001512
 20
679.0
 11
590.3872780000001512
 21
675.0
 72
1
 10
590.3872780000001512
 20
675.0
 11
596.3976860000002489
 21
675.0
 72
1
 10
596.3976860000002489
 20
675.0
 11
596.9280160000001842
 21
675.0
 72
1
 10
596.9280160000001842
 20
675.0
 11
600.6403260000001865
 21
675.0
 72
1
 10
600.6403260000001865
 20
675.0
 11
604.5294140000002017
 21
675.0
 97
0
 75
0
 76
1
 98
0
  0
HATCH
  5
A2
  8
tornillos
 62
8
370
-1
  6
ByLayer
100
AcDbEntity
100
AcDbHatch
 10
0.0
 20
0.0
 30
0.0
210
0.0
220
0.0
230
1.0
  2
SOLID
 70
1
 71
0
 91
1
 92
1
 93
4
 72
1
 10
561.8908750000001646
 20
669.4000000000000909
 11
590.3872780000001512
 21
669.4000000000000909
 72
1
 10
590.3872780000001512
 20
669.4000000000000909
 11
590.3872780000001512
 21
648.0
 72
1
 10
590.3872780000001512
 20
648.0
 11
561.8908750000001646
 21
648.0
 72
1
 10
561.8908750000001646
 20
648.0
 11
561.8908750000001646
 21
669.4000000000000909
 97
0
 75
0
 76
1
 98
0
  0
HATCH
  5
A3
  8
tornillos
 62
8
370
-1
  6
ByLayer
100
AcDbEntity
100
AcDbHatch
 10
0.0
 20
0.0
 30
0.0
210
0.0
220
0.0
230
1.0
  2
SOLID
 70
1
 71
0
 91
1
 92
1
 93
15
 72
1
 10
561.8908750000001646
 20
675.0
 11
561.8908750000001646
 21
679.0
 72
1
 10
561.8908750000001646
 20
679.0
 11
563.9799170000002277
 21
679.5213560000000825
 72
1
 10
563.9799170000002277
 20
679.5213560000000825
 11
573.9116900000002488
 21
682.0
 72
1
 10
573.9116900000002488
 20
682.0
 11
582.8872780000001512
 21
682.0
 72
1
 10
582.8872780000001512
 20
682.0
 11
597.8872780000001512
 21
682.0
 72
1
 10
597.8872780000001512
 20
682.0
 11
603.1152010000001837
 21
682.0
 72
1
 10
603.1152010000001837
 20
682.0
 11
604.5294140000002017
 21
679.0
 72
1
 10
604.5294140000002017
 20
679.0
 11
604.5294140000002017
 21
675.0
 72
1
 10
604.5294140000002017
 20
675.0
 11
609.1256080000001703
 21
675.0
 72
1
 10
609.1256080000001703
 20
675.0
 11
609.1256080000001703
 21
672.3999999999999773
 72
1
 10
609.1256080000001703
 20
672.3999999999999773
 11
596.3976860000002489
 21
672.3999999999999773
 72
1
 10
596.3976860000002489
 20
672.3999999999999773
 11
590.3872780000001512
 21
672.3999999999999773
 72
1
 10
590.3872780000001512
 20
672.3999999999999773
 11
557.1256080000001703
 21
672.3999999999999773
 72
1
 10
557.1256080000001703
 20
672.3999999999999773
 11
557.1256080000001703
 21
675.0
 72
1
 10
557.1256080000001703
 20
675.0
 11
561.8908750000001646
 21
675.0
 97
0
 75
0
 76
1
 98
0
  0
HATCH
  5
A4
  8
tornillos
 62
8
370
-1
  6
ByLayer
100
AcDbEntity
100
AcDbHatch
 10
0.0
 20
0.0
 30
0.0
210
0.0
220
0.0
230
1.0
  2
SOLID
 70
1
 71
0
 91
1
 92
1
 93
4
 72
1
 10
590.3872780000001512
 20
648.0
 11
604.5294140000002017
 21
648.0
 72
1
 10
604.5294140000002017
 20
648.0
 11
604.5294140000002017
 21
669.4000000000000909
 72
1
 10
604.5294140000002017
 20
669.4000000000000909
 11
590.3872780000001512
 21
669.4000000000000909
 72
1
 10
590.3872780000001512
 20
669.4000000000000909
 11
590.3872780000001512
 21
648.0
 97
0
 75
0
 76
1
 98
0
  0
HATCH
  5
A5
  8
tornillos
 62
8
370
-1
  6
ByLayer
100
AcDbEntity
100
AcDbHatch
 10
0.0
 20
0.0
 30
0.0
210
0.0
220
0.0
230
1.0
  2
SOLID
 70
1
 71
0
 91
1
 92
1
 93
5
 72
1
 10
561.8908750000001646
 20
646.0
 11
604.5294140000002017
 21
646.0
 72
1
 10
604.5294140000002017
 20
646.0
 11
604.5294140000002017
 21
648.0
 72
1
 10
604.5294140000002017
 20
648.0
 11
590.3872780000001512
 21
648.0
 72
1
 10
590.3872780000001512
 20
648.0
 11
561.8908750000001646
 21
648.0
 72
1
 10
561.8908750000001646
 20
648.0
 11
561.8908750000001646
 21
646.0
 97
0
 75
0
 76
1
 98
0
  0
HATCH
  5
A6
  8
tornillos
 62
8
370
-1
  6
ByLayer
100
AcDbEntity
100
AcDbHatch
 10
0.0
 20
0.0
 30
0.0
210
0.0
220
0.0
230
1.0
  2
SOLID
 70
1
 71
0
 91
1
 92
1
 93
5
 72
2
 10
648.3872780000000375
 20
716.6309880000000021
 40
1.0
 50
225.0
 51
315.0
 73
1
 72
1
 10
649.0943850000001021
 20
715.9238810000000512
 11
663.8038520000001199
 21
730.6333479999999554
 72
1
 10
663.8038520000001199
 20
730.6333479999999554
 11
662.7293580000000475
 21
731.3103709999999182
 72
1
 10
662.7293580000000475
 20
731.3103709999999182
 11
644.0266900000000305
 21
719.5773639999999887
 72
1
 10
644.0266900000000305
 20
719.5773639999999887
 11
647.6801720000000842
 21
715.923881999999935
 97
0
 75
0
 76
1
 98
0
  0
HATCH
  5
A7
  8
tornillos
 62
8
370
-1
  6
ByLayer
100
AcDbEntity
100
AcDbHatch
 10
0.0
 20
0.0
 30
0.0
210
0.0
220
0.0
230
1.0
  2
SOLID
 70
1
 71
0
 91
1
 92
1
 93
4
 72
1
 10
660.0398410000001377
 20
755.153609000000074
 11
662.7357450000000654
 21
754.5098110000000133
 72
1
 10
662.7357450000000654
 20
754.5098110000000133
 11
665.4385360000001128
 21
755.1583239999999932
 72
1
 10
665.4385360000001128
 20
755.1583239999999932
 11
662.7415460000000849
 21
757.8553140000000212
 72
1
 10
662.7415460000000849
 20
757.8553140000000212
 11
660.0398410000001377
 21
755.153609000000074
 97
0
 75
0
 76
1
 98
0
  0
HATCH
  5
A8
  8
tornillos
 62
8
370
-1
  6
ByLayer
100
AcDbEntity
100
AcDbHatch
 10
0.0
 20
0.0
 30
0.0
210
0.0
220
0.0
230
1.0
  2
SOLID
 70
1
 71
0
 91
1
 92
1
 93
6
 72
1
 10
652.2415460000000849
 20
688.0
 11
673.2415460000000849
 21
688.0
 72
1
 10
673.2415460000000849
 20
688.0
 11
673.2415460000000849
 21
690.0
 72
1
 10
673.2415460000000849
 20
690.0
 11
667.2415460000000849
 21
690.0
 72
1
 10
667.2415460000000849
 20
690.0
 11
658.2415460000000849
 21
690.0
 72
1
 10
658.2415460000000849
 20
690.0
 11
652.2415460000000849
 21
690.0
 72
1
 10
652.2415460000000849
 20
690.0
 11
652.2415460000000849
 21
688.0
 97
0
 75
0
 76
1
 98
0
  0
HATCH
  5
A9
  8
tornillos
 62
8
370
-1
  6
ByLayer
100
AcDbEntity
100
AcDbHatch
 10
0.0
 20
0.0
 30
0.0
210
0.0
220
0.0
230
1.0
  2
SOLID
 70
1
 71
0
 91
1
 92
1
 93
3
 72
1
 10
636.3341850000000477
 20
679.5213560000000825
 11
638.4877840000000333
 21
682.0
 72
1
 10
638.4877840000000333
 20
682.0
 11
646.2659580000000688
 21
682.0
 72
1
 10
646.2659580000000688
 20
682.0
 11
636.3341850000000477
 21
679.5213560000000825
 97
0
 75
0
 76
1
 98
0
  0
HATCH
  5
AA
  8
tornillos
 62
8
370
-1
  6
ByLayer
100
AcDbEntity
100
AcDbHatch
 10
0.0
 20
0.0
 30
0.0
210
0.0
220
0.0
230
1.0
  2
SOLID
 70
1
 71
0
 91
1
 92
1
 93
4
 72
1
 10
655.2415460000000849
 20
682.0
 11
670.2415460000000849
 21
682.0
 72
1
 10
670.2415460000000849
 20
682.0
 11
667.7415460000000849
 21
684.0
 72
1
 10
667.7415460000000849
 20
684.0
 11
657.7415460000000849
 21
684.0
 72
1
 10
657.7415460000000849
 20
684.0
 11
655.2415460000000849
 21
682.0
 97
0
 75
0
 76
1
 98
0
  0
HATCH
  5
AB
  8
tornillos
 62
8
370
-1
  6
ByLayer
100
AcDbEntity
100
AcDbHatch
 10
0.0
 20
0.0
 30
0.0
210
0.0
220
0.0
230
1.0
  2
SOLID
 70
1
 71
0
 91
1
 92
1
 93
4
 72
1
 10
659.7415460000000849
 20
691.0
 11
658.2415460000000849
 21
690.0
 72
1
 10
658.2415460000000849
 20
690.0
 11
667.2415460000000849
 21
690.0
 72
1
 10
667.2415460000000849
 20
690.0
 11
665.7415460000000849
 21
691.0
 72
1
 10
665.7415460000000849
 20
691.0
 11
659.7415460000000849
 21
691.0
 97
0
 75
0
 76
1
 98
0
  0
HATCH
  5
AC
  8
tornillos
 62
8
370
-1
  6
ByLayer
100
AcDbEntity
100
AcDbHatch
 10
0.0
 20
0.0
 30
0.0
210
0.0
220
0.0
230
1.0
  2
SOLID
 70
1
 71
0
 91
1
 92
1
 93
4
 72
1
 10
672.9945940000001201
 20
675.0
 11
670.3429440000001023
 21
677.1797809999999345
 72
1
 10
670.3429440000001023
 20
677.1797809999999345
 11
669.2822840000001179
 21
677.1797809999999345
 72
1
 10
669.2822840000001179
 20
677.1797809999999345
 11
669.2822840000001179
 21
675.0
 72
1
 10
669.2822840000001179
 20
675.0
 11
672.9945940000001201
 21
675.0
 97
0
 75
0
 76
1
 98
0
  0
HATCH
  5
AD
  8
tornillos
 62
8
370
-1
  6
ByLayer
100
AcDbEntity
100
AcDbHatch
 10
0.0
 20
0.0
 30
0.0
210
0.0
220
0.0
230
1.0
  2
SOLID
 70
1
 71
0
 91
1
 92
1
 93
5
 72
1
 10
675.4694690000001174
 20
682.0
 11
676.8836820000000216
 21
679.0
 72
1
 10
676.8836820000000216
 20
679.0
 11
662.7415460000000849
 21
679.0
 72
1
 10
662.7415460000000849
 20
679.0
 11
661.3273320000000695
 21
682.0
 72
1
 10
661.3273320000000695
 20
682.0
 11
670.2415460000000849
 21
682.0
 72
1
 10
670.2415460000000849
 20
682.0
 11
675.4694690000001174
 21
682.0
 97
0
 75
0
 76
1
 98
0
  0
HATCH
  5
AE
  8
tornillos
 62
8
370
-1
  6
ByLayer
100
AcDbEntity
100
AcDbHatch
 10
0.0
 20
0.0
 30
0.0
210
0.0
220
0.0
230
1.0
  2
SOLID
 70
1
 71
0
 91
1
 92
1
 93
7
 72
1
 10
681.4798760000001039
 20
672.3999999999999773
 11
681.4798760000001039
 21
675.0
 72
1
 10
681.4798760000001039
 20
675.0
 11
676.8836820000000216
 21
675.0
 72
1
 10
676.8836820000000216
 20
675.0
 11
672.9945940000001201
 21
675.0
 72
1
 10
672.9945940000001201
 20
675.0
 11
669.2822840000001179
 21
675.0
 72
1
 10
669.2822840000001179
 20
675.0
 11
668.7519540000000688
 21
675.0
 72
1
 10
668.7519540000000688
 20
675.0
 11
668.7519540000000688
 21
672.3999999999999773
 72
1
 10
668.7519540000000688
 20
672.3999999999999773
 11
681.4798760000001039
 21
672.3999999999999773
 97
0
 75
0
 76
1
 98
0
  0
HATCH
  5
AF
  8
tornillos
 62
8
370
-1
  6
ByLayer
100
AcDbEntity
100
AcDbHatch
 10
0.0
 20
0.0
 30
0.0
210
0.0
220
0.0
230
1.0
  2
SOLID
 70
1
 71
0
 91
1
 92
1
 93
7
 72
1
 10
676.8836820000000216
 20
675.0
 11
676.8836820000000216
 21
679.0
 72
1
 10
676.8836820000000216
 20
679.0
 11
662.7415460000000849
 21
679.0
 72
1
 10
662.7415460000000849
 20
679.0
 11
662.7415460000000849
 21
675.0
 72
1
 10
662.7415460000000849
 20
675.0
 11
668.7519540000000688
 21
675.0
 72
1
 10
668.7519540000000688
 20
675.0
 11
669.2822840000001179
 21
675.0
 72
1
 10
669.2822840000001179
 20
675.0
 11
672.9945940000001201
 21
675.0
 72
1
 10
672.9945940000001201
 20
675.0
 11
676.8836820000000216
 21
675.0
 97
0
 75
0
 76
1
 98
0
  0
HATCH
  5
B0
  8
tornillos
 62
8
370
-1
  6
ByLayer
100
AcDbEntity
100
AcDbHatch
 10
0.0
 20
0.0
 30
0.0
210
0.0
220
0.0
230
1.0
  2
SOLID
 70
1
 71
0
 91
1
 92
1
 93
4
 72
1
 10
634.2451430000000983
 20
669.4000000000000909
 11
662.7415460000000849
 21
669.4000000000000909
 72
1
 10
662.7415460000000849
 20
669.4000000000000909
 11
662.7415460000000849
 21
648.0
 72
1
 10
662.7415460000000849
 20
648.0
 11
634.2451430000000983
 21
648.0
 72
1
 10
634.2451430000000983
 20
648.0
 11
634.2451430000000983
 21
669.4000000000000909
 97
0
 75
0
 76
1
 98
0
  0
HATCH
  5
B1
  8
tornillos
 62
8
370
-1
  6
ByLayer
100
AcDbEntity
100
AcDbHatch
 10
0.0
 20
0.0
 30
0.0
210
0.0
220
0.0
230
1.0
  2
SOLID
 70
1
 71
0
 91
1
 92
1
 93
15
 72
1
 10
634.2451430000000983
 20
675.0
 11
634.2451430000000983
 21
679.0
 72
1
 10
634.2451430000000983
 20
679.0
 11
636.3341850000000477
 21
679.5213560000000825
 72
1
 10
636.3341850000000477
 20
679.5213560000000825
 11
646.2659580000000688
 21
682.0
 72
1
 10
646.2659580000000688
 20
682.0
 11
655.2415460000000849
 21
682.0
 72
1
 10
655.2415460000000849
 20
682.0
 11
670.2415460000000849
 21
682.0
 72
1
 10
670.2415460000000849
 20
682.0
 11
675.4694690000001174
 21
682.0
 72
1
 10
675.4694690000001174
 20
682.0
 11
676.8836820000000216
 21
679.0
 72
1
 10
676.8836820000000216
 20
679.0
 11
676.8836820000000216
 21
675.0
 72
1
 10
676.8836820000000216
 20
675.0
 11
681.4798760000001039
 21
675.0
 72
1
 10
681.4798760000001039
 20
675.0
 11
681.4798760000001039
 21
672.3999999999999773
 72
1
 10
681.4798760000001039
 20
672.3999999999999773
 11
668.7519540000000688
 21
672.3999999999999773
 72
1
 10
668.7519540000000688
 20
672.3999999999999773
 11
662.7415460000000849
 21
672.3999999999999773
 72
1
 10
662.7415460000000849
 20
672.3999999999999773
 11
629.4798760000002176
 21
672.3999999999999773
 72
1
 10
629.4798760000002176
 20
672.3999999999999773
 11
629.4798760000002176
 21
675.0
 72
1
 10
629.4798760000002176
 20
675.0
 11
634.2451430000000983
 21
675.0
 97
0
 75
0
 76
1
 98
0
  0
HATCH
  5
B2
  8
tornillos
 62
8
370
-1
  6
ByLayer
100
AcDbEntity
100
AcDbHatch
 10
0.0
 20
0.0
 30
0.0
210
0.0
220
0.0
230
1.0
  2
SOLID
 70
1
 71
0
 91
1
 92
1
 93
4
 72
1
 10
662.7415460000000849
 20
648.0
 11
676.8836820000000216
 21
648.0
 72
1
 10
676.8836820000000216
 20
648.0
 11
676.8836820000000216
 21
669.4000000000000909
 72
1
 10
676.8836820000000216
 20
669.4000000000000909
 11
662.7415460000000849
 21
669.4000000000000909
 72
1
 10
662.7415460000000849
 20
669.4000000000000909
 11
662.7415460000000849
 21
648.0
 97
0
 75
0
 76
1
 98
0
  0
HATCH
  5
B3
  8
tornillos
 62
8
370
-1
  6
ByLayer
100
AcDbEntity
100
AcDbHatch
 10
0.0
 20
0.0
 30
0.0
210
0.0
220
0.0
230
1.0
  2
SOLID
 70
1
 71
0
 91
1
 92
1
 93
5
 72
1
 10
634.2451430000000983
 20
646.0
 11
676.8836820000000216
 21
646.0
 72
1
 10
676.8836820000000216
 20
646.0
 11
676.8836820000000216
 21
648.0
 72
1
 10
676.8836820000000216
 20
648.0
 11
662.7415460000000849
 21
648.0
 72
1
 10
662.7415460000000849
 20
648.0
 11
634.2451430000000983
 21
648.0
 72
1
 10
634.2451430000000983
 20
648.0
 11
634.2451430000000983
 21
646.0
 97
0
 75
0
 76
1
 98
0
  0
LINE
  5
B4
100
AcDbEntity
100
AcDbLine
  8
0
 62
0
370
0
  6
CONTINUOUS
 10
800.0
 20
255.9999680000000239
 30
0.0
 11
800.0
 21
0.0
 31
0.0
  0
LINE
  5
B5
100
AcDbEntity
100
AcDbLine
  8
0
 62
0
370
0
  6
CONTINUOUS
 10
794.8799679999999626
 20
250.8799680000000194
 30
0.0
 11
794.8799679999999626
 21
115.1999999999999886
 31
0.0
  0
POINT
  5
B6
100
AcDbEntity
100
AcDbPoint
  8
0
 62
0
370
0
  6
CONTINUOUS
 10
794.8799679999999626
 20
110.0800000000000125
 30
0.0
  0
POINT
  5
B7
100
AcDbEntity
100
AcDbPoint
  8
0
 62
0
370
0
  6
CONTINUOUS
 10
794.8799679999999626
 20
5.120000000000001
 30
0.0
  0
LINE
  5
B8
100
AcDbEntity
100
AcDbLine
  8
0
 62
0
370
0
  6
CONTINUOUS
 10
794.8799679999999626
 20
5.120000000000001
 30
0.0
 11
794.8799679999999626
 21
110.0800000000000125
 31
0.0
  0
MTEXT
  5
B9
100
AcDbEntity
100
AcDbMText
  8
0
 62
0
370
0
  6
CONTINUOUS
 10
728.3199680000000171
 20
61.4399999999999977
 30
0.0
 40
7.6799999999999997
 41
400.0
 71
7
 72
2
  1
PLANO\~No:
  7
Normal_fix
 50
0.0
 73
0
 44
1.0
  0
LINE
  5
BA
100
AcDbEntity
100
AcDbLine
  8
0
 62
0
370
0
  6
CONTINUOUS
 10
723.1999359999999797
 20
74.2399999999999949
 30
0.0
 11
723.1999359999999797
 21
5.120000000000001
 31
0.0
  0
LINE
  5
BB
100
AcDbEntity
100
AcDbLine
  8
0
 62
0
370
0
  6
CONTINUOUS
 10
256.0
 20
255.9999680000000239
 30
0.0
 11
800.0
 21
255.9999680000000239
 31
0.0
  0
LINE
  5
BC
100
AcDbEntity
100
AcDbLine
  8
0
 62
0
370
0
  6
CONTINUOUS
 10
256.0
 20
0.0
 30
0.0
 11
256.0
 21
255.9999680000000239
 31
0.0
  0
LINE
  5
BD
100
AcDbEntity
100
AcDbLine
  8
0
 62
0
370
0
  6
CONTINUOUS
 10
794.8799679999999626
 20
250.8799680000000194
 30
0.0
 11
639.9999679999999671
 21
250.8799680000000194
 31
0.0
  0
LINE
  5
BE
100
AcDbEntity
100
AcDbLine
  8
0
 62
0
370
0
  6
CONTINUOUS
 10
639.9999679999999671
 20
250.8799680000000194
 30
0.0
 11
639.9999679999999671
 21
115.1999999999999886
 31
0.0
  0
LINE
  5
BF
100
AcDbEntity
100
AcDbLine
  8
0
 62
0
370
0
  6
CONTINUOUS
 10
634.8799679999999626
 20
174.0800000000000125
 30
0.0
 11
634.8799679999999626
 21
115.1999999999999886
 31
0.0
  0
POINT
  5
C0
100
AcDbEntity
100
AcDbPoint
  8
0
 62
0
370
0
  6
CONTINUOUS
 10
261.1200000000000045
 20
174.0800000000000125
 30
0.0
  0
LINE
  5
C1
100
AcDbEntity
100
AcDbLine
  8
0
 62
0
370
0
  6
CONTINUOUS
 10
261.1200000000000045
 20
174.0800000000000125
 30
0.0
 11
634.8799679999999626
 21
174.0800000000000125
 31
0.0
  0
LINE
  5
C2
100
AcDbEntity
100
AcDbLine
  8
0
 62
0
370
0
  6
CONTINUOUS
 10
634.8799679999999626
 20
250.8799680000000194
 30
0.0
 11
634.8799679999999626
 21
179.1999999999999886
 31
0.0
  0
LINE
  5
C3
100
AcDbEntity
100
AcDbLine
  8
0
 62
0
370
0
  6
CONTINUOUS
 10
261.1200000000000045
 20
250.8799680000000194
 30
0.0
 11
634.8799679999999626
 21
250.8799680000000194
 31
0.0
  0
LINE
  5
C4
100
AcDbEntity
100
AcDbLine
  8
0
 62
0
370
0
  6
CONTINUOUS
 10
634.8799679999999626
 20
179.1999999999999886
 30
0.0
 11
261.1200000000000045
 21
179.1999999999999886
 31
0.0
  0
LINE
  5
C5
100
AcDbEntity
100
AcDbLine
  8
0
 62
0
370
0
  6
CONTINUOUS
 10
261.1200000000000045
 20
179.1999999999999886
 30
0.0
 11
261.1200000000000045
 21
250.8799680000000194
 31
0.0
  0
LINE
  5
C6
100
AcDbEntity
100
AcDbLine
  8
0
 62
0
370
0
  6
CONTINUOUS
 10
261.1199679999999717
 20
115.1999999999999886
 30
0.0
 11
634.8799679999999626
 21
115.1999999999999886
 31
0.0
  0
MTEXT
  5
C7
100
AcDbEntity
100
AcDbMText
  8
0
 62
0
370
0
  6
CONTINUOUS
 10
268.8000000000000114
 20
128.0
 30
0.0
 40
7.6799999999999997
 41
400.0
 71
7
 72
2
  1
EMPLAZAMIENTO:
  7
Normal
 50
0.0
 73
0
 44
1.0
  0
LINE
  5
C8
100
AcDbEntity
100
AcDbLine
  8
0
 62
0
370
0
  6
CONTINUOUS
 10
794.8799679999999626
 20
115.1999680000000126
 30
0.0
 11
639.9999679999999671
 21
115.1999680000000126
 31
0.0
  0
LINE
  5
C9
100
AcDbEntity
100
AcDbLine
  8
0
 62
0
370
0
  6
CONTINUOUS
 10
261.1199679999999717
 20
174.0800000000000125
 30
0.0
 11
261.1199679999999717
 21
115.1999999999999886
 31
0.0
  0
POINT
  5
CA
100
AcDbEntity
100
AcDbPoint
  8
0
 62
0
370
0
  6
CONTINUOUS
 10
261.1200000000000045
 20
110.0800000000000125
 30
0.0
  0
POINT
  5
CB
100
AcDbEntity
100
AcDbPoint
  8
0
 62
0
370
0
  6
CONTINUOUS
 10
261.1200000000000045
 20
5.120000000000001
 30
0.0
  0
POINT
  5
CC
100
AcDbEntity
100
AcDbPoint
  8
0
 62
0
370
0
  6
CONTINUOUS
 10
588.7999680000000353
 20
110.0800000000000125
 30
0.0
  0
LINE
  5
CD
100
AcDbEntity
100
AcDbLine
  8
0
 62
0
370
0
  6
CONTINUOUS
 10
593.9199680000000399
 20
110.0800000000000125
 30
0.0
 11
593.9199680000000399
 21
5.120000000000001
 31
0.0
  0
LINE
  5
CE
100
AcDbEntity
100
AcDbLine
  8
0
 62
0
370
0
  6
CONTINUOUS
 10
588.7999999999999545
 20
110.0800000000000125
 30
0.0
 11
588.7999999999999545
 21
5.120000000000001
 31
0.0
  0
LINE
  5
CF
100
AcDbEntity
100
AcDbLine
  8
0
 62
0
370
0
  6
CONTINUOUS
 10
593.9199680000000399
 20
5.120000000000001
 30
0.0
 11
794.8799679999999626
 21
5.120000000000001
 31
0.0
  0
LINE
  5
D0
100
AcDbEntity
100
AcDbLine
  8
0
 62
0
370
0
  6
CONTINUOUS
 10
794.8799679999999626
 20
110.0800000000000125
 30
0.0
 11
593.9199680000000399
 21
110.0800000000000125
 31
0.0
  0
MTEXT
  5
D1
100
AcDbEntity
100
AcDbMText
  8
0
 62
0
370
0
  6
CONTINUOUS
 10
268.8000000000000114
 20
94.7199999999999989
 30
0.0
 40
7.6799999999999997
 41
400.0
 71
7
 72
2
  1
PLANO:
  7
Normal
 50
0.0
 73
0
 44
1.0
  0
LINE
  5
D2
100
AcDbEntity
100
AcDbLine
  8
0
 62
0
370
0
  6
CONTINUOUS
 10
261.1200000000000045
 20
87.0400000000000063
 30
0.0
 11
588.7999999999999545
 21
86.4502719999999982
 31
0.0
  0
LINE
  5
D3
100
AcDbEntity
100
AcDbLine
  8
0
 62
0
370
0
  6
CONTINUOUS
 10
424.9599999999999795
 20
86.74512
 30
0.0
 11
424.9599999999999795
 21
5.120000000000001
 31
0.0
  0
MTEXT
  5
D4
100
AcDbEntity
100
AcDbMText
  8
0
 62
0
370
0
  6
CONTINUOUS
 10
599.0399999999999636
 20
79.3599999999999994
 30
0.0
 40
7.6799999999999997
 41
400.0
 71
7
 72
2
  1
FECHA:
  7
Normal_fix
 50
0.0
 73
0
 44
1.0
  0
LINE
  5
D5
100
AcDbEntity
100
AcDbLine
  8
0
 62
0
370
0
  6
CONTINUOUS
 10
593.9199680000000399
 20
74.2399999999999949
 30
0.0
 11
794.8799679999999626
 21
74.2399999999999949
 31
0.0
  0
MTEXT
  5
D6
100
AcDbEntity
100
AcDbMText
  8
0
 62
0
370
0
  6
CONTINUOUS
 10
599.0399999999999636
 20
61.4399999999999977
 30
0.0
 40
7.6799999999999997
 41
400.0
 71
7
 72
2
  1
REF:
  7
Normal_fix
 50
0.0
 73
0
 44
1.0
  0
LINE
  5
D7
100
AcDbEntity
100
AcDbLine
  8
0
 62
0
370
0
  6
CONTINUOUS
 10
593.9199680000000399
 20
92.1599999999999966
 30
0.0
 11
794.8799679999999626
 21
92.1599999999999966
 31
0.0
  0
LINE
  5
D8
100
AcDbEntity
100
AcDbLine
  8
0
 62
0
370
0
  6
CONTINUOUS
 10
739.0083200000000261
 20
191.9496000000000038
 30
0.0
 11
739.0083200000000261
 21
115.1999680000000126
 31
0.0
  0
LINE
  5
D9
100
AcDbEntity
100
AcDbLine
  8
0
 62
0
370
0
  6
CONTINUOUS
 10
739.0083200000000261
 20
191.9496000000000038
 30
0.0
 11
794.8799679999999626
 21
191.9496000000000038
 31
0.0
  0
ARC
  5
DA
100
AcDbEntity
  8
0
 62
0
370
0
  6
CONTINUOUS
100
AcDbCircle
 10
766.9096640000000207
 20
163.3094719999999995
 30
0.0
 40
6.2910079999999997
100
AcDbArc
 50
105.1414259999999956
 51
177.1518250000000023
  0
ARC
  5
DB
100
AcDbEntity
  8
0
 62
0
370
0
  6
CONTINUOUS
100
AcDbCircle
 10
767.1511359999999513
 20
161.8689599999999871
 30
0.0
 40
7.7458879999999999
100
AcDbArc
 50
39.7507739999999998
 51
104.082335999999998
  0
ARC
  5
DC
100
AcDbEntity
  8
0
 62
0
370
0
  6
CONTINUOUS
100
AcDbCircle
 10
759.6741759999999886
 20
159.3768959999999879
 30
0.0
 40
15.3575999999999997
100
AcDbArc
 50
1.511741
 51
28.9984949999999984
  0
ARC
  5
DD
100
AcDbEntity
  8
0
 62
0
370
0
  6
CONTINUOUS
100
AcDbCircle
 10
780.7764479999999594
 20
158.3720639999999946
 30
0.0
 40
5.9203520000000003
100
AcDbArc
 50
166.2219540000000109
 51
199.2306670000000111
  0
ARC
  5
DE
100
AcDbEntity
  8
0
 62
0
370
0
  6
CONTINUOUS
100
AcDbCircle
 10
791.8932800000000043
 20
160.7891840000000059
 30
0.0
 40
17.2681919999999991
100
AcDbArc
 50
194.649169999999998
 51
215.9062649999999906
  0
ARC
  5
DF
100
AcDbEntity
  8
0
 62
0
370
0
  6
CONTINUOUS
100
AcDbCircle
 10
769.4424320000000534
 20
139.9580799999999954
 30
0.0
 40
13.6460480000000004
100
AcDbArc
 50
27.1358870000000003
 51
51.6654359999999997
  0
ARC
  5
E0
100
AcDbEntity
  8
0
 62
0
370
0
  6
CONTINUOUS
100
AcDbCircle
 10
762.9464319999999589
 20
138.2620799999999974
 30
0.0
 40
20.2528000000000006
100
AcDbArc
 50
7.4899529999999999
 51
23.0202850000000012
  0
ARC
  5
E1
100
AcDbEntity
  8
0
 62
0
370
0
  6
CONTINUOUS
100
AcDbCircle
 10
776.5906559999999672
 20
138.9762880000000109
 30
0.0
 40
6.7177280000000001
100
AcDbArc
 50
310.4211429999999723
 51
16.6588290000000008
  0
ARC
  5
E2
100
AcDbEntity
  8
0
 62
0
370
0
  6
CONTINUOUS
100
AcDbCircle
 10
779.1922879999999623
 20
136.1508479999999963
 30
0.0
 40
2.88368
100
AcDbArc
 50
218.8475039999999865
 51
307.4669489999999996
  0
ARC
  5
E3
100
AcDbEntity
  8
0
 62
0
370
0
  6
CONTINUOUS
100
AcDbCircle
 10
779.5585280000000239
 20
134.9840320000000133
 30
0.0
 40
2.6898240000000002
100
AcDbArc
 50
50.583835999999998
 51
193.8076320000000123
  0
ARC
  5
E4
100
AcDbEntity
  8
0
 62
0
370
0
  6
CONTINUOUS
100
AcDbCircle
 10
787.2364479999999958
 20
134.3220799999999997
 30
0.0
 40
3.7582719999999998
100
AcDbArc
 50
187.0304720000000032
 51
222.5198059999999884
  0
ARC
  5
E5
100
AcDbEntity
  8
0
 62
0
370
0
  6
CONTINUOUS
100
AcDbCircle
 10
792.1064320000000407
 20
139.5620800000000088
 30
0.0
 40
10.9040320000000008
100
AcDbArc
 50
225.5201869999999928
 51
239.3426360000000273
  0
ARC
  5
E6
100
AcDbEntity
  8
0
 62
0
370
0
  6
CONTINUOUS
100
AcDbCircle
 10
785.9664320000000544
 20
129.0620800000000088
 30
0.0
 40
1.26128
100
AcDbArc
 50
297.3777160000000208
 51
62.6222950000000012
  0
ARC
  5
E7
100
AcDbEntity
  8
0
 62
0
370
0
  6
CONTINUOUS
100
AcDbCircle
 10
790.7264320000000453
 20
112.2320640000000083
 30
0.0
 40
15.6546240000000001
100
AcDbArc
 50
119.4634250000000009
 51
136.6306610000000035
  0
ARC
  5
E8
100
AcDbEntity
  8
0
 62
0
370
0
  6
CONTINUOUS
100
AcDbCircle
 10
776.8776639999999816
 20
125.7006719999999973
 30
0.0
 40
3.672288
100
AcDbArc
 50
211.4970399999999984
 51
312.2427670000000148
  0
ARC
  5
E9
100
AcDbEntity
  8
0
 62
0
370
0
  6
CONTINUOUS
100
AcDbCircle
 10
779.7892480000000432
 20
125.8091200000000072
 30
0.0
 40
6.3737279999999998
100
AcDbArc
 50
157.3653260000000103
 51
198.5438540000000103
  0
ARC
  5
EA
100
AcDbEntity
  8
0
 62
0
370
0
  6
CONTINUOUS
100
AcDbCircle
 10
751.6664319999999861
 20
132.5820799999999906
 30
0.0
 40
22.6556800000000003
100
AcDbArc
 50
349.0074769999999944
 51
5.2676970000000001
  0
ARC
  5
EB
100
AcDbEntity
  8
0
 62
0
370
0
  6
CONTINUOUS
100
AcDbCircle
 10
775.1064320000000407
 20
135.2220800000000054
 30
0.0
 40
1.043072
100
AcDbArc
 50
57.5288090000000096
 51
212.4711910000000046
  0
ARC
  5
EC
100
AcDbEntity
  8
0
 62
0
370
0
  6
CONTINUOUS
100
AcDbCircle
 10
756.2264320000000453
 20
131.2220800000000054
 30
0.0
 40
8.1466560000000001
100
AcDbArc
 50
162.2767639999999858
 51
187.3343810000000076
  0
ARC
  5
ED
100
AcDbEntity
  8
0
 62
0
370
0
  6
CONTINUOUS
100
AcDbCircle
 10
754.3604800000000523
 20
135.4236160000000098
 30
0.0
 40
1.643904
100
AcDbArc
 50
37.3985860000000017
 51
149.33433500000001
  0
ARC
  5
EE
100
AcDbEntity
  8
0
 62
0
370
0
  6
CONTINUOUS
100
AcDbCircle
 10
726.5464319999999816
 20
111.4620799999999861
 30
0.0
 40
38.3533120000000025
100
AcDbArc
 50
26.7788390000000014
 51
40.6012950000000004
  0
ARC
  5
EF
100
AcDbEntity
  8
0
 62
0
370
0
  6
CONTINUOUS
100
AcDbCircle
 10
758.9616640000000416
 20
125.6830080000000009
 30
0.0
 40
3.5619519999999998
100
AcDbArc
 50
321.4263310000000047
 51
59.1833719999999985
  0
ARC
  5
F0
100
AcDbEntity
  8
0
 62
0
370
0
  6
CONTINUOUS
100
AcDbCircle
 10
759.091199999999958
 20
125.5725439999999935
 30
0.0
 40
3.3918080000000002
100
AcDbArc
 50
234.1855319999999665
 51
321.5210880000000202
  0
ARC
  5
F1
100
AcDbEntity
  8
0
 62
0
370
0
  6
CONTINUOUS
100
AcDbCircle
 10
763.3864320000000134
 20
134.1620800000000031
 30
0.0
 40
11.5156480000000006
100
AcDbArc
 50
140.143462999999997
 51
156.9974060000000122
  0
ARC
  5
F2
100
AcDbEntity
  8
0
 62
0
370
0
  6
CONTINUOUS
100
AcDbCircle
 10
740.4664320000000544
 20
148.1512960000000021
 30
0.0
 40
15.5540479999999999
100
AcDbArc
 50
334.8543700000000172
 51
350.9401550000000043
  0
ARC
  5
F3
100
AcDbEntity
  8
0
 62
0
370
0
  6
CONTINUOUS
100
AcDbCircle
 10
763.413120000000049
 20
143.5953920000000039
 30
0.0
 40
7.8737279999999998
100
AcDbArc
 50
136.0291599999999903
 51
164.481078999999994
  0
ARC
  5
F4
100
AcDbEntity
  8
0
 62
0
370
0
  6
CONTINUOUS
100
AcDbCircle
 10
743.3464320000000498
 20
162.6887360000000058
 30
0.0
 40
19.8253759999999986
100
AcDbArc
 50
316.5805359999999951
 51
328.811554000000001
  0
ARC
  5
F5
100
AcDbEntity
  8
0
 62
0
370
0
  6
CONTINUOUS
100
AcDbCircle
 10
756.8464320000000498
 20
154.8220799999999997
 30
0.0
 40
4.2108800000000004
100
AcDbArc
 50
325.2532039999999824
 51
13.178191
  0
ARC
  5
F6
100
AcDbEntity
  8
0
 62
0
370
0
  6
CONTINUOUS
100
AcDbCircle
 10
3116.7064000000000306
 20
255.8620799999999917
 30
0.0
 40
2357.8849599999998645
100
AcDbArc
 50
182.241973999999999
 51
182.4326320000000123
  0
ARC
  5
F7
100
AcDbEntity
  8
0
 62
0
370
0
  6
CONTINUOUS
100
AcDbCircle
 10
765.0619840000000522
 20
137.9065280000000087
 30
0.0
 40
11.3905600000000007
100
AcDbArc
 50
289.0853579999999852
 51
323.5682980000000271
  0
ARC
  5
F8
100
AcDbEntity
  8
0
 62
0
370
0
  6
CONTINUOUS
100
AcDbCircle
 10
789.9756479999999783
 20
169.4117439999999988
 30
0.0
 40
46.5991679999999988
100
AcDbArc
 50
220.5095829999999921
 51
232.2182620000000099
  0
ARC
  5
F9
100
AcDbEntity
  8
0
 62
0
370
0
  6
CONTINUOUS
100
AcDbCircle
 10
771.9064319999999952
 20
140.6620800000000031
 30
0.0
 40
7.6105280000000004
100
AcDbArc
 50
3.012788
 51
56.1428909999999988
  0
ARC
  5
FA
100
AcDbEntity
  8
0
 62
0
370
0
  6
CONTINUOUS
100
AcDbCircle
 10
763.506432000000018
 20
153.7020799999999952
 30
0.0
 40
1.6000000000000001
100
AcDbArc
 50
143.1300960000000089
 51
216.8699039999999911
  0
ARC
  5
FB
100
AcDbEntity
  8
0
 62
0
370
0
  6
CONTINUOUS
100
AcDbCircle
 10
776.7902400000000398
 20
141.3553919999999948
 30
0.0
 40
18.4867840000000001
100
AcDbArc
 50
141.9800419999999974
 51
155.3625790000000109
  0
ARC
  5
FC
100
AcDbEntity
  8
0
 62
0
370
0
  6
CONTINUOUS
100
AcDbCircle
 10
761.4264319999999771
 20
148.0220799999999883
 30
0.0
 40
1.7762880000000001
100
AcDbArc
 50
144.1623539999999934
 51
215.8376460000000066
  0
ARC
  5
FD
100
AcDbEntity
  8
0
 62
0
370
0
  6
CONTINUOUS
100
AcDbCircle
 10
768.506432000000018
 20
138.5420799999999986
 30
0.0
 40
11.9926720000000007
100
AcDbArc
 50
135.2702639999999974
 51
187.8598479999999995
  0
ARC
  5
FE
100
AcDbEntity
  8
0
 62
0
370
0
  6
CONTINUOUS
100
AcDbCircle
 10
758.0575360000000273
 20
144.4665280000000109
 30
0.0
 40
16.3169280000000008
100
AcDbArc
 50
11.1507780000000007
 51
32.4520419999999987
  0
ARC
  5
FF
100
AcDbEntity
  8
0
 62
0
370
0
  6
CONTINUOUS
100
AcDbCircle
 10
770.7864319999999907
 20
153.7020799999999952
 30
0.0
 40
1.14544
100
AcDbArc
 50
335.2248539999999934
 51
77.9052429999999987
  0
ARC
  5
100
100
AcDbEntity
  8
0
 62
0
370
0
  6
CONTINUOUS
100
AcDbCircle
 10
798.5337919999999485
 20
138.0599679999999978
 30
0.0
 40
35.0325440000000015
100
AcDbArc
 50
172.1873779999999954
 51
185.5660100000000057
  0
ARC
  5
101
100
AcDbEntity
  8
0
 62
0
370
0
  6
CONTINUOUS
100
AcDbCircle
 10
767.1423039999999673
 20
136.5765440000000126
 30
0.0
 40
11.1225919999999991
100
AcDbArc
 50
44.8593219999999988
 51
78.1493990000000025
  0
ARC
  5
102
100
AcDbEntity
  8
0
 62
0
370
0
  6
CONTINUOUS
100
AcDbCircle
 10
773.6824319999999489
 20
133.7660799999999881
 30
0.0
 40
14.3420480000000001
100
AcDbArc
 50
91.6621319999999997
 51
107.262512000000001
  0
ARC
  5
103
100
AcDbEntity
  8
0
 62
0
370
0
  6
CONTINUOUS
100
AcDbCircle
 10
763.275327999999945
 20
160.8753920000000051
 30
0.0
 40
1.5225919999999999
100
AcDbArc
 50
7.0420389999999999
 51
154.0333100000000002
  0
ARC
  5
104
100
AcDbEntity
  8
0
 62
0
370
0
  6
CONTINUOUS
100
AcDbCircle
 10
762.2222400000000562
 20
149.6852159999999969
 30
0.0
 40
2.069696
100
AcDbArc
 50
202.2343140000000119
 51
274.5506899999999746
  0
ARC
  5
105
100
AcDbEntity
  8
0
 62
0
370
0
  6
CONTINUOUS
100
AcDbCircle
 10
770.6264320000000225
 20
127.1420799999999929
 30
0.0
 40
22.0755200000000009
100
AcDbArc
 50
111.9170840000000027
 51
121.2130200000000002
  0
ARC
  5
106
100
AcDbEntity
  8
0
 62
0
370
0
  6
CONTINUOUS
100
AcDbCircle
 10
761.0575999999999794
 20
131.2390719999999931
 30
0.0
 40
1.392736
100
AcDbArc
 50
278.6243590000000268
 51
74.6427000000000049
  0
ARC
  5
107
100
AcDbEntity
  8
0
 62
0
370
0
  6
CONTINUOUS
100
AcDbCircle
 10
754.5197759999999789
 20
137.8620799999999917
 30
0.0
 40
1.9090560000000001
100
AcDbArc
 50
155.2248539999999934
 51
224.0770870000000059
  0
ARC
  5
108
100
AcDbEntity
  8
0
 62
0
370
0
  6
CONTINUOUS
100
AcDbCircle
 10
745.0647040000000061
 20
129.1107519999999909
 30
0.0
 40
3.2626240000000002
100
AcDbArc
 50
314.2632449999999835
 51
19.1689760000000007
  0
ARC
  5
109
100
AcDbEntity
  8
0
 62
0
370
0
  6
CONTINUOUS
100
AcDbCircle
 10
748.4435839999999871
 20
126.5020800000000065
 30
0.0
 40
1.134816
100
AcDbArc
 50
166.1223300000000052
 51
279.2726139999999759
  0
ARC
  5
10A
100
AcDbEntity
  8
0
 62
0
370
0
  6
CONTINUOUS
100
AcDbCircle
 10
770.9772159999999985
 20
183.2220800000000054
 30
0.0
 40
62.0082560000000029
100
AcDbArc
 50
248.8722689999999886
 51
256.9222720000000209
  0
ARC
  5
10B
100
AcDbEntity
  8
0
 62
0
370
0
  6
CONTINUOUS
100
AcDbCircle
 10
750.980735999999979
 20
136.2735040000000026
 30
0.0
 40
1.96576
100
AcDbArc
 50
261.5655820000000062
 51
359.6669009999999957
  0
ARC
  5
10C
100
AcDbEntity
  8
0
 62
0
370
0
  6
CONTINUOUS
100
AcDbCircle
 10
751.0896000000000186
 20
128.653663999999992
 30
0.0
 40
5.6892480000000001
100
AcDbArc
 50
94.0034409999999951
 51
117.4563749999999942
  0
ARC
  5
10D
100
AcDbEntity
  8
0
 62
0
370
0
  6
CONTINUOUS
100
AcDbCircle
 10
767.9864320000000362
 20
100.0020800000000065
 30
0.0
 40
24.7420800000000014
100
AcDbArc
 50
76.9185939999999988
 51
103.7120359999999977
  0
ARC
  5
10E
100
AcDbEntity
  8
0
 62
0
370
0
  6
CONTINUOUS
100
AcDbCircle
 10
765.9079359999999497
 20
135.5330240000000117
 30
0.0
 40
8.8709439999999997
100
AcDbArc
 50
243.6871949999999742
 51
288.9343870000000152
  0
ARC
  5
10F
100
AcDbEntity
  8
0
 62
0
370
0
  6
CONTINUOUS
100
AcDbCircle
 10
781.6264320000000225
 20
134.382080000000002
 30
0.0
 40
1.9505920000000001
100
AcDbArc
 50
344.5387880000000109
 51
58.7759480000000067
  0
ARC
  5
110
100
AcDbEntity
  8
0
 62
0
370
0
  6
CONTINUOUS
100
AcDbCircle
 10
765.2464320000000271
 20
142.4520640000000071
 30
0.0
 40
14.3275839999999999
100
AcDbArc
 50
339.9261169999999765
 51
354.4326479999999719
  0
ARC
  5
111
100
AcDbEntity
  8
0
 62
0
370
0
  6
CONTINUOUS
100
AcDbCircle
 10
763.6255999999999631
 20
139.8399359999999945
 30
0.0
 40
13.0220160000000007
100
AcDbArc
 50
341.8895259999999894
 51
36.6991420000000019
  0
ARC
  5
112
100
AcDbEntity
  8
0
 62
0
370
0
  6
CONTINUOUS
100
AcDbCircle
 10
777.3220479999999952
 20
137.5594879999999876
 30
0.0
 40
2.2057280000000001
100
AcDbArc
 50
221.3573000000000093
 51
258.9743040000000178
  0
ARC
  5
113
100
AcDbEntity
  8
0
 62
0
370
0
  6
CONTINUOUS
100
AcDbCircle
 10
765.5377280000000155
 20
139.107295999999991
 30
0.0
 40
10.1913599999999995
100
AcDbArc
 50
138.4866330000000119
 51
185.2003170000000125
  0
ARC
  5
114
100
AcDbEntity
  8
0
 62
0
370
0
  6
CONTINUOUS
100
AcDbCircle
 10
768.4199999999999591
 20
159.9575680000000091
 30
0.0
 40
3.1014400000000002
100
AcDbArc
 50
311.9663699999999835
 51
62.0284580000000076
  0
ARC
  5
115
100
AcDbEntity
  8
0
 62
0
370
0
  6
CONTINUOUS
100
AcDbCircle
 10
765.9064319999999952
 20
157.382080000000002
 30
0.0
 40
1.9266559999999999
100
AcDbArc
 50
30.362410999999998
 51
138.366455000000002
  0
ARC
  5
116
100
AcDbEntity
  8
0
 62
0
370
0
  6
CONTINUOUS
100
AcDbCircle
 10
763.1597759999999653
 20
155.938272000000012
 30
0.0
 40
1.581056
100
AcDbArc
 50
116.2053449999999941
 51
233.8203739999999584
  0
ARC
  5
117
100
AcDbEntity
  8
0
 62
0
370
0
  6
CONTINUOUS
100
AcDbCircle
 10
766.3464320000000498
 20
153.5820799999999906
 30
0.0
 40
5.4167040000000002
100
AcDbArc
 50
110.308441000000002
 51
135.8235019999999906
  0
ARC
  5
118
100
AcDbEntity
  8
0
 62
0
370
0
  6
CONTINUOUS
100
AcDbCircle
 10
761.506432000000018
 20
160.5020800000000065
 30
0.0
 40
3.3274560000000002
100
AcDbArc
 50
324.2603760000000079
 51
9.6887869999999996
  0
ARC
  5
119
100
AcDbEntity
  8
0
 62
0
370
0
  6
CONTINUOUS
100
AcDbCircle
 10
766.5154240000000527
 20
159.5527360000000101
 30
0.0
 40
5.0199999999999996
100
AcDbArc
 50
156.6539919999999881
 51
208.8717800000000011
  0
ARC
  5
11A
100
AcDbEntity
  8
0
 62
0
370
0
  6
CONTINUOUS
100
AcDbCircle
 10
767.694656000000009
 20
152.5004480000000058
 30
0.0
 40
5.8568319999999998
100
AcDbArc
 50
62.6389619999999994
 51
91.2309800000000024
  0
ARC
  5
11B
100
AcDbEntity
  8
0
 62
0
370
0
  6
CONTINUOUS
100
AcDbCircle
 10
770.9698240000000169
 20
160.857120000000009
 30
0.0
 40
4.1318720000000004
100
AcDbArc
 50
188.8350680000000068
 51
217.2301030000000139
  0
ARC
  5
11C
100
AcDbEntity
  8
0
 62
0
370
0
  6
CONTINUOUS
100
AcDbCircle
 10
769.1306240000000116
 20
160.5541760000000124
 30
0.0
 40
2.2680319999999998
100
AcDbArc
 50
70.8492889999999989
 51
190.299209999999988
  0
ARC
  5
11D
100
AcDbEntity
  8
0
 62
0
370
0
  6
CONTINUOUS
100
AcDbCircle
 10
763.052063999999973
 20
160.1827199999999891
 30
0.0
 40
0.48
100
AcDbArc
 50
63.3159940000000034
 51
150.1225589999999954
  0
ARC
  5
11E
100
AcDbEntity
  8
0
 62
0
370
0
  6
CONTINUOUS
100
AcDbCircle
 10
762.6390720000000556
 20
159.3610239999999862
 30
0.0
 40
1.399648
100
AcDbArc
 50
344.2913510000000201
 51
63.3159940000000034
  0
ARC
  5
11F
100
AcDbEntity
  8
0
 62
0
370
0
  6
CONTINUOUS
100
AcDbCircle
 10
764.3064319999999725
 20
159.4620799999999861
 30
0.0
 40
1.9266559999999999
100
AcDbArc
 50
150.1225589999999954
 51
232.2633209999999906
  0
ARC
  5
120
100
AcDbEntity
  8
0
 62
0
370
0
  6
CONTINUOUS
100
AcDbCircle
 10
769.2870400000000473
 20
160.3989440000000002
 30
0.0
 40
0.48
100
AcDbArc
 50
46.3694460000000035
 51
103.1804280000000063
  0
ARC
  5
121
100
AcDbEntity
  8
0
 62
0
370
0
  6
CONTINUOUS
100
AcDbCircle
 10
769.506432000000018
 20
159.4620799999999861
 30
0.0
 40
1.4422079999999999
100
AcDbArc
 50
103.1804280000000063
 51
235.6251679999999737
  0
ARC
  5
122
100
AcDbEntity
  8
0
 62
0
370
0
  6
CONTINUOUS
100
AcDbCircle
 10
768.5464319999999816
 20
159.6220800000000111
 30
0.0
 40
1.553312
100
AcDbArc
 50
291.8327939999999785
 51
46.3694460000000035
  0
ARC
  5
123
100
AcDbEntity
  8
0
 62
0
370
0
  6
CONTINUOUS
100
AcDbCircle
 10
770.4592639999999619
 20
155.3975680000000068
 30
0.0
 40
0.48
100
AcDbArc
 50
294.0325930000000199
 51
308.9663090000000238
  0
ARC
  5
124
100
AcDbEntity
  8
0
 62
0
370
0
  6
CONTINUOUS
100
AcDbCircle
 10
769.7693120000000135
 20
156.2506559999999922
 30
0.0
 40
1.5771839999999999
100
AcDbArc
 50
308.9663090000000238
 51
66.9649579999999958
  0
ARC
  5
125
100
AcDbEntity
  8
0
 62
0
370
0
  6
CONTINUOUS
100
AcDbCircle
 10
764.1270080000000462
 20
154.8060159999999996
 30
0.0
 40
0.48
100
AcDbArc
 50
244.8093409999999892
 51
261.6190189999999802
  0
ARC
  5
126
100
AcDbEntity
  8
0
 62
0
370
0
  6
CONTINUOUS
100
AcDbCircle
 10
767.004607999999962
 20
160.9239039999999932
 30
0.0
 40
7.2408320000000002
100
AcDbArc
 50
225.2441560000000038
 51
244.8093409999999892
  0
ARC
  5
127
100
AcDbEntity
  8
0
 62
0
370
0
  6
CONTINUOUS
100
AcDbCircle
 10
767.5552639999999656
 20
154.5479679999999973
 30
0.0
 40
0.48
100
AcDbArc
 50
110.9201199999999972
 51
120.3219600000000042
  0
ARC
  5
128
100
AcDbEntity
  8
0
 62
0
370
0
  6
CONTINUOUS
100
AcDbCircle
 10
764.7864319999999907
 20
159.2820800000000077
 30
0.0
 40
5.0043519999999999
100
AcDbArc
 50
261.6190189999999802
 51
300.32195999999999
  0
ARC
  5
129
100
AcDbEntity
  8
0
 62
0
370
0
  6
CONTINUOUS
100
AcDbCircle
 10
762.3521600000000262
 20
168.1591999999999985
 30
0.0
 40
14.0918399999999995
100
AcDbArc
 50
290.9201350000000161
 51
304.7597959999999944
  0
ARC
  5
12A
100
AcDbEntity
  8
0
 62
0
370
0
  6
CONTINUOUS
100
AcDbCircle
 10
764.7536639999999579
 20
154.3237760000000094
 30
0.0
 40
1.6000000000000001
100
AcDbArc
 50
218.7462920000000111
 51
251.5650789999999688
  0
ARC
  5
12B
100
AcDbEntity
  8
0
 62
0
370
0
  6
CONTINUOUS
100
AcDbCircle
 10
765.6664319999999861
 20
157.0620800000000088
 30
0.0
 40
4.4864319999999998
100
AcDbArc
 50
251.5650789999999688
 51
291.9911190000000261
  0
ARC
  5
12C
100
AcDbEntity
  8
0
 62
0
370
0
  6
CONTINUOUS
100
AcDbCircle
 10
755.1064320000000407
 20
146.5820799999999906
 30
0.0
 40
10.7694399999999995
100
AcDbArc
 50
38.7462919999999968
 51
48.6138800000000018
  0
ARC
  5
12D
100
AcDbEntity
  8
0
 62
0
370
0
  6
CONTINUOUS
100
AcDbCircle
 10
776.9450880000000552
 20
141.1539520000000039
 30
0.0
 40
15.1707839999999994
100
AcDbArc
 50
114.4963300000000004
 51
129.2501070000000141
  0
ARC
  5
12E
100
AcDbEntity
  8
0
 62
0
370
0
  6
CONTINUOUS
100
AcDbCircle
 10
760.855295999999953
 20
135.7711360000000127
 30
0.0
 40
5.9233599999999997
100
AcDbArc
 50
263.5004579999999805
 51
273.9800420000000258
  0
ARC
  5
12F
100
AcDbEntity
  8
0
 62
0
370
0
  6
CONTINUOUS
100
AcDbCircle
 10
792.8516799999999876
 20
113.2531840000000045
 30
0.0
 40
15.9849599999999992
100
AcDbArc
 50
113.2315830000000005
 51
127.926872000000003
  0
ARC
  5
130
100
AcDbEntity
  8
0
 62
0
370
0
  6
CONTINUOUS
100
AcDbCircle
 10
761.1176000000000386
 20
159.4619519999999966
 30
0.0
 40
2.9087040000000002
100
AcDbArc
 50
337.9531559999999786
 51
350.5036929999999984
  0
MTEXT
  5
131
100
AcDbEntity
100
AcDbMText
  8
0
 62
0
370
0
  6
CONTINUOUS
 10
767.0226239999999507
 20
181.916640000000001
 30
0.0
 40
5.1200000000000001
 41
400.0
 71
8
 72
2
  1
Powered\~by
  7
Normal
 50
0.0
 73
0
 44
1.0
  0
MTEXT
  5
132
100
AcDbEntity
100
AcDbMText
  8
0
 62
0
370
0
  6
CONTINUOUS
 10
767.0226239999999507
 20
174.7486399999999946
 30
0.0
 40
5.1200000000000001
 41
400.0
 71
8
 72
2
  1
LINUX
  7
Normal
 50
0.0
 73
0
 44
1.0
  0
LINE
  5
133
100
AcDbEntity
100
AcDbLine
  8
0
 62
0
370
0
  6
CONTINUOUS
 10
261.1200000000000045
 20
110.0800000000000125
 30
0.0
 11
588.7999680000000353
 21
110.0800000000000125
 31
0.0
  0
LINE
  5
134
100
AcDbEntity
100
AcDbLine
  8
0
 62
0
370
0
  6
CONTINUOUS
 10
261.1200000000000045
 20
5.120000000000001
 30
0.0
 11
588.7999680000000353
 21
5.120000000000001
 31
0.0
  0
LINE
  5
135
100
AcDbEntity
100
AcDbLine
  8
0
 62
0
370
0
  6
CONTINUOUS
 10
261.1200000000000045
 20
110.0800000000000125
 30
0.0
 11
261.1200000000000045
 21
5.120000000000001
 31
0.0
  0
LINE
  5
136
100
AcDbEntity
100
AcDbLine
  8
0
 62
0
370
0
  6
CONTINUOUS
 10
800.0
 20
0.0
 30
0.0
 11
256.0
 21
0.0
 31
0.0
  0
LINE
  5
137
100
AcDbEntity
100
AcDbLine
  8
0
 62
0
370
0
  6
CONTINUOUS
 10
0.0
 20
0.0
 30
0.0
 11
737.7046040000000175
 21
0.0
 31
0.0
  0
LINE
  5
138
100
AcDbEntity
100
AcDbLine
  8
0
 62
0
370
0
  6
CONTINUOUS
 10
0.0
 20
1132.0
 30
0.0
 11
0.0
 21
0.0
 31
0.0
  0
LINE
  5
139
100
AcDbEntity
100
AcDbLine
  8
0
 62
0
370
0
  6
CONTINUOUS
 10
0.0
 20
1132.0
 30
0.0
 11
800.0
 21
1132.0
 31
0.0
  0
LINE
  5
13A
100
AcDbEntity
100
AcDbLine
  8
0
 62
0
370
0
  6
CONTINUOUS
 10
800.0
 20
1132.0
 30
0.0
 11
800.0
 21
0.0
 31
0.0
  0
CIRCLE
  5
13B
100
AcDbEntity
100
AcDbCircle
  8
0
 62
0
370
0
  6
CONTINUOUS
 10
652.0
 20
228.0
 30
0.0
 40
4.0
  0
CIRCLE
  5
13C
100
AcDbEntity
100
AcDbCircle
  8
0
 62
0
370
0
  6
CONTINUOUS
 10
659.9324199999999792
 20
218.9957400000000121
 30
0.0
 40
4.0
  0
CIRCLE
  5
13D
100
AcDbEntity
100
AcDbCircle
  8
0
 62
0
370
0
  6
CONTINUOUS
 10
671.1284799999999677
 20
214.6773799999999994
 30
0.0
 40
4.0
  0
CIRCLE
  5
13E
100
AcDbEntity
100
AcDbCircle
  8
0
 62
0
370
0
  6
CONTINUOUS
 10
683.0869119999999839
 20
215.6753720000000101
 30
0.0
 40
4.0
  0
CIRCLE
  5
13F
100
AcDbEntity
100
AcDbCircle
  8
0
 62
0
370
0
  6
CONTINUOUS
 10
691.583411999999953
 20
224.1494199999999921
 30
0.0
 40
4.0
  0
CIRCLE
  5
140
100
AcDbEntity
100
AcDbCircle
  8
0
 62
0
370
0
  6
CONTINUOUS
 10
711.300736000000029
 20
235.7580919999999765
 30
0.0
 40
4.0
  0
CIRCLE
  5
141
100
AcDbEntity
100
AcDbCircle
  8
0
 62
0
370
0
  6
CONTINUOUS
 10
721.5370560000000069
 20
229.495679999999993
 30
0.0
 40
4.0
  0
CIRCLE
  5
142
100
AcDbEntity
100
AcDbCircle
  8
0
 62
0
370
0
  6
CONTINUOUS
 10
729.9821359999999686
 20
220.970388000000014
 30
0.0
 40
4.0
  0
CIRCLE
  5
143
100
AcDbEntity
100
AcDbCircle
  8
0
 62
0
370
0
  6
CONTINUOUS
 10
739.6560480000000553
 20
213.8700039999999944
 30
0.0
 40
4.0
  0
CIRCLE
  5
144
100
AcDbEntity
100
AcDbCircle
  8
0
 62
0
370
0
  6
CONTINUOUS
 10
751.2669479999999567
 20
210.8389919999999904
 30
0.0
 40
4.0
  0
CIRCLE
  5
145
100
AcDbEntity
100
AcDbCircle
  8
0
 62
0
370
0
  6
CONTINUOUS
 10
762.950935999999956
 20
213.5747479999999996
 30
0.0
 40
4.0
  0
CIRCLE
  5
146
100
AcDbEntity
100
AcDbCircle
  8
0
 62
0
370
0
  6
CONTINUOUS
 10
771.7849360000000161
 20
221.6963560000000086
 30
0.0
 40
4.0
  0
LINE
  5
147
100
AcDbEntity
100
AcDbLine
  8
0
 62
0
370
0
  6
CONTINUOUS
 10
654.6441399999999931
 20
224.998580000000004
 30
0.0
 11
657.2882799999999861
 21
221.997160000000008
 31
0.0
  0
LINE
  5
148
100
AcDbEntity
100
AcDbLine
  8
0
 62
0
370
0
  6
CONTINUOUS
 10
663.6644400000000132
 20
217.556287999999995
 30
0.0
 11
667.3964600000000473
 21
216.1168360000000064
 31
0.0
  0
LINE
  5
149
100
AcDbEntity
100
AcDbLine
  8
0
 62
0
370
0
  6
CONTINUOUS
 10
675.1146240000000489
 20
215.0100439999999935
 30
0.0
 11
679.1007680000000164
 21
215.3427079999999876
 31
0.0
  0
LINE
  5
14A
100
AcDbEntity
100
AcDbLine
  8
0
 62
0
370
0
  6
CONTINUOUS
 10
685.9190760000000182
 20
218.5000560000000007
 30
0.0
 11
688.7512440000000424
 21
221.3247360000000015
 31
0.0
  0
LINE
  5
14B
100
AcDbEntity
100
AcDbLine
  8
0
 62
0
370
0
  6
CONTINUOUS
 10
694.2571440000000393
 20
227.1245079999999916
 30
0.0
 11
696.9308800000000019
 21
230.0995959999999911
 31
0.0
  0
LINE
  5
14C
100
AcDbEntity
100
AcDbLine
  8
0
 62
0
370
0
  6
CONTINUOUS
 10
703.5033200000000306
 20
233.9691520000000082
 30
0.0
 11
707.402027999999973
 21
234.8636200000000258
 31
0.0
  0
LINE
  5
14D
100
AcDbEntity
100
AcDbLine
  8
0
 62
0
370
0
  6
CONTINUOUS
 10
714.7128440000000182
 20
233.6706199999999853
 30
0.0
 11
718.1249480000000176
 21
231.5831520000000125
 31
0.0
  0
LINE
  5
14E
100
AcDbEntity
100
AcDbLine
  8
0
 62
0
370
0
  6
CONTINUOUS
 10
724.3520800000000008
 20
226.6539160000000095
 30
0.0
 11
727.1671079999999847
 21
223.8121519999999975
 31
0.0
  0
LINE
  5
14F
100
AcDbEntity
100
AcDbLine
  8
0
 62
0
370
0
  6
CONTINUOUS
 10
733.2067720000000008
 20
218.6035919999999919
 30
0.0
 11
736.431412000000023
 21
216.2367999999999881
 31
0.0
  0
LINE
  5
150
100
AcDbEntity
100
AcDbLine
  8
0
 62
0
370
0
  6
CONTINUOUS
 10
743.5263479999999845
 20
212.8596679999999992
 30
0.0
 11
747.3966480000000274
 21
211.849332000000004
 31
0.0
  0
LINE
  5
151
100
AcDbEntity
100
AcDbLine
  8
0
 62
0
370
0
  6
CONTINUOUS
 10
755.1616080000000011
 20
211.7509119999999996
 30
0.0
 11
759.0562720000000354
 21
212.6628320000000087
 31
0.0
  0
LINE
  5
152
100
AcDbEntity
100
AcDbLine
  8
0
 62
0
370
0
  6
CONTINUOUS
 10
765.8956040000000485
 20
216.2819519999999898
 30
0.0
 11
768.8402680000000373
 21
218.98915199999999
 31
0.0
  0
CIRCLE
  5
153
100
AcDbEntity
100
AcDbCircle
  8
0
 62
0
370
0
  6
CONTINUOUS
 10
699.6046119999999746
 20
233.0746800000000007
 30
0.0
 40
4.0
  0
ARC
  5
154
100
AcDbEntity
  8
0
 62
0
370
0
  6
CONTINUOUS
100
AcDbCircle
 10
684.7224840000000086
 20
165.3836440000000039
 30
0.0
 40
12.8000000000000007
100
AcDbArc
 50
26.5650520000000014
 51
180.0
  0
ARC
  5
155
100
AcDbEntity
  8
0
 62
0
370
0
  6
CONTINUOUS
100
AcDbCircle
 10
684.0824840000000222
 20
160.9036279999999977
 30
0.0
 40
12.1600160000000006
100
AcDbArc
 50
180.0
 51
0.0
  0
LINE
  5
156
100
AcDbEntity
100
AcDbLine
  8
0
 62
0
370
0
  6
CONTINUOUS
 10
696.2424519999999575
 20
171.1436280000000068
 30
0.0
 11
700.0824840000000222
 21
171.1436280000000068
 31
0.0
  0
LINE
  5
157
100
AcDbEntity
100
AcDbLine
  8
0
 62
0
370
0
  6
CONTINUOUS
 10
668.0824840000000222
 20
165.3836440000000039
 30
0.0
 11
668.0824840000000222
 21
160.9036279999999977
 31
0.0
  0
LINE
  5
158
100
AcDbEntity
100
AcDbLine
  8
0
 62
0
370
0
  6
CONTINUOUS
 10
671.922484000000054
 20
165.3836440000000039
 30
0.0
 11
671.922484000000054
 21
160.9036279999999977
 31
0.0
  0
LINE
  5
159
100
AcDbEntity
100
AcDbLine
  8
0
 62
0
370
0
  6
CONTINUOUS
 10
699.6057319999999891
 20
172.8252599999999859
 30
0.0
 11
700.0824840000000222
 21
171.1436280000000068
 31
0.0
  0
LINE
  5
15A
100
AcDbEntity
100
AcDbLine
  8
0
 62
0
370
0
  6
CONTINUOUS
 10
696.2424519999999575
 20
160.9036279999999977
 30
0.0
 11
684.7224840000000086
 21
160.9036279999999977
 31
0.0
  0
LINE
  5
15B
100
AcDbEntity
100
AcDbLine
  8
0
 62
0
370
0
  6
CONTINUOUS
 10
684.7224840000000086
 20
160.9036279999999977
 30
0.0
 11
684.7224840000000086
 21
164.7436280000000011
 31
0.0
  0
LINE
  5
15C
100
AcDbEntity
100
AcDbLine
  8
0
 62
0
370
0
  6
CONTINUOUS
 10
684.7224840000000086
 20
164.7436280000000011
 30
0.0
 11
700.0824840000000222
 21
164.7436280000000011
 31
0.0
  0
LINE
  5
15D
100
AcDbEntity
100
AcDbLine
  8
0
 62
0
370
0
  6
CONTINUOUS
 10
700.0824840000000222
 20
164.7436280000000011
 30
0.0
 11
700.0824840000000222
 21
160.9036279999999977
 31
0.0
  0
LINE
  5
15E
100
AcDbEntity
100
AcDbLine
  8
0
 62
0
370
0
  6
CONTINUOUS
 10
696.2424519999999575
 20
146.8236280000000136
 30
0.0
 11
700.0824840000000222
 21
146.8236280000000136
 31
0.0
  0
LINE
  5
15F
100
AcDbEntity
100
AcDbLine
  8
0
 62
0
370
0
  6
CONTINUOUS
 10
700.0824840000000222
 20
146.8236280000000136
 30
0.0
 11
700.0824840000000222
 21
160.9036279999999977
 31
0.0
  0
LINE
  5
160
100
AcDbEntity
100
AcDbLine
  8
0
 62
0
370
0
  6
CONTINUOUS
 10
696.24249999999995
 20
150.5048600000000079
 30
0.0
 11
696.2424519999999575
 21
146.8236280000000136
 31
0.0
  0
ARC
  5
161
100
AcDbEntity
  8
0
 62
0
370
0
  6
CONTINUOUS
100
AcDbCircle
 10
684.0824840000000222
 20
160.9036279999999977
 30
0.0
 40
16.0
100
AcDbArc
 50
180.0
 51
319.4642029999999977
  0
ARC
  5
162
100
AcDbEntity
  8
0
 62
0
370
0
  6
CONTINUOUS
100
AcDbCircle
 10
692.8212200000000394
 20
143.2776760000000138
 30
0.0
 40
12.8000000000000007
100
AcDbArc
 50
26.5650520000000014
 51
180.0
  0
ARC
  5
163
100
AcDbEntity
  8
0
 62
0
370
0
  6
CONTINUOUS
100
AcDbCircle
 10
692.181220000000053
 20
138.7976759999999956
 30
0.0
 40
12.1600160000000006
100
AcDbArc
 50
180.0
 51
0.0
  0
LINE
  5
164
100
AcDbEntity
100
AcDbLine
  8
0
 62
0
370
0
  6
CONTINUOUS
 10
704.3411879999999883
 20
149.0376599999999883
 30
0.0
 11
708.181220000000053
 21
149.0376599999999883
 31
0.0
  0
LINE
  5
165
100
AcDbEntity
100
AcDbLine
  8
0
 62
0
370
0
  6
CONTINUOUS
 10
676.181220000000053
 20
143.2776760000000138
 30
0.0
 11
676.181220000000053
 21
138.7976759999999956
 31
0.0
  0
LINE
  5
166
100
AcDbEntity
100
AcDbLine
  8
0
 62
0
370
0
  6
CONTINUOUS
 10
680.0212199999999712
 20
143.2776760000000138
 30
0.0
 11
680.0212199999999712
 21
138.7976759999999956
 31
0.0
  0
LINE
  5
167
100
AcDbEntity
100
AcDbLine
  8
0
 62
0
370
0
  6
CONTINUOUS
 10
707.7044680000000199
 20
150.7193080000000123
 30
0.0
 11
708.181220000000053
 21
149.0376599999999883
 31
0.0
  0
LINE
  5
168
100
AcDbEntity
100
AcDbLine
  8
0
 62
0
370
0
  6
CONTINUOUS
 10
704.3411879999999883
 20
138.7976759999999956
 30
0.0
 11
692.8212200000000394
 21
138.7976759999999956
 31
0.0
  0
LINE
  5
169
100
AcDbEntity
100
AcDbLine
  8
0
 62
0
370
0
  6
CONTINUOUS
 10
692.8212200000000394
 20
138.7976759999999956
 30
0.0
 11
692.8212200000000394
 21
142.637660000000011
 31
0.0
  0
LINE
  5
16A
100
AcDbEntity
100
AcDbLine
  8
0
 62
0
370
0
  6
CONTINUOUS
 10
692.8212200000000394
 20
142.637660000000011
 30
0.0
 11
708.181220000000053
 21
142.637660000000011
 31
0.0
  0
LINE
  5
16B
100
AcDbEntity
100
AcDbLine
  8
0
 62
0
370
0
  6
CONTINUOUS
 10
708.181220000000053
 20
142.637660000000011
 30
0.0
 11
708.181220000000053
 21
138.7976759999999956
 31
0.0
  0
LINE
  5
16C
100
AcDbEntity
100
AcDbLine
  8
0
 62
0
370
0
  6
CONTINUOUS
 10
704.3411879999999883
 20
124.7176760000000115
 30
0.0
 11
708.181220000000053
 21
124.7176760000000115
 31
0.0
  0
LINE
  5
16D
100
AcDbEntity
100
AcDbLine
  8
0
 62
0
370
0
  6
CONTINUOUS
 10
708.181220000000053
 20
124.7176760000000115
 30
0.0
 11
708.181220000000053
 21
138.7976759999999956
 31
0.0
  0
LINE
  5
16E
100
AcDbEntity
100
AcDbLine
  8
0
 62
0
370
0
  6
CONTINUOUS
 10
704.3412359999999808
 20
128.3988919999999894
 30
0.0
 11
704.3411879999999883
 21
124.7176760000000115
 31
0.0
  0
ARC
  5
16F
100
AcDbEntity
  8
0
 62
0
370
0
  6
CONTINUOUS
100
AcDbCircle
 10
692.181220000000053
 20
138.7976759999999956
 30
0.0
 40
16.0
100
AcDbArc
 50
180.0
 51
319.4642029999999977
  0
ARC
  5
170
100
AcDbEntity
  8
0
 62
0
370
0
  6
CONTINUOUS
100
AcDbCircle
 10
684.7224840000000086
 20
165.3836440000000039
 30
0.0
 40
16.6400000000000006
100
AcDbArc
 50
26.5650520000000014
 51
180.0
  0
ARC
  5
171
100
AcDbEntity
  8
0
 62
0
370
0
  6
CONTINUOUS
100
AcDbCircle
 10
692.8212200000000394
 20
143.2776760000000138
 30
0.0
 40
16.6400000000000006
100
AcDbArc
 50
26.5650520000000014
 51
180.0
  0
MTEXT
  5
172
100
AcDbEntity
100
AcDbMText
  8
0
 62
0
370
0
  6
CONTINUOUS
 10
268.8000000000000114
 20
153.5999999999999943
 30
0.0
 40
7.6799999999999997
 41
400.0
 71
7
 72
2
  1
PIEZA:
  7
Normal_fix
 50
0.0
 73
0
 44
1.0
  0
MTEXT
  5
173
100
AcDbEntity
100
AcDbMText
  8
0
 62
0
370
0
  6
CONTINUOUS
 10
599.0399999999999636
 20
97.2800000000000011
 30
0.0
 40
7.6799999999999997
 41
400.0
 71
7
 72
2
  1
ESCALA:
  7
Normal_fix
 50
0.0
 73
0
 44
1.0
  0
MTEXT
  5
174
100
AcDbEntity
100
AcDbMText
  8
0
 62
0
370
0
  6
CONTINUOUS
 10
268.8000000000000114
 20
76.7999999999999972
 30
0.0
 40
5.1200000000000001
 41
400.0
 71
7
 72
2
  1
AUTOR:
  7
Normal
 50
0.0
 73
0
 44
1.0
  0
MTEXT
  5
175
100
AcDbEntity
100
AcDbMText
  8
0
 62
0
370
0
  6
CONTINUOUS
 10
430.0799999999999841
 20
76.7999999999999972
 30
0.0
 40
5.1200000000000001
 41
400.0
 71
7
 72
2
  1
Version:
  7
Normal
 50
0.0
 73
0
 44
1.0
  0
LINE
  5
176
100
AcDbEntity
100
AcDbLine
  8
0
 62
0
370
0
  6
CONTINUOUS
 10
639.9999679999999671
 20
191.9496000000000038
 30
0.0
 11
794.8799679999999626
 21
191.9496000000000038
 31
0.0
  0
LINE
  5
177
100
AcDbEntity
100
AcDbLine
  8
0
 62
0
370
0
  6
CONTINUOUS
 10
261.1200000000000045
 20
45.9325599999999952
 30
0.0
 11
424.9599999999999795
 21
45.9325599999999952
 31
0.0
  0
MTEXT
  5
178
100
AcDbEntity
100
AcDbMText
  8
0
 62
0
370
0
  6
CONTINUOUS
 10
276.1227119999999786
 20
51.5110039999999998
 30
0.0
 40
6.4000000000000004
 41
400.0
 71
7
 72
2
  1
Juan\~Gonzalez\~Gomez
  7
Normal
 50
0.0
 73
0
 44
1.0
  0
MTEXT
  5
179
100
AcDbEntity
100
AcDbMText
  8
0
 62
0
370
0
  6
CONTINUOUS
 10
274.627619999999979
 20
20.257947999999999
 30
0.0
 40
12.8000000000000007
 41
400.0
 71
7
 72
2
  1
LICENCIA\~GPL
  7
Normal
 50
0.0
 73
0
 44
1.0
  0
MTEXT
  5
17A
100
AcDbEntity
100
AcDbMText
  8
0
 62
0
370
0
  6
CONTINUOUS
 10
459.16028799999998
 20
43.6639399999999966
 30
0.0
 40
12.8000000000000007
 41
400.0
 71
7
 72
2
  1
----
  7
Normal
 50
0.0
 73
0
 44
1.0
  0
LINE
  5
17B
100
AcDbEntity
100
AcDbLine
  8
0
 62
0
370
0
  6
CONTINUOUS
 10
123.0000000000000284
 20
762.6205799999999044
 30
0.0
 11
175.0000000000000284
 21
762.6205799999999044
 31
0.0
  0
LINE
  5
17C
100
AcDbEntity
100
AcDbLine
  8
0
 62
0
370
0
  6
CONTINUOUS
 10
123.0000000000000284
 20
710.6205799999999044
 30
0.0
 11
135.8969949999999756
 21
710.6205799999999044
 31
0.0
  0
ARC
  5
17D
100
AcDbEntity
  8
0
 62
0
370
0
  6
CONTINUOUS
100
AcDbCircle
 10
141.9074020000000189
 20
716.6309880000000021
 30
0.0
 40
1.0
100
AcDbArc
 50
225.0
 51
315.0
  0
CIRCLE
  5
17E
100
AcDbEntity
100
AcDbCircle
  8
0
 62
0
370
0
  6
CONTINUOUS
 10
156.2616700000000094
 20
743.7131780000000845
 30
0.0
 40
1.3999999999999999
  0
ARC
  5
17F
100
AcDbEntity
  8
0
 62
0
370
0
  6
CONTINUOUS
100
AcDbCircle
 10
156.2616700000000094
 20
756.4411000000000058
 30
0.0
 40
1.0
100
AcDbArc
 50
45.0
 51
135.0
  0
LINE
  5
180
100
AcDbEntity
100
AcDbLine
  8
0
 62
0
370
0
  6
CONTINUOUS
 10
189.3542680000000189
 20
710.4515079999999898
 30
0.0
 11
189.3542680000000189
 21
762.4515079999999898
 31
0.0
  0
ARC
  5
181
100
AcDbEntity
  8
0
 62
0
370
0
  6
CONTINUOUS
100
AcDbCircle
 10
156.2616700000000094
 20
743.7131780000000845
 30
0.0
 40
10.5
100
AcDbArc
 50
103.4925929999999994
 51
237.7855440000000158
  0
LINE
  5
182
100
AcDbEntity
100
AcDbLine
  8
0
 62
0
370
0
  6
CONTINUOUS
 10
175.0000000000000284
 20
759.0073160000000598
 30
0.0
 11
175.0000000000000284
 21
762.6205799999999044
 31
0.0
  0
LINE
  5
183
100
AcDbEntity
100
AcDbLine
  8
0
 62
0
370
0
  6
CONTINUOUS
 10
192.3542680000000189
 20
710.4515079999999898
 30
0.0
 11
192.3542680000000189
 21
762.4515079999999898
 31
0.0
  0
LINE
  5
184
100
AcDbEntity
100
AcDbLine
  8
0
 62
0
370
0
  6
CONTINUOUS
 10
120.0
 20
710.6205799999999044
 30
0.0
 11
120.0
 21
762.6205799999999044
 31
0.0
  0
LINE
  5
185
100
AcDbEntity
100
AcDbLine
  8
0
 62
0
370
0
  6
CONTINUOUS
 10
123.0000000000000284
 20
710.6205799999999044
 30
0.0
 11
123.0000000000000284
 21
762.6205799999999044
 31
0.0
  0
LINE
  5
186
100
AcDbEntity
100
AcDbLine
  8
0
 62
0
370
0
  6
CONTINUOUS
 10
120.0
 20
762.6205799999999044
 30
0.0
 11
123.0000000000000284
 21
762.6205799999999044
 31
0.0
  0
LINE
  5
187
100
AcDbEntity
100
AcDbLine
  8
0
 62
0
370
0
  6
CONTINUOUS
 10
120.0
 20
710.6205799999999044
 30
0.0
 11
123.0000000000000284
 21
710.6205799999999044
 31
0.0
  0
LINE
  5
188
100
AcDbEntity
100
AcDbLine
  8
0
 62
0
370
0
  6
CONTINUOUS
 10
189.3542680000000189
 20
710.4515079999999898
 30
0.0
 11
192.3542680000000189
 21
710.4515079999999898
 31
0.0
  0
LINE
  5
189
100
AcDbEntity
100
AcDbLine
  8
0
 62
0
370
0
  6
CONTINUOUS
 10
192.3542680000000189
 20
762.4515079999999898
 30
0.0
 11
189.3542680000000189
 21
762.4515079999999898
 31
0.0
  0
LINE
  5
18A
100
AcDbEntity
100
AcDbLine
  8
0
 62
0
370
0
  6
CONTINUOUS
 10
141.2002960000000087
 20
715.923881999999935
 30
0.0
 11
135.8969949999999756
 21
710.6205799999999044
 31
0.0
  0
ARC
  5
18B
100
AcDbEntity
  8
0
 62
0
370
0
  6
CONTINUOUS
100
AcDbCircle
 10
162.8377630000000238
 20
757.0774959999999965
 30
0.0
 40
1.5
100
AcDbArc
 50
333.6444720000000075
 51
233.3407140000000197
  0
LINE
  5
18C
100
AcDbEntity
100
AcDbLine
  8
0
 62
0
370
0
  6
CONTINUOUS
 10
141.2002960000000087
 20
715.923881999999935
 30
0.0
 11
137.5468140000000119
 21
719.5773639999999887
 31
0.0
  0
LINE
  5
18D
100
AcDbEntity
100
AcDbLine
  8
0
 62
0
370
0
  6
CONTINUOUS
 10
142.6145090000000266
 20
715.9238810000000512
 30
0.0
 11
157.3239759999999876
 21
730.6333479999999554
 31
0.0
  0
LINE
  5
18E
100
AcDbEntity
100
AcDbLine
  8
0
 62
0
370
0
  6
CONTINUOUS
 10
123.0000000000000284
 20
710.4515079999999898
 30
0.0
 11
137.5468140000000119
 21
719.5773639999999887
 31
0.0
  0
LINE
  5
18F
100
AcDbEntity
100
AcDbLine
  8
0
 62
0
370
0
  6
CONTINUOUS
 10
137.5468140000000119
 20
719.5773639999999887
 30
0.0
 11
156.2494820000000288
 21
731.3103709999999182
 31
0.0
  0
LINE
  5
190
100
AcDbEntity
100
AcDbLine
  8
0
 62
0
370
0
  6
CONTINUOUS
 10
189.3542680000000189
 20
710.4515079999999898
 30
0.0
 11
157.3239759999999876
 21
730.6333479999999554
 31
0.0
  0
LINE
  5
191
100
AcDbEntity
100
AcDbLine
  8
0
 62
0
370
0
  6
CONTINUOUS
 10
157.3239759999999876
 20
730.6333479999999554
 30
0.0
 11
156.2494820000000288
 21
731.3103709999999182
 31
0.0
  0
LINE
  5
192
100
AcDbEntity
100
AcDbLine
  8
0
 62
0
370
0
  6
CONTINUOUS
 10
156.2494820000000288
 20
731.3103709999999182
 30
0.0
 11
150.664227000000011
 21
734.8295620000000099
 31
0.0
  0
LINE
  5
193
100
AcDbEntity
100
AcDbLine
  8
0
 62
0
370
0
  6
CONTINUOUS
 10
189.3542680000000189
 20
762.4515079999999898
 30
0.0
 11
158.9586599999999805
 21
755.1583239999999932
 31
0.0
  0
LINE
  5
194
100
AcDbEntity
100
AcDbLine
  8
0
 62
0
370
0
  6
CONTINUOUS
 10
123.0000000000000284
 20
762.4515079999999898
 30
0.0
 11
153.5599650000000054
 21
755.153609000000074
 31
0.0
  0
LINE
  5
195
100
AcDbEntity
100
AcDbLine
  8
0
 62
0
370
0
  6
CONTINUOUS
 10
153.5599650000000054
 20
755.153609000000074
 30
0.0
 11
156.2558689999999899
 21
754.5098110000000133
 31
0.0
  0
LINE
  5
196
100
AcDbEntity
100
AcDbLine
  8
0
 62
0
370
0
  6
CONTINUOUS
 10
158.9586599999999805
 20
755.1583239999999932
 30
0.0
 11
156.2558689999999899
 21
754.5098110000000133
 31
0.0
  0
LINE
  5
197
100
AcDbEntity
100
AcDbLine
  8
0
 62
0
370
0
  6
CONTINUOUS
 10
156.2558689999999899
 20
754.5098110000000133
 30
0.0
 11
153.8118130000000008
 21
753.9233789999999544
 31
0.0
  0
LINE
  5
198
100
AcDbEntity
100
AcDbLine
  8
0
 62
0
370
0
  6
CONTINUOUS
 10
156.2616700000000094
 20
757.8553140000000212
 30
0.0
 11
153.5599650000000054
 21
755.153609000000074
 31
0.0
  0
LINE
  5
199
100
AcDbEntity
100
AcDbLine
  8
0
 62
0
370
0
  6
CONTINUOUS
 10
158.9586599999999805
 20
755.1583239999999932
 30
0.0
 11
156.2616700000000094
 21
757.8553140000000212
 31
0.0
  0
LINE
  5
19A
100
AcDbEntity
100
AcDbLine
  8
0
 62
0
370
0
  6
CONTINUOUS
 10
123.0000000000000284
 20
676.3999999999999773
 30
0.0
 11
123.0000000000000284
 21
679.0
 31
0.0
  0
LINE
  5
19B
100
AcDbEntity
100
AcDbLine
  8
0
 62
0
370
0
  6
CONTINUOUS
 10
189.3542680000000189
 20
692.0
 30
0.0
 11
189.3542680000000189
 21
640.0
 31
0.0
  0
LINE
  5
19C
100
AcDbEntity
100
AcDbLine
  8
0
 62
0
370
0
  6
CONTINUOUS
 10
192.3542680000000189
 20
692.0
 30
0.0
 11
192.3542680000000189
 21
640.0
 31
0.0
  0
LINE
  5
19D
100
AcDbEntity
100
AcDbLine
  8
0
 62
0
370
0
  6
CONTINUOUS
 10
189.3542680000000189
 20
640.0
 30
0.0
 11
192.3542680000000189
 21
640.0
 31
0.0
  0
LINE
  5
19E
100
AcDbEntity
100
AcDbLine
  8
0
 62
0
370
0
  6
CONTINUOUS
 10
189.3542680000000189
 20
692.0
 30
0.0
 11
192.3542680000000189
 21
692.0
 31
0.0
  0
LINE
  5
19F
100
AcDbEntity
100
AcDbLine
  8
0
 62
0
370
0
  6
CONTINUOUS
 10
145.7616700000000094
 20
643.0
 30
0.0
 11
189.3542680000000189
 21
643.0
 31
0.0
  0
LINE
  5
1A0
100
AcDbEntity
100
AcDbLine
  8
0
 62
0
370
0
  6
CONTINUOUS
 10
145.7616700000000094
 20
640.0
 30
0.0
 11
145.7616700000000094
 21
643.0
 31
0.0
  0
LINE
  5
1A1
100
AcDbEntity
100
AcDbLine
  8
0
 62
0
370
0
  6
CONTINUOUS
 10
189.3542680000000189
 20
640.0
 30
0.0
 11
189.3542680000000189
 21
643.0
 31
0.0
  0
LINE
  5
1A2
100
AcDbEntity
100
AcDbLine
  8
0
 62
0
370
0
  6
CONTINUOUS
 10
145.7616700000000094
 20
640.0
 30
0.0
 11
189.3542680000000189
 21
640.0
 31
0.0
  0
LINE
  5
1A3
100
AcDbEntity
100
AcDbLine
  8
0
 62
0
370
0
  6
CONTINUOUS
 10
120.0
 20
640.0
 30
0.0
 11
120.0
 21
692.0
 31
0.0
  0
LINE
  5
1A4
100
AcDbEntity
100
AcDbLine
  8
0
 62
0
370
0
  6
CONTINUOUS
 10
120.0
 20
692.0
 30
0.0
 11
123.0000000000000284
 21
692.0
 31
0.0
  0
LINE
  5
1A5
100
AcDbEntity
100
AcDbLine
  8
0
 62
0
370
0
  6
CONTINUOUS
 10
120.0
 20
640.0
 30
0.0
 11
123.0000000000000284
 21
640.0
 31
0.0
  0
LINE
  5
1A6
100
AcDbEntity
100
AcDbLine
  8
0
 62
0
370
0
  6
CONTINUOUS
 10
166.5925979999999811
 20
643.0
 30
0.0
 11
166.5925979999999811
 21
646.0
 31
0.0
  0
LINE
  5
1A7
100
AcDbEntity
100
AcDbLine
  8
0
 62
0
370
0
  6
CONTINUOUS
 10
123.0000000000000284
 20
643.0
 30
0.0
 11
123.0000000000000284
 21
646.0
 31
0.0
  0
LINE
  5
1A8
100
AcDbEntity
100
AcDbLine
  8
0
 62
0
370
0
  6
CONTINUOUS
 10
166.5925979999999811
 20
643.0
 30
0.0
 11
123.0000000000000284
 21
643.0
 31
0.0
  0
LINE
  5
1A9
100
AcDbEntity
100
AcDbLine
  8
0
 62
0
370
0
  6
CONTINUOUS
 10
127.7652670000000228
 20
646.0
 30
0.0
 11
170.403806000000003
 21
646.0
 31
0.0
  0
LINE
  5
1AA
100
AcDbEntity
100
AcDbLine
  8
0
 62
0
370
0
  6
CONTINUOUS
 10
127.7652670000000228
 20
675.0
 30
0.0
 11
127.7652670000000228
 21
679.0
 31
0.0
  0
LINE
  5
1AB
100
AcDbEntity
100
AcDbLine
  8
0
 62
0
370
0
  6
CONTINUOUS
 10
175.0000000000000284
 20
672.3999999999999773
 30
0.0
 11
175.0000000000000284
 21
675.0
 31
0.0
  0
LINE
  5
1AC
100
AcDbEntity
100
AcDbLine
  8
0
 62
0
370
0
  6
CONTINUOUS
 10
127.7652670000000228
 20
679.0
 30
0.0
 11
129.8543090000000291
 21
679.5213560000000825
 31
0.0
  0
LINE
  5
1AD
100
AcDbEntity
100
AcDbLine
  8
0
 62
0
370
0
  6
CONTINUOUS
 10
129.8543090000000291
 20
679.5213560000000825
 30
0.0
 11
132.0079080000000147
 21
682.0
 31
0.0
  0
LINE
  5
1AE
100
AcDbEntity
100
AcDbLine
  8
0
 62
0
370
0
  6
CONTINUOUS
 10
168.9895929999999851
 20
682.0
 30
0.0
 11
170.403806000000003
 21
679.0
 31
0.0
  0
LINE
  5
1AF
100
AcDbEntity
100
AcDbLine
  8
0
 62
0
370
0
  6
CONTINUOUS
 10
148.7616700000000094
 20
682.0
 30
0.0
 11
163.7616700000000094
 21
682.0
 31
0.0
  0
LINE
  5
1B0
100
AcDbEntity
100
AcDbLine
  8
0
 62
0
370
0
  6
CONTINUOUS
 10
151.2616700000000094
 20
684.0
 30
0.0
 11
148.7616700000000094
 21
682.0
 31
0.0
  0
LINE
  5
1B1
100
AcDbEntity
100
AcDbLine
  8
0
 62
0
370
0
  6
CONTINUOUS
 10
151.2616700000000094
 20
684.0
 30
0.0
 11
161.2616700000000094
 21
684.0
 31
0.0
  0
LINE
  5
1B2
100
AcDbEntity
100
AcDbLine
  8
0
 62
0
370
0
  6
CONTINUOUS
 10
161.2616700000000094
 20
684.0
 30
0.0
 11
163.7616700000000094
 21
682.0
 31
0.0
  0
LINE
  5
1B3
100
AcDbEntity
100
AcDbLine
  8
0
 62
0
370
0
  6
CONTINUOUS
 10
153.2616700000000094
 20
685.0
 30
0.0
 11
159.2616700000000094
 21
685.0
 31
0.0
  0
LINE
  5
1B4
100
AcDbEntity
100
AcDbLine
  8
0
 62
0
370
0
  6
CONTINUOUS
 10
159.2616700000000094
 20
684.0
 30
0.0
 11
159.2616700000000094
 21
685.0
 31
0.0
  0
LINE
  5
1B5
100
AcDbEntity
100
AcDbLine
  8
0
 62
0
370
0
  6
CONTINUOUS
 10
153.2616700000000094
 20
684.0
 30
0.0
 11
153.2616700000000094
 21
685.0
 31
0.0
  0
LINE
  5
1B6
100
AcDbEntity
100
AcDbLine
  8
0
 62
0
370
0
  6
CONTINUOUS
 10
145.7616700000000094
 20
688.0
 30
0.0
 11
166.7616700000000094
 21
688.0
 31
0.0
  0
LINE
  5
1B7
100
AcDbEntity
100
AcDbLine
  8
0
 62
0
370
0
  6
CONTINUOUS
 10
153.2616700000000094
 20
691.0
 30
0.0
 11
151.7616700000000094
 21
690.0
 31
0.0
  0
LINE
  5
1B8
100
AcDbEntity
100
AcDbLine
  8
0
 62
0
370
0
  6
CONTINUOUS
 10
159.2616700000000094
 20
691.0
 30
0.0
 11
160.7616700000000094
 21
690.0
 31
0.0
  0
LINE
  5
1B9
100
AcDbEntity
100
AcDbLine
  8
0
 62
0
370
0
  6
CONTINUOUS
 10
153.2616700000000094
 20
691.0
 30
0.0
 11
159.2616700000000094
 21
691.0
 31
0.0
  0
LINE
  5
1BA
100
AcDbEntity
100
AcDbLine
  8
0
 62
0
370
0
  6
CONTINUOUS
 10
145.7616700000000094
 20
688.0
 30
0.0
 11
145.7616700000000094
 21
690.0
 31
0.0
  0
LINE
  5
1BB
100
AcDbEntity
100
AcDbLine
  8
0
 62
0
370
0
  6
CONTINUOUS
 10
166.7616700000000094
 20
688.0
 30
0.0
 11
166.7616700000000094
 21
690.0
 31
0.0
  0
LINE
  5
1BC
100
AcDbEntity
100
AcDbLine
  8
0
 62
0
370
0
  6
CONTINUOUS
 10
152.2616700000000094
 20
685.0
 30
0.0
 11
160.2616700000000094
 21
685.0
 31
0.0
  0
LINE
  5
1BD
100
AcDbEntity
100
AcDbLine
  8
0
 62
0
370
0
  6
CONTINUOUS
 10
175.0000000000000284
 20
672.3999999999999773
 30
0.0
 11
175.0000000000000284
 21
669.4000000000000909
 31
0.0
  0
LINE
  5
1BE
100
AcDbEntity
100
AcDbLine
  8
0
 62
0
370
0
  6
CONTINUOUS
 10
145.7616700000000094
 20
685.0
 30
0.0
 11
166.7616700000000094
 21
685.0
 31
0.0
  0
LINE
  5
1BF
100
AcDbEntity
100
AcDbLine
  8
0
 62
0
370
0
  6
CONTINUOUS
 10
145.7616700000000094
 20
688.0
 30
0.0
 11
189.3542680000000189
 21
688.0
 31
0.0
  0
LINE
  5
1C0
100
AcDbEntity
100
AcDbLine
  8
0
 62
0
370
0
  6
CONTINUOUS
 10
145.7616700000000094
 20
685.0
 30
0.0
 11
145.7616700000000094
 21
688.0
 31
0.0
  0
LINE
  5
1C1
100
AcDbEntity
100
AcDbLine
  8
0
 62
0
370
0
  6
CONTINUOUS
 10
189.3542680000000189
 20
685.0
 30
0.0
 11
189.3542680000000189
 21
688.0
 31
0.0
  0
LINE
  5
1C2
100
AcDbEntity
100
AcDbLine
  8
0
 62
0
370
0
  6
CONTINUOUS
 10
145.7616700000000094
 20
685.0
 30
0.0
 11
189.3542680000000189
 21
685.0
 31
0.0
  0
LINE
  5
1C3
100
AcDbEntity
100
AcDbLine
  8
tornillos
 62
0
370
0
  6
CONTINUOUS
 10
161.0616700000000208
 20
685.0
 30
0.0
 11
166.461669999999998
 21
685.0
 31
0.0
  0
LINE
  5
1C4
100
AcDbEntity
100
AcDbLine
  8
tornillos
 62
0
370
0
  6
CONTINUOUS
 10
146.0616700000000208
 20
685.0
 30
0.0
 11
151.461669999999998
 21
685.0
 31
0.0
  0
LINE
  5
1C5
100
AcDbEntity
100
AcDbLine
  8
0
 62
0
370
0
  6
CONTINUOUS
 10
170.403806000000003
 20
675.0
 30
0.0
 11
170.403806000000003
 21
679.0
 31
0.0
  0
LINE
  5
1C6
100
AcDbEntity
100
AcDbLine
  8
0
 62
0
370
0
  6
CONTINUOUS
 10
162.2720779999999934
 20
675.0
 30
0.0
 11
162.2720779999999934
 21
672.3999999999999773
 31
0.0
  0
LINE
  5
1C7
100
AcDbEntity
100
AcDbLine
  8
0
 62
0
370
0
  6
CONTINUOUS
 10
156.2616700000000094
 20
679.0
 30
0.0
 11
154.847455999999994
 21
682.0
 31
0.0
  0
LINE
  5
1C8
100
AcDbEntity
100
AcDbLine
  8
0
 62
0
370
0
  6
CONTINUOUS
 10
166.5147179999999878
 20
675.0
 30
0.0
 11
163.8630680000000268
 21
677.1797809999999345
 31
0.0
  0
LINE
  5
1C9
100
AcDbEntity
100
AcDbLine
  8
0
 62
0
370
0
  6
CONTINUOUS
 10
165.4540580000000034
 20
675.0
 30
0.0
 11
162.8024079999999856
 21
677.1797809999999345
 31
0.0
  0
LINE
  5
1CA
100
AcDbEntity
100
AcDbLine
  8
0
 62
0
370
0
  6
CONTINUOUS
 10
162.8024079999999856
 20
677.1797809999999345
 30
0.0
 11
162.8024079999999856
 21
675.0
 31
0.0
  0
LINE
  5
1CB
100
AcDbEntity
100
AcDbLine
  8
0
 62
0
370
0
  6
CONTINUOUS
 10
162.8024079999999856
 20
677.1797809999999345
 30
0.0
 11
163.8630680000000268
 21
677.1797809999999345
 31
0.0
  0
LINE
  5
1CC
100
AcDbEntity
100
AcDbLine
  8
0
 62
0
370
0
  6
CONTINUOUS
 10
123.0000000000000284
 20
675.0
 30
0.0
 11
127.7652670000000228
 21
675.0
 31
0.0
  0
LINE
  5
1CD
100
AcDbEntity
100
AcDbLine
  8
0
 62
0
370
0
  6
CONTINUOUS
 10
156.2616700000000094
 20
679.0
 30
0.0
 11
170.403806000000003
 21
679.0
 31
0.0
  0
LINE
  5
1CE
100
AcDbEntity
100
AcDbLine
  8
0
 62
0
370
0
  6
CONTINUOUS
 10
156.2616700000000094
 20
675.0
 30
0.0
 11
156.2616700000000094
 21
679.0
 31
0.0
  0
LINE
  5
1CF
100
AcDbEntity
100
AcDbLine
  8
0
 62
0
370
0
  6
CONTINUOUS
 10
123.0000000000000284
 20
672.3999999999999773
 30
0.0
 11
156.2616700000000094
 21
672.3999999999999773
 31
0.0
  0
LINE
  5
1D0
100
AcDbEntity
100
AcDbLine
  8
0
 62
0
370
0
  6
CONTINUOUS
 10
123.0000000000000284
 20
669.4000000000000909
 30
0.0
 11
127.7652670000000228
 21
669.4000000000000909
 31
0.0
  0
LINE
  5
1D1
100
AcDbEntity
100
AcDbLine
  8
0
 62
0
370
0
  6
CONTINUOUS
 10
127.7652670000000228
 20
669.4000000000000909
 30
0.0
 11
156.2616700000000094
 21
669.4000000000000909
 31
0.0
  0
LINE
  5
1D2
100
AcDbEntity
100
AcDbLine
  8
0
 62
0
370
0
  6
CONTINUOUS
 10
127.7652670000000228
 20
648.0
 30
0.0
 11
156.2616700000000094
 21
648.0
 31
0.0
  0
LINE
  5
1D3
100
AcDbEntity
100
AcDbLine
  8
0
 62
0
370
0
  6
CONTINUOUS
 10
156.2616700000000094
 20
648.0
 30
0.0
 11
170.403806000000003
 21
648.0
 31
0.0
  0
LINE
  5
1D4
100
AcDbEntity
100
AcDbLine
  8
0
 62
0
370
0
  6
CONTINUOUS
 10
127.7652670000000228
 20
646.0
 30
0.0
 11
127.7652670000000228
 21
648.0
 31
0.0
  0
LINE
  5
1D5
100
AcDbEntity
100
AcDbLine
  8
0
 62
0
370
0
  6
CONTINUOUS
 10
127.7652670000000228
 20
648.0
 30
0.0
 11
127.7652670000000228
 21
669.4000000000000909
 31
0.0
  0
LINE
  5
1D6
100
AcDbEntity
100
AcDbLine
  8
0
 62
0
370
0
  6
CONTINUOUS
 10
156.2616700000000094
 20
669.4000000000000909
 30
0.0
 11
156.2616700000000094
 21
648.0
 31
0.0
  0
LINE
  5
1D7
100
AcDbEntity
100
AcDbLine
  8
0
 62
0
370
0
  6
CONTINUOUS
 10
156.2616700000000094
 20
648.0
 30
0.0
 11
156.2616700000000094
 21
646.0
 31
0.0
  0
LINE
  5
1D8
100
AcDbEntity
100
AcDbLine
  8
0
 62
0
370
0
  6
CONTINUOUS
 10
156.2616700000000094
 20
672.3999999999999773
 30
0.0
 11
162.2720779999999934
 21
672.3999999999999773
 31
0.0
  0
LINE
  5
1D9
100
AcDbEntity
100
AcDbLine
  8
0
 62
0
370
0
  6
CONTINUOUS
 10
162.2720779999999934
 20
672.3999999999999773
 30
0.0
 11
175.0000000000000284
 21
672.3999999999999773
 31
0.0
  0
LINE
  5
1DA
100
AcDbEntity
100
AcDbLine
  8
0
 62
0
370
0
  6
CONTINUOUS
 10
132.0079080000000147
 20
682.0
 30
0.0
 11
139.7860819999999933
 21
682.0
 31
0.0
  0
LINE
  5
1DB
100
AcDbEntity
100
AcDbLine
  8
0
 62
0
370
0
  6
CONTINUOUS
 10
123.0000000000000284
 20
675.0
 30
0.0
 11
123.0000000000000284
 21
692.0
 31
0.0
  0
LINE
  5
1DC
100
AcDbEntity
100
AcDbLine
  8
0
 62
0
370
0
  6
CONTINUOUS
 10
123.0000000000000284
 20
640.0
 30
0.0
 11
123.0000000000000284
 21
672.3999999999999773
 31
0.0
  0
LINE
  5
1DD
100
AcDbEntity
100
AcDbLine
  8
0
 62
0
370
0
  6
CONTINUOUS
 10
123.0000000000000284
 20
672.3999999999999773
 30
0.0
 11
123.0000000000000284
 21
675.0
 31
0.0
  0
LINE
  5
1DE
100
AcDbEntity
100
AcDbLine
  8
0
 62
0
370
0
  6
CONTINUOUS
 10
156.2616700000000094
 20
675.0
 30
0.0
 11
162.2720779999999934
 21
675.0
 31
0.0
  0
LINE
  5
1DF
100
AcDbEntity
100
AcDbLine
  8
0
 62
0
370
0
  6
CONTINUOUS
 10
162.2720779999999934
 20
675.0
 30
0.0
 11
162.8024079999999856
 21
675.0
 31
0.0
  0
LINE
  5
1E0
100
AcDbEntity
100
AcDbLine
  8
0
 62
0
370
0
  6
CONTINUOUS
 10
162.8024079999999856
 20
675.0
 30
0.0
 11
166.5147179999999878
 21
675.0
 31
0.0
  0
LINE
  5
1E1
100
AcDbEntity
100
AcDbLine
  8
0
 62
0
370
0
  6
CONTINUOUS
 10
170.403806000000003
 20
646.0
 30
0.0
 11
170.403806000000003
 21
648.0
 31
0.0
  0
LINE
  5
1E2
100
AcDbEntity
100
AcDbLine
  8
0
 62
0
370
0
  6
CONTINUOUS
 10
170.403806000000003
 20
648.0
 30
0.0
 11
170.403806000000003
 21
669.4000000000000909
 31
0.0
  0
LINE
  5
1E3
100
AcDbEntity
100
AcDbLine
  8
0
 62
0
370
0
  6
CONTINUOUS
 10
145.7616700000000094
 20
690.0
 30
0.0
 11
151.7616700000000094
 21
690.0
 31
0.0
  0
LINE
  5
1E4
100
AcDbEntity
100
AcDbLine
  8
0
 62
0
370
0
  6
CONTINUOUS
 10
151.7616700000000094
 20
690.0
 30
0.0
 11
160.7616700000000094
 21
690.0
 31
0.0
  0
LINE
  5
1E5
100
AcDbEntity
100
AcDbLine
  8
0
 62
0
370
0
  6
CONTINUOUS
 10
160.7616700000000094
 20
690.0
 30
0.0
 11
166.7616700000000094
 21
690.0
 31
0.0
  0
LINE
  5
1E6
100
AcDbEntity
100
AcDbLine
  8
tornillos
 62
0
370
0
  6
CONTINUOUS
 10
139.7860819999999933
 20
682.0
 30
0.0
 11
129.8543090000000291
 21
679.5213560000000825
 31
0.0
  0
LINE
  5
1E7
100
AcDbEntity
100
AcDbLine
  8
tornillos
 62
0
370
0
  6
CONTINUOUS
 10
129.8543090000000291
 20
679.5213560000000825
 30
0.0
 11
127.7652670000000228
 21
679.0
 31
0.0
  0
LINE
  5
1E8
100
AcDbEntity
100
AcDbLine
  8
0
 62
0
370
0
  6
CONTINUOUS
 10
166.5925979999999811
 20
646.0
 30
0.0
 11
127.7652670000000228
 21
646.0
 31
0.0
  0
LINE
  5
1E9
100
AcDbEntity
100
AcDbLine
  8
0
 62
0
370
0
  6
CONTINUOUS
 10
127.7652670000000228
 20
646.0
 30
0.0
 11
123.0000000000000284
 21
646.0
 31
0.0
  0
LINE
  5
1EA
100
AcDbEntity
100
AcDbLine
  8
0
 62
0
370
0
  6
CONTINUOUS
 10
139.7860819999999933
 20
682.0
 30
0.0
 11
148.7616700000000094
 21
682.0
 31
0.0
  0
LINE
  5
1EB
100
AcDbEntity
100
AcDbLine
  8
0
 62
0
370
0
  6
CONTINUOUS
 10
148.7616700000000094
 20
682.0
 30
0.0
 11
154.847455999999994
 21
682.0
 31
0.0
  0
LINE
  5
1EC
100
AcDbEntity
100
AcDbLine
  8
0
 62
0
370
0
  6
CONTINUOUS
 10
166.5147179999999878
 20
675.0
 30
0.0
 11
170.403806000000003
 21
675.0
 31
0.0
  0
LINE
  5
1ED
100
AcDbEntity
100
AcDbLine
  8
0
 62
0
370
0
  6
CONTINUOUS
 10
170.403806000000003
 20
675.0
 30
0.0
 11
175.0000000000000284
 21
675.0
 31
0.0
  0
LINE
  5
1EE
100
AcDbEntity
100
AcDbLine
  8
0
 62
0
370
0
  6
CONTINUOUS
 10
154.847455999999994
 20
682.0
 30
0.0
 11
163.7616700000000094
 21
682.0
 31
0.0
  0
LINE
  5
1EF
100
AcDbEntity
100
AcDbLine
  8
0
 62
0
370
0
  6
CONTINUOUS
 10
163.7616700000000094
 20
682.0
 30
0.0
 11
168.9895929999999851
 21
682.0
 31
0.0
  0
LINE
  5
1F0
100
AcDbEntity
100
AcDbLine
  8
0
 62
0
370
0
  6
CONTINUOUS
 10
123.0000000000000284
 20
673.3999999999999773
 30
0.0
 11
123.0000000000000284
 21
675.0
 31
0.0
  0
LINE
  5
1F1
100
AcDbEntity
100
AcDbLine
  8
0
 62
0
370
0
  6
CONTINUOUS
 10
123.0000000000000284
 20
675.0
 30
0.0
 11
123.0000000000000284
 21
676.3999999999999773
 31
0.0
  0
LINE
  5
1F2
100
AcDbEntity
100
AcDbLine
  8
0
 62
0
370
0
  6
CONTINUOUS
 10
156.2616700000000094
 20
669.4000000000000909
 30
0.0
 11
170.403806000000003
 21
669.4000000000000909
 31
0.0
  0
LINE
  5
1F3
100
AcDbEntity
100
AcDbLine
  8
0
 62
0
370
0
  6
CONTINUOUS
 10
170.403806000000003
 20
669.4000000000000909
 30
0.0
 11
175.0000000000000284
 21
669.4000000000000909
 31
0.0
  0
LINE
  5
1F4
100
AcDbEntity
100
AcDbLine
  8
0
 62
0
370
0
  6
CONTINUOUS
 10
195.3542680000000189
 20
762.6205799999999044
 30
0.0
 11
247.3542680000000189
 21
762.6205799999999044
 31
0.0
  0
LINE
  5
1F5
100
AcDbEntity
100
AcDbLine
  8
0
 62
0
370
0
  6
CONTINUOUS
 10
195.3542680000000189
 20
710.6205799999999044
 30
0.0
 11
208.2512630000000229
 21
710.6205799999999044
 31
0.0
  0
ARC
  5
1F6
100
AcDbEntity
  8
0
 62
0
370
0
  6
CONTINUOUS
100
AcDbCircle
 10
214.2616700000000094
 20
716.6309880000000021
 30
0.0
 40
1.0
100
AcDbArc
 50
225.0
 51
315.0
  0
CIRCLE
  5
1F7
100
AcDbEntity
100
AcDbCircle
  8
0
 62
0
370
0
  6
CONTINUOUS
 10
228.6159379999999999
 20
743.7131780000000845
 30
0.0
 40
1.3999999999999999
  0
ARC
  5
1F8
100
AcDbEntity
  8
0
 62
0
370
0
  6
CONTINUOUS
100
AcDbCircle
 10
228.6159379999999999
 20
756.4411000000000058
 30
0.0
 40
1.0
100
AcDbArc
 50
45.0
 51
135.0
  0
LINE
  5
1F9
100
AcDbEntity
100
AcDbLine
  8
0
 62
0
370
0
  6
CONTINUOUS
 10
261.7085360000000946
 20
710.4515079999999898
 30
0.0
 11
261.7085360000000946
 21
762.4515079999999898
 31
0.0
  0
ARC
  5
1FA
100
AcDbEntity
  8
0
 62
0
370
0
  6
CONTINUOUS
100
AcDbCircle
 10
228.6159379999999999
 20
743.7131780000000845
 30
0.0
 40
10.5
100
AcDbArc
 50
103.4925929999999994
 51
237.7855440000000158
  0
LINE
  5
1FB
100
AcDbEntity
100
AcDbLine
  8
0
 62
0
370
0
  6
CONTINUOUS
 10
247.3542680000000189
 20
759.0073160000000598
 30
0.0
 11
247.3542680000000189
 21
762.6205799999999044
 31
0.0
  0
LINE
  5
1FC
100
AcDbEntity
100
AcDbLine
  8
0
 62
0
370
0
  6
CONTINUOUS
 10
264.7085360000000946
 20
710.4515079999999898
 30
0.0
 11
264.7085360000000946
 21
762.4515079999999898
 31
0.0
  0
LINE
  5
1FD
100
AcDbEntity
100
AcDbLine
  8
0
 62
0
370
0
  6
CONTINUOUS
 10
192.3542680000000189
 20
710.6205799999999044
 30
0.0
 11
192.3542680000000189
 21
762.6205799999999044
 31
0.0
  0
LINE
  5
1FE
100
AcDbEntity
100
AcDbLine
  8
0
 62
0
370
0
  6
CONTINUOUS
 10
195.3542680000000189
 20
710.6205799999999044
 30
0.0
 11
195.3542680000000189
 21
762.6205799999999044
 31
0.0
  0
LINE
  5
1FF
100
AcDbEntity
100
AcDbLine
  8
0
 62
0
370
0
  6
CONTINUOUS
 10
192.3542680000000189
 20
762.6205799999999044
 30
0.0
 11
195.3542680000000189
 21
762.6205799999999044
 31
0.0
  0
LINE
  5
200
100
AcDbEntity
100
AcDbLine
  8
0
 62
0
370
0
  6
CONTINUOUS
 10
192.3542680000000189
 20
710.6205799999999044
 30
0.0
 11
195.3542680000000189
 21
710.6205799999999044
 31
0.0
  0
LINE
  5
201
100
AcDbEntity
100
AcDbLine
  8
0
 62
0
370
0
  6
CONTINUOUS
 10
261.7085360000000946
 20
710.4515079999999898
 30
0.0
 11
264.7085360000000946
 21
710.4515079999999898
 31
0.0
  0
LINE
  5
202
100
AcDbEntity
100
AcDbLine
  8
0
 62
0
370
0
  6
CONTINUOUS
 10
264.7085360000000946
 20
762.4515079999999898
 30
0.0
 11
261.7085360000000946
 21
762.4515079999999898
 31
0.0
  0
LINE
  5
203
100
AcDbEntity
100
AcDbLine
  8
0
 62
0
370
0
  6
CONTINUOUS
 10
213.5545639999999992
 20
715.923881999999935
 30
0.0
 11
208.2512630000000229
 21
710.6205799999999044
 31
0.0
  0
ARC
  5
204
100
AcDbEntity
  8
0
 62
0
370
0
  6
CONTINUOUS
100
AcDbCircle
 10
235.1920310000000143
 20
757.0774959999999965
 30
0.0
 40
1.5
100
AcDbArc
 50
333.6444720000000075
 51
233.3407140000000197
  0
LINE
  5
205
100
AcDbEntity
100
AcDbLine
  8
0
 62
0
370
0
  6
CONTINUOUS
 10
213.5545639999999992
 20
715.923881999999935
 30
0.0
 11
209.9010820000000024
 21
719.5773639999999887
 31
0.0
  0
LINE
  5
206
100
AcDbEntity
100
AcDbLine
  8
0
 62
0
370
0
  6
CONTINUOUS
 10
214.9687770000000171
 20
715.9238810000000512
 30
0.0
 11
229.6782440000000349
 21
730.6333479999999554
 31
0.0
  0
LINE
  5
207
100
AcDbEntity
100
AcDbLine
  8
0
 62
0
370
0
  6
CONTINUOUS
 10
195.3542680000000189
 20
710.4515079999999898
 30
0.0
 11
209.9010820000000024
 21
719.5773639999999887
 31
0.0
  0
LINE
  5
208
100
AcDbEntity
100
AcDbLine
  8
0
 62
0
370
0
  6
CONTINUOUS
 10
209.9010820000000024
 20
719.5773639999999887
 30
0.0
 11
228.6037500000000193
 21
731.3103709999999182
 31
0.0
  0
LINE
  5
209
100
AcDbEntity
100
AcDbLine
  8
0
 62
0
370
0
  6
CONTINUOUS
 10
261.7085360000000946
 20
710.4515079999999898
 30
0.0
 11
229.6782440000000349
 21
730.6333479999999554
 31
0.0
  0
LINE
  5
20A
100
AcDbEntity
100
AcDbLine
  8
0
 62
0
370
0
  6
CONTINUOUS
 10
229.6782440000000349
 20
730.6333479999999554
 30
0.0
 11
228.6037500000000193
 21
731.3103709999999182
 31
0.0
  0
LINE
  5
20B
100
AcDbEntity
100
AcDbLine
  8
0
 62
0
370
0
  6
CONTINUOUS
 10
228.6037500000000193
 20
731.3103709999999182
 30
0.0
 11
223.0184950000000015
 21
734.8295620000000099
 31
0.0
  0
LINE
  5
20C
100
AcDbEntity
100
AcDbLine
  8
0
 62
0
370
0
  6
CONTINUOUS
 10
261.7085360000000946
 20
762.4515079999999898
 30
0.0
 11
231.3129280000000279
 21
755.1583239999999932
 31
0.0
  0
LINE
  5
20D
100
AcDbEntity
100
AcDbLine
  8
0
 62
0
370
0
  6
CONTINUOUS
 10
195.3542680000000189
 20
762.4515079999999898
 30
0.0
 11
225.9142329999999959
 21
755.153609000000074
 31
0.0
  0
LINE
  5
20E
100
AcDbEntity
100
AcDbLine
  8
0
 62
0
370
0
  6
CONTINUOUS
 10
225.9142329999999959
 20
755.153609000000074
 30
0.0
 11
228.6101370000000372
 21
754.5098110000000133
 31
0.0
  0
LINE
  5
20F
100
AcDbEntity
100
AcDbLine
  8
0
 62
0
370
0
  6
CONTINUOUS
 10
231.3129280000000279
 20
755.1583239999999932
 30
0.0
 11
228.6101370000000372
 21
754.5098110000000133
 31
0.0
  0
LINE
  5
210
100
AcDbEntity
100
AcDbLine
  8
0
 62
0
370
0
  6
CONTINUOUS
 10
228.6101370000000372
 20
754.5098110000000133
 30
0.0
 11
226.1660810000000481
 21
753.9233789999999544
 31
0.0
  0
LINE
  5
211
100
AcDbEntity
100
AcDbLine
  8
0
 62
0
370
0
  6
CONTINUOUS
 10
228.6159379999999999
 20
757.8553140000000212
 30
0.0
 11
225.9142329999999959
 21
755.153609000000074
 31
0.0
  0
LINE
  5
212
100
AcDbEntity
100
AcDbLine
  8
0
 62
0
370
0
  6
CONTINUOUS
 10
231.3129280000000279
 20
755.1583239999999932
 30
0.0
 11
228.6159379999999999
 21
757.8553140000000212
 31
0.0
  0
LINE
  5
213
100
AcDbEntity
100
AcDbLine
  8
0
 62
0
370
0
  6
CONTINUOUS
 10
195.3542680000000189
 20
676.3999999999999773
 30
0.0
 11
195.3542680000000189
 21
679.0
 31
0.0
  0
LINE
  5
214
100
AcDbEntity
100
AcDbLine
  8
0
 62
0
370
0
  6
CONTINUOUS
 10
261.7085360000000946
 20
692.0
 30
0.0
 11
261.7085360000000946
 21
640.0
 31
0.0
  0
LINE
  5
215
100
AcDbEntity
100
AcDbLine
  8
0
 62
0
370
0
  6
CONTINUOUS
 10
264.7085360000000946
 20
692.0
 30
0.0
 11
264.7085360000000946
 21
640.0
 31
0.0
  0
LINE
  5
216
100
AcDbEntity
100
AcDbLine
  8
0
 62
0
370
0
  6
CONTINUOUS
 10
261.7085360000000946
 20
640.0
 30
0.0
 11
264.7085360000000946
 21
640.0
 31
0.0
  0
LINE
  5
217
100
AcDbEntity
100
AcDbLine
  8
0
 62
0
370
0
  6
CONTINUOUS
 10
261.7085360000000946
 20
692.0
 30
0.0
 11
264.7085360000000946
 21
692.0
 31
0.0
  0
LINE
  5
218
100
AcDbEntity
100
AcDbLine
  8
0
 62
0
370
0
  6
CONTINUOUS
 10
218.1159379999999999
 20
643.0
 30
0.0
 11
261.7085360000000946
 21
643.0
 31
0.0
  0
LINE
  5
219
100
AcDbEntity
100
AcDbLine
  8
0
 62
0
370
0
  6
CONTINUOUS
 10
218.1159379999999999
 20
640.0
 30
0.0
 11
218.1159379999999999
 21
643.0
 31
0.0
  0
LINE
  5
21A
100
AcDbEntity
100
AcDbLine
  8
0
 62
0
370
0
  6
CONTINUOUS
 10
261.7085360000000946
 20
640.0
 30
0.0
 11
261.7085360000000946
 21
643.0
 31
0.0
  0
LINE
  5
21B
100
AcDbEntity
100
AcDbLine
  8
0
 62
0
370
0
  6
CONTINUOUS
 10
218.1159379999999999
 20
640.0
 30
0.0
 11
261.7085360000000946
 21
640.0
 31
0.0
  0
LINE
  5
21C
100
AcDbEntity
100
AcDbLine
  8
0
 62
0
370
0
  6
CONTINUOUS
 10
192.3542680000000189
 20
640.0
 30
0.0
 11
192.3542680000000189
 21
692.0
 31
0.0
  0
LINE
  5
21D
100
AcDbEntity
100
AcDbLine
  8
0
 62
0
370
0
  6
CONTINUOUS
 10
192.3542680000000189
 20
692.0
 30
0.0
 11
195.3542680000000189
 21
692.0
 31
0.0
  0
LINE
  5
21E
100
AcDbEntity
100
AcDbLine
  8
0
 62
0
370
0
  6
CONTINUOUS
 10
192.3542680000000189
 20
640.0
 30
0.0
 11
195.3542680000000189
 21
640.0
 31
0.0
  0
LINE
  5
21F
100
AcDbEntity
100
AcDbLine
  8
0
 62
0
370
0
  6
CONTINUOUS
 10
238.9468660000000284
 20
643.0
 30
0.0
 11
238.9468660000000284
 21
646.0
 31
0.0
  0
LINE
  5
220
100
AcDbEntity
100
AcDbLine
  8
0
 62
0
370
0
  6
CONTINUOUS
 10
195.3542680000000189
 20
643.0
 30
0.0
 11
195.3542680000000189
 21
646.0
 31
0.0
  0
LINE
  5
221
100
AcDbEntity
100
AcDbLine
  8
0
 62
0
370
0
  6
CONTINUOUS
 10
238.9468660000000284
 20
643.0
 30
0.0
 11
195.3542680000000189
 21
643.0
 31
0.0
  0
LINE
  5
222
100
AcDbEntity
100
AcDbLine
  8
0
 62
0
370
0
  6
CONTINUOUS
 10
200.1195350000000133
 20
646.0
 30
0.0
 11
242.7580739999999935
 21
646.0
 31
0.0
  0
LINE
  5
223
100
AcDbEntity
100
AcDbLine
  8
0
 62
0
370
0
  6
CONTINUOUS
 10
200.1195350000000133
 20
675.0
 30
0.0
 11
200.1195350000000133
 21
679.0
 31
0.0
  0
LINE
  5
224
100
AcDbEntity
100
AcDbLine
  8
0
 62
0
370
0
  6
CONTINUOUS
 10
247.3542680000000189
 20
672.3999999999999773
 30
0.0
 11
247.3542680000000189
 21
675.0
 31
0.0
  0
LINE
  5
225
100
AcDbEntity
100
AcDbLine
  8
0
 62
0
370
0
  6
CONTINUOUS
 10
200.1195350000000133
 20
679.0
 30
0.0
 11
202.2085770000000196
 21
679.5213560000000825
 31
0.0
  0
LINE
  5
226
100
AcDbEntity
100
AcDbLine
  8
0
 62
0
370
0
  6
CONTINUOUS
 10
202.2085770000000196
 20
679.5213560000000825
 30
0.0
 11
204.3621760000000052
 21
682.0
 31
0.0
  0
LINE
  5
227
100
AcDbEntity
100
AcDbLine
  8
0
 62
0
370
0
  6
CONTINUOUS
 10
241.3438610000000324
 20
682.0
 30
0.0
 11
242.7580739999999935
 21
679.0
 31
0.0
  0
LINE
  5
228
100
AcDbEntity
100
AcDbLine
  8
0
 62
0
370
0
  6
CONTINUOUS
 10
221.1159379999999999
 20
682.0
 30
0.0
 11
236.1159379999999999
 21
682.0
 31
0.0
  0
LINE
  5
229
100
AcDbEntity
100
AcDbLine
  8
0
 62
0
370
0
  6
CONTINUOUS
 10
223.6159379999999999
 20
684.0
 30
0.0
 11
221.1159379999999999
 21
682.0
 31
0.0
  0
LINE
  5
22A
100
AcDbEntity
100
AcDbLine
  8
0
 62
0
370
0
  6
CONTINUOUS
 10
223.6159379999999999
 20
684.0
 30
0.0
 11
233.6159379999999999
 21
684.0
 31
0.0
  0
LINE
  5
22B
100
AcDbEntity
100
AcDbLine
  8
0
 62
0
370
0
  6
CONTINUOUS
 10
233.6159379999999999
 20
684.0
 30
0.0
 11
236.1159379999999999
 21
682.0
 31
0.0
  0
LINE
  5
22C
100
AcDbEntity
100
AcDbLine
  8
0
 62
0
370
0
  6
CONTINUOUS
 10
225.6159379999999999
 20
685.0
 30
0.0
 11
231.6159379999999999
 21
685.0
 31
0.0
  0
LINE
  5
22D
100
AcDbEntity
100
AcDbLine
  8
0
 62
0
370
0
  6
CONTINUOUS
 10
231.6159379999999999
 20
684.0
 30
0.0
 11
231.6159379999999999
 21
685.0
 31
0.0
  0
LINE
  5
22E
100
AcDbEntity
100
AcDbLine
  8
0
 62
0
370
0
  6
CONTINUOUS
 10
225.6159379999999999
 20
684.0
 30
0.0
 11
225.6159379999999999
 21
685.0
 31
0.0
  0
LINE
  5
22F
100
AcDbEntity
100
AcDbLine
  8
0
 62
0
370
0
  6
CONTINUOUS
 10
218.1159379999999999
 20
688.0
 30
0.0
 11
239.1159379999999999
 21
688.0
 31
0.0
  0
LINE
  5
230
100
AcDbEntity
100
AcDbLine
  8
0
 62
0
370
0
  6
CONTINUOUS
 10
225.6159379999999999
 20
691.0
 30
0.0
 11
224.1159379999999999
 21
690.0
 31
0.0
  0
LINE
  5
231
100
AcDbEntity
100
AcDbLine
  8
0
 62
0
370
0
  6
CONTINUOUS
 10
231.6159379999999999
 20
691.0
 30
0.0
 11
233.1159379999999999
 21
690.0
 31
0.0
  0
LINE
  5
232
100
AcDbEntity
100
AcDbLine
  8
0
 62
0
370
0
  6
CONTINUOUS
 10
225.6159379999999999
 20
691.0
 30
0.0
 11
231.6159379999999999
 21
691.0
 31
0.0
  0
LINE
  5
233
100
AcDbEntity
100
AcDbLine
  8
0
 62
0
370
0
  6
CONTINUOUS
 10
218.1159379999999999
 20
688.0
 30
0.0
 11
218.1159379999999999
 21
690.0
 31
0.0
  0
LINE
  5
234
100
AcDbEntity
100
AcDbLine
  8
0
 62
0
370
0
  6
CONTINUOUS
 10
239.1159379999999999
 20
688.0
 30
0.0
 11
239.1159379999999999
 21
690.0
 31
0.0
  0
LINE
  5
235
100
AcDbEntity
100
AcDbLine
  8
0
 62
0
370
0
  6
CONTINUOUS
 10
224.6159379999999999
 20
685.0
 30
0.0
 11
232.6159379999999999
 21
685.0
 31
0.0
  0
LINE
  5
236
100
AcDbEntity
100
AcDbLine
  8
0
 62
0
370
0
  6
CONTINUOUS
 10
247.3542680000000189
 20
672.3999999999999773
 30
0.0
 11
247.3542680000000189
 21
669.4000000000000909
 31
0.0
  0
LINE
  5
237
100
AcDbEntity
100
AcDbLine
  8
0
 62
0
370
0
  6
CONTINUOUS
 10
218.1159379999999999
 20
685.0
 30
0.0
 11
239.1159379999999999
 21
685.0
 31
0.0
  0
LINE
  5
238
100
AcDbEntity
100
AcDbLine
  8
0
 62
0
370
0
  6
CONTINUOUS
 10
218.1159379999999999
 20
688.0
 30
0.0
 11
261.7085360000000946
 21
688.0
 31
0.0
  0
LINE
  5
239
100
AcDbEntity
100
AcDbLine
  8
0
 62
0
370
0
  6
CONTINUOUS
 10
218.1159379999999999
 20
685.0
 30
0.0
 11
218.1159379999999999
 21
688.0
 31
0.0
  0
LINE
  5
23A
100
AcDbEntity
100
AcDbLine
  8
0
 62
0
370
0
  6
CONTINUOUS
 10
261.7085360000000946
 20
685.0
 30
0.0
 11
261.7085360000000946
 21
688.0
 31
0.0
  0
LINE
  5
23B
100
AcDbEntity
100
AcDbLine
  8
0
 62
0
370
0
  6
CONTINUOUS
 10
218.1159379999999999
 20
685.0
 30
0.0
 11
261.7085360000000946
 21
685.0
 31
0.0
  0
LINE
  5
23C
100
AcDbEntity
100
AcDbLine
  8
tornillos
 62
0
370
0
  6
CONTINUOUS
 10
233.4159380000000112
 20
685.0
 30
0.0
 11
238.8159380000000453
 21
685.0
 31
0.0
  0
LINE
  5
23D
100
AcDbEntity
100
AcDbLine
  8
tornillos
 62
0
370
0
  6
CONTINUOUS
 10
218.4159380000000112
 20
685.0
 30
0.0
 11
223.8159380000000453
 21
685.0
 31
0.0
  0
LINE
  5
23E
100
AcDbEntity
100
AcDbLine
  8
0
 62
0
370
0
  6
CONTINUOUS
 10
242.7580739999999935
 20
675.0
 30
0.0
 11
242.7580739999999935
 21
679.0
 31
0.0
  0
LINE
  5
23F
100
AcDbEntity
100
AcDbLine
  8
0
 62
0
370
0
  6
CONTINUOUS
 10
234.6263460000000407
 20
675.0
 30
0.0
 11
234.6263460000000407
 21
672.3999999999999773
 31
0.0
  0
LINE
  5
240
100
AcDbEntity
100
AcDbLine
  8
0
 62
0
370
0
  6
CONTINUOUS
 10
228.6159379999999999
 20
679.0
 30
0.0
 11
227.2017240000000413
 21
682.0
 31
0.0
  0
LINE
  5
241
100
AcDbEntity
100
AcDbLine
  8
0
 62
0
370
0
  6
CONTINUOUS
 10
238.8689860000000351
 20
675.0
 30
0.0
 11
236.2173360000000173
 21
677.1797809999999345
 31
0.0
  0
LINE
  5
242
100
AcDbEntity
100
AcDbLine
  8
0
 62
0
370
0
  6
CONTINUOUS
 10
237.8083259999999939
 20
675.0
 30
0.0
 11
235.1566760000000329
 21
677.1797809999999345
 31
0.0
  0
LINE
  5
243
100
AcDbEntity
100
AcDbLine
  8
0
 62
0
370
0
  6
CONTINUOUS
 10
235.1566760000000329
 20
677.1797809999999345
 30
0.0
 11
235.1566760000000329
 21
675.0
 31
0.0
  0
LINE
  5
244
100
AcDbEntity
100
AcDbLine
  8
0
 62
0
370
0
  6
CONTINUOUS
 10
235.1566760000000329
 20
677.1797809999999345
 30
0.0
 11
236.2173360000000173
 21
677.1797809999999345
 31
0.0
  0
LINE
  5
245
100
AcDbEntity
100
AcDbLine
  8
0
 62
0
370
0
  6
CONTINUOUS
 10
195.3542680000000189
 20
675.0
 30
0.0
 11
200.1195350000000133
 21
675.0
 31
0.0
  0
LINE
  5
246
100
AcDbEntity
100
AcDbLine
  8
0
 62
0
370
0
  6
CONTINUOUS
 10
228.6159379999999999
 20
679.0
 30
0.0
 11
242.7580739999999935
 21
679.0
 31
0.0
  0
LINE
  5
247
100
AcDbEntity
100
AcDbLine
  8
0
 62
0
370
0
  6
CONTINUOUS
 10
228.6159379999999999
 20
675.0
 30
0.0
 11
228.6159379999999999
 21
679.0
 31
0.0
  0
LINE
  5
248
100
AcDbEntity
100
AcDbLine
  8
0
 62
0
370
0
  6
CONTINUOUS
 10
195.3542680000000189
 20
672.3999999999999773
 30
0.0
 11
228.6159379999999999
 21
672.3999999999999773
 31
0.0
  0
LINE
  5
249
100
AcDbEntity
100
AcDbLine
  8
0
 62
0
370
0
  6
CONTINUOUS
 10
195.3542680000000189
 20
669.4000000000000909
 30
0.0
 11
200.1195350000000133
 21
669.4000000000000909
 31
0.0
  0
LINE
  5
24A
100
AcDbEntity
100
AcDbLine
  8
0
 62
0
370
0
  6
CONTINUOUS
 10
200.1195350000000133
 20
669.4000000000000909
 30
0.0
 11
228.6159379999999999
 21
669.4000000000000909
 31
0.0
  0
LINE
  5
24B
100
AcDbEntity
100
AcDbLine
  8
0
 62
0
370
0
  6
CONTINUOUS
 10
200.1195350000000133
 20
648.0
 30
0.0
 11
228.6159379999999999
 21
648.0
 31
0.0
  0
LINE
  5
24C
100
AcDbEntity
100
AcDbLine
  8
0
 62
0
370
0
  6
CONTINUOUS
 10
228.6159379999999999
 20
648.0
 30
0.0
 11
242.7580739999999935
 21
648.0
 31
0.0
  0
LINE
  5
24D
100
AcDbEntity
100
AcDbLine
  8
0
 62
0
370
0
  6
CONTINUOUS
 10
200.1195350000000133
 20
646.0
 30
0.0
 11
200.1195350000000133
 21
648.0
 31
0.0
  0
LINE
  5
24E
100
AcDbEntity
100
AcDbLine
  8
0
 62
0
370
0
  6
CONTINUOUS
 10
200.1195350000000133
 20
648.0
 30
0.0
 11
200.1195350000000133
 21
669.4000000000000909
 31
0.0
  0
LINE
  5
24F
100
AcDbEntity
100
AcDbLine
  8
0
 62
0
370
0
  6
CONTINUOUS
 10
228.6159379999999999
 20
669.4000000000000909
 30
0.0
 11
228.6159379999999999
 21
648.0
 31
0.0
  0
LINE
  5
250
100
AcDbEntity
100
AcDbLine
  8
0
 62
0
370
0
  6
CONTINUOUS
 10
228.6159379999999999
 20
648.0
 30
0.0
 11
228.6159379999999999
 21
646.0
 31
0.0
  0
LINE
  5
251
100
AcDbEntity
100
AcDbLine
  8
0
 62
0
370
0
  6
CONTINUOUS
 10
228.6159379999999999
 20
672.3999999999999773
 30
0.0
 11
234.6263460000000407
 21
672.3999999999999773
 31
0.0
  0
LINE
  5
252
100
AcDbEntity
100
AcDbLine
  8
0
 62
0
370
0
  6
CONTINUOUS
 10
234.6263460000000407
 20
672.3999999999999773
 30
0.0
 11
247.3542680000000189
 21
672.3999999999999773
 31
0.0
  0
LINE
  5
253
100
AcDbEntity
100
AcDbLine
  8
0
 62
0
370
0
  6
CONTINUOUS
 10
204.3621760000000052
 20
682.0
 30
0.0
 11
212.1403500000000406
 21
682.0
 31
0.0
  0
LINE
  5
254
100
AcDbEntity
100
AcDbLine
  8
0
 62
0
370
0
  6
CONTINUOUS
 10
195.3542680000000189
 20
675.0
 30
0.0
 11
195.3542680000000189
 21
692.0
 31
0.0
  0
LINE
  5
255
100
AcDbEntity
100
AcDbLine
  8
0
 62
0
370
0
  6
CONTINUOUS
 10
195.3542680000000189
 20
640.0
 30
0.0
 11
195.3542680000000189
 21
672.3999999999999773
 31
0.0
  0
LINE
  5
256
100
AcDbEntity
100
AcDbLine
  8
0
 62
0
370
0
  6
CONTINUOUS
 10
195.3542680000000189
 20
672.3999999999999773
 30
0.0
 11
195.3542680000000189
 21
675.0
 31
0.0
  0
LINE
  5
257
100
AcDbEntity
100
AcDbLine
  8
0
 62
0
370
0
  6
CONTINUOUS
 10
228.6159379999999999
 20
675.0
 30
0.0
 11
234.6263460000000407
 21
675.0
 31
0.0
  0
LINE
  5
258
100
AcDbEntity
100
AcDbLine
  8
0
 62
0
370
0
  6
CONTINUOUS
 10
234.6263460000000407
 20
675.0
 30
0.0
 11
235.1566760000000329
 21
675.0
 31
0.0
  0
LINE
  5
259
100
AcDbEntity
100
AcDbLine
  8
0
 62
0
370
0
  6
CONTINUOUS
 10
235.1566760000000329
 20
675.0
 30
0.0
 11
238.8689860000000351
 21
675.0
 31
0.0
  0
LINE
  5
25A
100
AcDbEntity
100
AcDbLine
  8
0
 62
0
370
0
  6
CONTINUOUS
 10
242.7580739999999935
 20
646.0
 30
0.0
 11
242.7580739999999935
 21
648.0
 31
0.0
  0
LINE
  5
25B
100
AcDbEntity
100
AcDbLine
  8
0
 62
0
370
0
  6
CONTINUOUS
 10
242.7580739999999935
 20
648.0
 30
0.0
 11
242.7580739999999935
 21
669.4000000000000909
 31
0.0
  0
LINE
  5
25C
100
AcDbEntity
100
AcDbLine
  8
0
 62
0
370
0
  6
CONTINUOUS
 10
218.1159379999999999
 20
690.0
 30
0.0
 11
224.1159379999999999
 21
690.0
 31
0.0
  0
LINE
  5
25D
100
AcDbEntity
100
AcDbLine
  8
0
 62
0
370
0
  6
CONTINUOUS
 10
224.1159379999999999
 20
690.0
 30
0.0
 11
233.1159379999999999
 21
690.0
 31
0.0
  0
LINE
  5
25E
100
AcDbEntity
100
AcDbLine
  8
0
 62
0
370
0
  6
CONTINUOUS
 10
233.1159379999999999
 20
690.0
 30
0.0
 11
239.1159379999999999
 21
690.0
 31
0.0
  0
LINE
  5
25F
100
AcDbEntity
100
AcDbLine
  8
tornillos
 62
0
370
0
  6
CONTINUOUS
 10
212.1403500000000406
 20
682.0
 30
0.0
 11
202.2085770000000196
 21
679.5213560000000825
 31
0.0
  0
LINE
  5
260
100
AcDbEntity
100
AcDbLine
  8
tornillos
 62
0
370
0
  6
CONTINUOUS
 10
202.2085770000000196
 20
679.5213560000000825
 30
0.0
 11
200.1195350000000133
 21
679.0
 31
0.0
  0
LINE
  5
261
100
AcDbEntity
100
AcDbLine
  8
0
 62
0
370
0
  6
CONTINUOUS
 10
238.9468660000000284
 20
646.0
 30
0.0
 11
200.1195350000000133
 21
646.0
 31
0.0
  0
LINE
  5
262
100
AcDbEntity
100
AcDbLine
  8
0
 62
0
370
0
  6
CONTINUOUS
 10
200.1195350000000133
 20
646.0
 30
0.0
 11
195.3542680000000189
 21
646.0
 31
0.0
  0
LINE
  5
263
100
AcDbEntity
100
AcDbLine
  8
0
 62
0
370
0
  6
CONTINUOUS
 10
212.1403500000000406
 20
682.0
 30
0.0
 11
221.1159379999999999
 21
682.0
 31
0.0
  0
LINE
  5
264
100
AcDbEntity
100
AcDbLine
  8
0
 62
0
370
0
  6
CONTINUOUS
 10
221.1159379999999999
 20
682.0
 30
0.0
 11
227.2017240000000413
 21
682.0
 31
0.0
  0
LINE
  5
265
100
AcDbEntity
100
AcDbLine
  8
0
 62
0
370
0
  6
CONTINUOUS
 10
238.8689860000000351
 20
675.0
 30
0.0
 11
242.7580739999999935
 21
675.0
 31
0.0
  0
LINE
  5
266
100
AcDbEntity
100
AcDbLine
  8
0
 62
0
370
0
  6
CONTINUOUS
 10
242.7580739999999935
 20
675.0
 30
0.0
 11
247.3542680000000189
 21
675.0
 31
0.0
  0
LINE
  5
267
100
AcDbEntity
100
AcDbLine
  8
0
 62
0
370
0
  6
CONTINUOUS
 10
227.2017240000000413
 20
682.0
 30
0.0
 11
236.1159379999999999
 21
682.0
 31
0.0
  0
LINE
  5
268
100
AcDbEntity
100
AcDbLine
  8
0
 62
0
370
0
  6
CONTINUOUS
 10
236.1159379999999999
 20
682.0
 30
0.0
 11
241.3438610000000324
 21
682.0
 31
0.0
  0
LINE
  5
269
100
AcDbEntity
100
AcDbLine
  8
0
 62
0
370
0
  6
CONTINUOUS
 10
195.3542680000000189
 20
673.3999999999999773
 30
0.0
 11
195.3542680000000189
 21
675.0
 31
0.0
  0
LINE
  5
26A
100
AcDbEntity
100
AcDbLine
  8
0
 62
0
370
0
  6
CONTINUOUS
 10
195.3542680000000189
 20
675.0
 30
0.0
 11
195.3542680000000189
 21
676.3999999999999773
 31
0.0
  0
LINE
  5
26B
100
AcDbEntity
100
AcDbLine
  8
0
 62
0
370
0
  6
CONTINUOUS
 10
228.6159379999999999
 20
669.4000000000000909
 30
0.0
 11
242.7580739999999935
 21
669.4000000000000909
 31
0.0
  0
LINE
  5
26C
100
AcDbEntity
100
AcDbLine
  8
0
 62
0
370
0
  6
CONTINUOUS
 10
242.7580739999999935
 20
669.4000000000000909
 30
0.0
 11
247.3542680000000189
 21
669.4000000000000909
 31
0.0
  0
LINE
  5
26D
100
AcDbEntity
100
AcDbLine
  8
0
 62
0
370
0
  6
CONTINUOUS
 10
267.7085360000000946
 20
762.6205799999999044
 30
0.0
 11
319.7085360000000946
 21
762.6205799999999044
 31
0.0
  0
LINE
  5
26E
100
AcDbEntity
100
AcDbLine
  8
0
 62
0
370
0
  6
CONTINUOUS
 10
267.7085360000000946
 20
710.6205799999999044
 30
0.0
 11
280.6055310000000418
 21
710.6205799999999044
 31
0.0
  0
ARC
  5
26F
100
AcDbEntity
  8
0
 62
0
370
0
  6
CONTINUOUS
100
AcDbCircle
 10
286.615938000000142
 20
716.6309880000000021
 30
0.0
 40
1.0
100
AcDbArc
 50
225.0
 51
315.0
  0
CIRCLE
  5
270
100
AcDbEntity
100
AcDbCircle
  8
0
 62
0
370
0
  6
CONTINUOUS
 10
300.9702060000000756
 20
743.7131780000000845
 30
0.0
 40
1.3999999999999999
  0
ARC
  5
271
100
AcDbEntity
  8
0
 62
0
370
0
  6
CONTINUOUS
100
AcDbCircle
 10
300.9702060000000756
 20
756.4411000000000058
 30
0.0
 40
1.0
100
AcDbArc
 50
45.0
 51
135.0
  0
LINE
  5
272
100
AcDbEntity
100
AcDbLine
  8
0
 62
0
370
0
  6
CONTINUOUS
 10
334.062804000000142
 20
710.4515079999999898
 30
0.0
 11
334.062804000000142
 21
762.4515079999999898
 31
0.0
  0
ARC
  5
273
100
AcDbEntity
  8
0
 62
0
370
0
  6
CONTINUOUS
100
AcDbCircle
 10
300.9702060000000756
 20
743.7131780000000845
 30
0.0
 40
10.5
100
AcDbArc
 50
103.4925929999999994
 51
237.7855440000000158
  0
LINE
  5
274
100
AcDbEntity
100
AcDbLine
  8
0
 62
0
370
0
  6
CONTINUOUS
 10
319.7085360000000946
 20
759.0073160000000598
 30
0.0
 11
319.7085360000000946
 21
762.6205799999999044
 31
0.0
  0
LINE
  5
275
100
AcDbEntity
100
AcDbLine
  8
0
 62
0
370
0
  6
CONTINUOUS
 10
337.062804000000142
 20
710.4515079999999898
 30
0.0
 11
337.062804000000142
 21
762.4515079999999898
 31
0.0
  0
LINE
  5
276
100
AcDbEntity
100
AcDbLine
  8
0
 62
0
370
0
  6
CONTINUOUS
 10
264.7085360000000946
 20
710.6205799999999044
 30
0.0
 11
264.7085360000000946
 21
762.6205799999999044
 31
0.0
  0
LINE
  5
277
100
AcDbEntity
100
AcDbLine
  8
0
 62
0
370
0
  6
CONTINUOUS
 10
267.7085360000000946
 20
710.6205799999999044
 30
0.0
 11
267.7085360000000946
 21
762.6205799999999044
 31
0.0
  0
LINE
  5
278
100
AcDbEntity
100
AcDbLine
  8
0
 62
0
370
0
  6
CONTINUOUS
 10
264.7085360000000946
 20
762.6205799999999044
 30
0.0
 11
267.7085360000000946
 21
762.6205799999999044
 31
0.0
  0
LINE
  5
279
100
AcDbEntity
100
AcDbLine
  8
0
 62
0
370
0
  6
CONTINUOUS
 10
264.7085360000000946
 20
710.6205799999999044
 30
0.0
 11
267.7085360000000946
 21
710.6205799999999044
 31
0.0
  0
LINE
  5
27A
100
AcDbEntity
100
AcDbLine
  8
0
 62
0
370
0
  6
CONTINUOUS
 10
334.062804000000142
 20
710.4515079999999898
 30
0.0
 11
337.062804000000142
 21
710.4515079999999898
 31
0.0
  0
LINE
  5
27B
100
AcDbEntity
100
AcDbLine
  8
0
 62
0
370
0
  6
CONTINUOUS
 10
337.062804000000142
 20
762.4515079999999898
 30
0.0
 11
334.062804000000142
 21
762.4515079999999898
 31
0.0
  0
LINE
  5
27C
100
AcDbEntity
100
AcDbLine
  8
0
 62
0
370
0
  6
CONTINUOUS
 10
285.9088320000000749
 20
715.923881999999935
 30
0.0
 11
280.6055310000000418
 21
710.6205799999999044
 31
0.0
  0
ARC
  5
27D
100
AcDbEntity
  8
0
 62
0
370
0
  6
CONTINUOUS
100
AcDbCircle
 10
307.54629900000009
 20
757.0774959999999965
 30
0.0
 40
1.5
100
AcDbArc
 50
333.6444720000000075
 51
233.3407140000000197
  0
LINE
  5
27E
100
AcDbEntity
100
AcDbLine
  8
0
 62
0
370
0
  6
CONTINUOUS
 10
285.9088320000000749
 20
715.923881999999935
 30
0.0
 11
282.255350000000135
 21
719.5773639999999887
 31
0.0
  0
LINE
  5
27F
100
AcDbEntity
100
AcDbLine
  8
0
 62
0
370
0
  6
CONTINUOUS
 10
287.3230450000000928
 20
715.9238810000000512
 30
0.0
 11
302.0325120000001107
 21
730.6333479999999554
 31
0.0
  0
LINE
  5
280
100
AcDbEntity
100
AcDbLine
  8
0
 62
0
370
0
  6
CONTINUOUS
 10
267.7085360000000946
 20
710.4515079999999898
 30
0.0
 11
282.255350000000135
 21
719.5773639999999887
 31
0.0
  0
LINE
  5
281
100
AcDbEntity
100
AcDbLine
  8
0
 62
0
370
0
  6
CONTINUOUS
 10
282.255350000000135
 20
719.5773639999999887
 30
0.0
 11
300.9580180000001519
 21
731.3103709999999182
 31
0.0
  0
LINE
  5
282
100
AcDbEntity
100
AcDbLine
  8
0
 62
0
370
0
  6
CONTINUOUS
 10
334.062804000000142
 20
710.4515079999999898
 30
0.0
 11
302.0325120000001107
 21
730.6333479999999554
 31
0.0
  0
LINE
  5
283
100
AcDbEntity
100
AcDbLine
  8
0
 62
0
370
0
  6
CONTINUOUS
 10
302.0325120000001107
 20
730.6333479999999554
 30
0.0
 11
300.9580180000001519
 21
731.3103709999999182
 31
0.0
  0
LINE
  5
284
100
AcDbEntity
100
AcDbLine
  8
0
 62
0
370
0
  6
CONTINUOUS
 10
300.9580180000001519
 20
731.3103709999999182
 30
0.0
 11
295.3727630000000772
 21
734.8295620000000099
 31
0.0
  0
LINE
  5
285
100
AcDbEntity
100
AcDbLine
  8
0
 62
0
370
0
  6
CONTINUOUS
 10
334.062804000000142
 20
762.4515079999999898
 30
0.0
 11
303.6671960000001036
 21
755.1583239999999932
 31
0.0
  0
LINE
  5
286
100
AcDbEntity
100
AcDbLine
  8
0
 62
0
370
0
  6
CONTINUOUS
 10
267.7085360000000946
 20
762.4515079999999898
 30
0.0
 11
298.2685010000001284
 21
755.153609000000074
 31
0.0
  0
LINE
  5
287
100
AcDbEntity
100
AcDbLine
  8
0
 62
0
370
0
  6
CONTINUOUS
 10
298.2685010000001284
 20
755.153609000000074
 30
0.0
 11
300.9644050000000561
 21
754.5098110000000133
 31
0.0
  0
LINE
  5
288
100
AcDbEntity
100
AcDbLine
  8
0
 62
0
370
0
  6
CONTINUOUS
 10
303.6671960000001036
 20
755.1583239999999932
 30
0.0
 11
300.9644050000000561
 21
754.5098110000000133
 31
0.0
  0
LINE
  5
289
100
AcDbEntity
100
AcDbLine
  8
0
 62
0
370
0
  6
CONTINUOUS
 10
300.9644050000000561
 20
754.5098110000000133
 30
0.0
 11
298.5203490000001239
 21
753.9233789999999544
 31
0.0
  0
LINE
  5
28A
100
AcDbEntity
100
AcDbLine
  8
0
 62
0
370
0
  6
CONTINUOUS
 10
300.9702060000000756
 20
757.8553140000000212
 30
0.0
 11
298.2685010000001284
 21
755.153609000000074
 31
0.0
  0
LINE
  5
28B
100
AcDbEntity
100
AcDbLine
  8
0
 62
0
370
0
  6
CONTINUOUS
 10
303.6671960000001036
 20
755.1583239999999932
 30
0.0
 11
300.9702060000000756
 21
757.8553140000000212
 31
0.0
  0
LINE
  5
28C
100
AcDbEntity
100
AcDbLine
  8
0
 62
0
370
0
  6
CONTINUOUS
 10
267.7085360000000946
 20
676.3999999999999773
 30
0.0
 11
267.7085360000000946
 21
679.0
 31
0.0
  0
LINE
  5
28D
100
AcDbEntity
100
AcDbLine
  8
0
 62
0
370
0
  6
CONTINUOUS
 10
334.062804000000142
 20
692.0
 30
0.0
 11
334.062804000000142
 21
640.0
 31
0.0
  0
LINE
  5
28E
100
AcDbEntity
100
AcDbLine
  8
0
 62
0
370
0
  6
CONTINUOUS
 10
337.062804000000142
 20
692.0
 30
0.0
 11
337.062804000000142
 21
640.0
 31
0.0
  0
LINE
  5
28F
100
AcDbEntity
100
AcDbLine
  8
0
 62
0
370
0
  6
CONTINUOUS
 10
334.062804000000142
 20
640.0
 30
0.0
 11
337.062804000000142
 21
640.0
 31
0.0
  0
LINE
  5
290
100
AcDbEntity
100
AcDbLine
  8
0
 62
0
370
0
  6
CONTINUOUS
 10
334.062804000000142
 20
692.0
 30
0.0
 11
337.062804000000142
 21
692.0
 31
0.0
  0
LINE
  5
291
100
AcDbEntity
100
AcDbLine
  8
0
 62
0
370
0
  6
CONTINUOUS
 10
290.4702060000000756
 20
643.0
 30
0.0
 11
334.062804000000142
 21
643.0
 31
0.0
  0
LINE
  5
292
100
AcDbEntity
100
AcDbLine
  8
0
 62
0
370
0
  6
CONTINUOUS
 10
290.4702060000000756
 20
640.0
 30
0.0
 11
290.4702060000000756
 21
643.0
 31
0.0
  0
LINE
  5
293
100
AcDbEntity
100
AcDbLine
  8
0
 62
0
370
0
  6
CONTINUOUS
 10
334.062804000000142
 20
640.0
 30
0.0
 11
334.062804000000142
 21
643.0
 31
0.0
  0
LINE
  5
294
100
AcDbEntity
100
AcDbLine
  8
0
 62
0
370
0
  6
CONTINUOUS
 10
290.4702060000000756
 20
640.0
 30
0.0
 11
334.062804000000142
 21
640.0
 31
0.0
  0
LINE
  5
295
100
AcDbEntity
100
AcDbLine
  8
0
 62
0
370
0
  6
CONTINUOUS
 10
264.7085360000000946
 20
640.0
 30
0.0
 11
264.7085360000000946
 21
692.0
 31
0.0
  0
LINE
  5
296
100
AcDbEntity
100
AcDbLine
  8
0
 62
0
370
0
  6
CONTINUOUS
 10
264.7085360000000946
 20
692.0
 30
0.0
 11
267.7085360000000946
 21
692.0
 31
0.0
  0
LINE
  5
297
100
AcDbEntity
100
AcDbLine
  8
0
 62
0
370
0
  6
CONTINUOUS
 10
264.7085360000000946
 20
640.0
 30
0.0
 11
267.7085360000000946
 21
640.0
 31
0.0
  0
LINE
  5
298
100
AcDbEntity
100
AcDbLine
  8
0
 62
0
370
0
  6
CONTINUOUS
 10
311.3011340000000473
 20
643.0
 30
0.0
 11
311.3011340000000473
 21
646.0
 31
0.0
  0
LINE
  5
299
100
AcDbEntity
100
AcDbLine
  8
0
 62
0
370
0
  6
CONTINUOUS
 10
267.7085360000000946
 20
643.0
 30
0.0
 11
267.7085360000000946
 21
646.0
 31
0.0
  0
LINE
  5
29A
100
AcDbEntity
100
AcDbLine
  8
0
 62
0
370
0
  6
CONTINUOUS
 10
311.3011340000000473
 20
643.0
 30
0.0
 11
267.7085360000000946
 21
643.0
 31
0.0
  0
LINE
  5
29B
100
AcDbEntity
100
AcDbLine
  8
0
 62
0
370
0
  6
CONTINUOUS
 10
272.473803000000089
 20
646.0
 30
0.0
 11
315.1123420000001261
 21
646.0
 31
0.0
  0
LINE
  5
29C
100
AcDbEntity
100
AcDbLine
  8
0
 62
0
370
0
  6
CONTINUOUS
 10
272.473803000000089
 20
675.0
 30
0.0
 11
272.473803000000089
 21
679.0
 31
0.0
  0
LINE
  5
29D
100
AcDbEntity
100
AcDbLine
  8
0
 62
0
370
0
  6
CONTINUOUS
 10
319.7085360000000946
 20
672.3999999999999773
 30
0.0
 11
319.7085360000000946
 21
675.0
 31
0.0
  0
LINE
  5
29E
100
AcDbEntity
100
AcDbLine
  8
0
 62
0
370
0
  6
CONTINUOUS
 10
272.473803000000089
 20
679.0
 30
0.0
 11
274.5628450000001521
 21
679.5213560000000825
 31
0.0
  0
LINE
  5
29F
100
AcDbEntity
100
AcDbLine
  8
0
 62
0
370
0
  6
CONTINUOUS
 10
274.5628450000001521
 20
679.5213560000000825
 30
0.0
 11
276.7164440000001377
 21
682.0
 31
0.0
  0
LINE
  5
2A0
100
AcDbEntity
100
AcDbLine
  8
0
 62
0
370
0
  6
CONTINUOUS
 10
313.6981290000001081
 20
682.0
 30
0.0
 11
315.1123420000001261
 21
679.0
 31
0.0
  0
LINE
  5
2A1
100
AcDbEntity
100
AcDbLine
  8
0
 62
0
370
0
  6
CONTINUOUS
 10
293.4702060000000756
 20
682.0
 30
0.0
 11
308.4702060000000756
 21
682.0
 31
0.0
  0
LINE
  5
2A2
100
AcDbEntity
100
AcDbLine
  8
0
 62
0
370
0
  6
CONTINUOUS
 10
295.9702060000000756
 20
684.0
 30
0.0
 11
293.4702060000000756
 21
682.0
 31
0.0
  0
LINE
  5
2A3
100
AcDbEntity
100
AcDbLine
  8
0
 62
0
370
0
  6
CONTINUOUS
 10
295.9702060000000756
 20
684.0
 30
0.0
 11
305.9702060000000756
 21
684.0
 31
0.0
  0
LINE
  5
2A4
100
AcDbEntity
100
AcDbLine
  8
0
 62
0
370
0
  6
CONTINUOUS
 10
305.9702060000000756
 20
684.0
 30
0.0
 11
308.4702060000000756
 21
682.0
 31
0.0
  0
LINE
  5
2A5
100
AcDbEntity
100
AcDbLine
  8
0
 62
0
370
0
  6
CONTINUOUS
 10
297.9702060000000756
 20
685.0
 30
0.0
 11
303.9702060000000756
 21
685.0
 31
0.0
  0
LINE
  5
2A6
100
AcDbEntity
100
AcDbLine
  8
0
 62
0
370
0
  6
CONTINUOUS
 10
303.9702060000000756
 20
684.0
 30
0.0
 11
303.9702060000000756
 21
685.0
 31
0.0
  0
LINE
  5
2A7
100
AcDbEntity
100
AcDbLine
  8
0
 62
0
370
0
  6
CONTINUOUS
 10
297.9702060000000756
 20
684.0
 30
0.0
 11
297.9702060000000756
 21
685.0
 31
0.0
  0
LINE
  5
2A8
100
AcDbEntity
100
AcDbLine
  8
0
 62
0
370
0
  6
CONTINUOUS
 10
290.4702060000000756
 20
688.0
 30
0.0
 11
311.4702060000000756
 21
688.0
 31
0.0
  0
LINE
  5
2A9
100
AcDbEntity
100
AcDbLine
  8
0
 62
0
370
0
  6
CONTINUOUS
 10
297.9702060000000756
 20
691.0
 30
0.0
 11
296.4702060000000756
 21
690.0
 31
0.0
  0
LINE
  5
2AA
100
AcDbEntity
100
AcDbLine
  8
0
 62
0
370
0
  6
CONTINUOUS
 10
303.9702060000000756
 20
691.0
 30
0.0
 11
305.4702060000000756
 21
690.0
 31
0.0
  0
LINE
  5
2AB
100
AcDbEntity
100
AcDbLine
  8
0
 62
0
370
0
  6
CONTINUOUS
 10
297.9702060000000756
 20
691.0
 30
0.0
 11
303.9702060000000756
 21
691.0
 31
0.0
  0
LINE
  5
2AC
100
AcDbEntity
100
AcDbLine
  8
0
 62
0
370
0
  6
CONTINUOUS
 10
290.4702060000000756
 20
688.0
 30
0.0
 11
290.4702060000000756
 21
690.0
 31
0.0
  0
LINE
  5
2AD
100
AcDbEntity
100
AcDbLine
  8
0
 62
0
370
0
  6
CONTINUOUS
 10
311.4702060000000756
 20
688.0
 30
0.0
 11
311.4702060000000756
 21
690.0
 31
0.0
  0
LINE
  5
2AE
100
AcDbEntity
100
AcDbLine
  8
0
 62
0
370
0
  6
CONTINUOUS
 10
296.9702060000000756
 20
685.0
 30
0.0
 11
304.9702060000000756
 21
685.0
 31
0.0
  0
LINE
  5
2AF
100
AcDbEntity
100
AcDbLine
  8
0
 62
0
370
0
  6
CONTINUOUS
 10
319.7085360000000946
 20
672.3999999999999773
 30
0.0
 11
319.7085360000000946
 21
669.4000000000000909
 31
0.0
  0
LINE
  5
2B0
100
AcDbEntity
100
AcDbLine
  8
0
 62
0
370
0
  6
CONTINUOUS
 10
290.4702060000000756
 20
685.0
 30
0.0
 11
311.4702060000000756
 21
685.0
 31
0.0
  0
LINE
  5
2B1
100
AcDbEntity
100
AcDbLine
  8
0
 62
0
370
0
  6
CONTINUOUS
 10
290.4702060000000756
 20
688.0
 30
0.0
 11
334.062804000000142
 21
688.0
 31
0.0
  0
LINE
  5
2B2
100
AcDbEntity
100
AcDbLine
  8
0
 62
0
370
0
  6
CONTINUOUS
 10
290.4702060000000756
 20
685.0
 30
0.0
 11
290.4702060000000756
 21
688.0
 31
0.0
  0
LINE
  5
2B3
100
AcDbEntity
100
AcDbLine
  8
0
 62
0
370
0
  6
CONTINUOUS
 10
334.062804000000142
 20
685.0
 30
0.0
 11
334.062804000000142
 21
688.0
 31
0.0
  0
LINE
  5
2B4
100
AcDbEntity
100
AcDbLine
  8
0
 62
0
370
0
  6
CONTINUOUS
 10
290.4702060000000756
 20
685.0
 30
0.0
 11
334.062804000000142
 21
685.0
 31
0.0
  0
LINE
  5
2B5
100
AcDbEntity
100
AcDbLine
  8
tornillos
 62
0
370
0
  6
CONTINUOUS
 10
305.7702060000001438
 20
685.0
 30
0.0
 11
311.1702060000001211
 21
685.0
 31
0.0
  0
LINE
  5
2B6
100
AcDbEntity
100
AcDbLine
  8
tornillos
 62
0
370
0
  6
CONTINUOUS
 10
290.7702060000001438
 20
685.0
 30
0.0
 11
296.1702060000001211
 21
685.0
 31
0.0
  0
LINE
  5
2B7
100
AcDbEntity
100
AcDbLine
  8
0
 62
0
370
0
  6
CONTINUOUS
 10
315.1123420000001261
 20
675.0
 30
0.0
 11
315.1123420000001261
 21
679.0
 31
0.0
  0
LINE
  5
2B8
100
AcDbEntity
100
AcDbLine
  8
0
 62
0
370
0
  6
CONTINUOUS
 10
306.9806140000000596
 20
675.0
 30
0.0
 11
306.9806140000000596
 21
672.3999999999999773
 31
0.0
  0
LINE
  5
2B9
100
AcDbEntity
100
AcDbLine
  8
0
 62
0
370
0
  6
CONTINUOUS
 10
300.9702060000000756
 20
679.0
 30
0.0
 11
299.5559920000000602
 21
682.0
 31
0.0
  0
LINE
  5
2BA
100
AcDbEntity
100
AcDbLine
  8
0
 62
0
370
0
  6
CONTINUOUS
 10
311.2232540000001109
 20
675.0
 30
0.0
 11
308.571604000000093
 21
677.1797809999999345
 31
0.0
  0
LINE
  5
2BB
100
AcDbEntity
100
AcDbLine
  8
0
 62
0
370
0
  6
CONTINUOUS
 10
310.1625940000001265
 20
675.0
 30
0.0
 11
307.5109440000001086
 21
677.1797809999999345
 31
0.0
  0
LINE
  5
2BC
100
AcDbEntity
100
AcDbLine
  8
0
 62
0
370
0
  6
CONTINUOUS
 10
307.5109440000001086
 20
677.1797809999999345
 30
0.0
 11
307.5109440000001086
 21
675.0
 31
0.0
  0
LINE
  5
2BD
100
AcDbEntity
100
AcDbLine
  8
0
 62
0
370
0
  6
CONTINUOUS
 10
307.5109440000001086
 20
677.1797809999999345
 30
0.0
 11
308.571604000000093
 21
677.1797809999999345
 31
0.0
  0
LINE
  5
2BE
100
AcDbEntity
100
AcDbLine
  8
0
 62
0
370
0
  6
CONTINUOUS
 10
267.7085360000000946
 20
675.0
 30
0.0
 11
272.473803000000089
 21
675.0
 31
0.0
  0
LINE
  5
2BF
100
AcDbEntity
100
AcDbLine
  8
0
 62
0
370
0
  6
CONTINUOUS
 10
300.9702060000000756
 20
679.0
 30
0.0
 11
315.1123420000001261
 21
679.0
 31
0.0
  0
LINE
  5
2C0
100
AcDbEntity
100
AcDbLine
  8
0
 62
0
370
0
  6
CONTINUOUS
 10
300.9702060000000756
 20
675.0
 30
0.0
 11
300.9702060000000756
 21
679.0
 31
0.0
  0
LINE
  5
2C1
100
AcDbEntity
100
AcDbLine
  8
0
 62
0
370
0
  6
CONTINUOUS
 10
267.7085360000000946
 20
672.3999999999999773
 30
0.0
 11
300.9702060000000756
 21
672.3999999999999773
 31
0.0
  0
LINE
  5
2C2
100
AcDbEntity
100
AcDbLine
  8
0
 62
0
370
0
  6
CONTINUOUS
 10
267.7085360000000946
 20
669.4000000000000909
 30
0.0
 11
272.473803000000089
 21
669.4000000000000909
 31
0.0
  0
LINE
  5
2C3
100
AcDbEntity
100
AcDbLine
  8
0
 62
0
370
0
  6
CONTINUOUS
 10
272.473803000000089
 20
669.4000000000000909
 30
0.0
 11
300.9702060000000756
 21
669.4000000000000909
 31
0.0
  0
LINE
  5
2C4
100
AcDbEntity
100
AcDbLine
  8
0
 62
0
370
0
  6
CONTINUOUS
 10
272.473803000000089
 20
648.0
 30
0.0
 11
300.9702060000000756
 21
648.0
 31
0.0
  0
LINE
  5
2C5
100
AcDbEntity
100
AcDbLine
  8
0
 62
0
370
0
  6
CONTINUOUS
 10
300.9702060000000756
 20
648.0
 30
0.0
 11
315.1123420000001261
 21
648.0
 31
0.0
  0
LINE
  5
2C6
100
AcDbEntity
100
AcDbLine
  8
0
 62
0
370
0
  6
CONTINUOUS
 10
272.473803000000089
 20
646.0
 30
0.0
 11
272.473803000000089
 21
648.0
 31
0.0
  0
LINE
  5
2C7
100
AcDbEntity
100
AcDbLine
  8
0
 62
0
370
0
  6
CONTINUOUS
 10
272.473803000000089
 20
648.0
 30
0.0
 11
272.473803000000089
 21
669.4000000000000909
 31
0.0
  0
LINE
  5
2C8
100
AcDbEntity
100
AcDbLine
  8
0
 62
0
370
0
  6
CONTINUOUS
 10
300.9702060000000756
 20
669.4000000000000909
 30
0.0
 11
300.9702060000000756
 21
648.0
 31
0.0
  0
LINE
  5
2C9
100
AcDbEntity
100
AcDbLine
  8
0
 62
0
370
0
  6
CONTINUOUS
 10
300.9702060000000756
 20
648.0
 30
0.0
 11
300.9702060000000756
 21
646.0
 31
0.0
  0
LINE
  5
2CA
100
AcDbEntity
100
AcDbLine
  8
0
 62
0
370
0
  6
CONTINUOUS
 10
300.9702060000000756
 20
672.3999999999999773
 30
0.0
 11
306.9806140000000596
 21
672.3999999999999773
 31
0.0
  0
LINE
  5
2CB
100
AcDbEntity
100
AcDbLine
  8
0
 62
0
370
0
  6
CONTINUOUS
 10
306.9806140000000596
 20
672.3999999999999773
 30
0.0
 11
319.7085360000000946
 21
672.3999999999999773
 31
0.0
  0
LINE
  5
2CC
100
AcDbEntity
100
AcDbLine
  8
0
 62
0
370
0
  6
CONTINUOUS
 10
276.7164440000001377
 20
682.0
 30
0.0
 11
284.4946180000000595
 21
682.0
 31
0.0
  0
LINE
  5
2CD
100
AcDbEntity
100
AcDbLine
  8
0
 62
0
370
0
  6
CONTINUOUS
 10
267.7085360000000946
 20
675.0
 30
0.0
 11
267.7085360000000946
 21
692.0
 31
0.0
  0
LINE
  5
2CE
100
AcDbEntity
100
AcDbLine
  8
0
 62
0
370
0
  6
CONTINUOUS
 10
267.7085360000000946
 20
640.0
 30
0.0
 11
267.7085360000000946
 21
672.3999999999999773
 31
0.0
  0
LINE
  5
2CF
100
AcDbEntity
100
AcDbLine
  8
0
 62
0
370
0
  6
CONTINUOUS
 10
267.7085360000000946
 20
672.3999999999999773
 30
0.0
 11
267.7085360000000946
 21
675.0
 31
0.0
  0
LINE
  5
2D0
100
AcDbEntity
100
AcDbLine
  8
0
 62
0
370
0
  6
CONTINUOUS
 10
300.9702060000000756
 20
675.0
 30
0.0
 11
306.9806140000000596
 21
675.0
 31
0.0
  0
LINE
  5
2D1
100
AcDbEntity
100
AcDbLine
  8
0
 62
0
370
0
  6
CONTINUOUS
 10
306.9806140000000596
 20
675.0
 30
0.0
 11
307.5109440000001086
 21
675.0
 31
0.0
  0
LINE
  5
2D2
100
AcDbEntity
100
AcDbLine
  8
0
 62
0
370
0
  6
CONTINUOUS
 10
307.5109440000001086
 20
675.0
 30
0.0
 11
311.2232540000001109
 21
675.0
 31
0.0
  0
LINE
  5
2D3
100
AcDbEntity
100
AcDbLine
  8
0
 62
0
370
0
  6
CONTINUOUS
 10
315.1123420000001261
 20
646.0
 30
0.0
 11
315.1123420000001261
 21
648.0
 31
0.0
  0
LINE
  5
2D4
100
AcDbEntity
100
AcDbLine
  8
0
 62
0
370
0
  6
CONTINUOUS
 10
315.1123420000001261
 20
648.0
 30
0.0
 11
315.1123420000001261
 21
669.4000000000000909
 31
0.0
  0
LINE
  5
2D5
100
AcDbEntity
100
AcDbLine
  8
0
 62
0
370
0
  6
CONTINUOUS
 10
290.4702060000000756
 20
690.0
 30
0.0
 11
296.4702060000000756
 21
690.0
 31
0.0
  0
LINE
  5
2D6
100
AcDbEntity
100
AcDbLine
  8
0
 62
0
370
0
  6
CONTINUOUS
 10
296.4702060000000756
 20
690.0
 30
0.0
 11
305.4702060000000756
 21
690.0
 31
0.0
  0
LINE
  5
2D7
100
AcDbEntity
100
AcDbLine
  8
0
 62
0
370
0
  6
CONTINUOUS
 10
305.4702060000000756
 20
690.0
 30
0.0
 11
311.4702060000000756
 21
690.0
 31
0.0
  0
LINE
  5
2D8
100
AcDbEntity
100
AcDbLine
  8
tornillos
 62
0
370
0
  6
CONTINUOUS
 10
284.4946180000000595
 20
682.0
 30
0.0
 11
274.5628450000001521
 21
679.5213560000000825
 31
0.0
  0
LINE
  5
2D9
100
AcDbEntity
100
AcDbLine
  8
tornillos
 62
0
370
0
  6
CONTINUOUS
 10
274.5628450000001521
 20
679.5213560000000825
 30
0.0
 11
272.473803000000089
 21
679.0
 31
0.0
  0
LINE
  5
2DA
100
AcDbEntity
100
AcDbLine
  8
0
 62
0
370
0
  6
CONTINUOUS
 10
311.3011340000000473
 20
646.0
 30
0.0
 11
272.473803000000089
 21
646.0
 31
0.0
  0
LINE
  5
2DB
100
AcDbEntity
100
AcDbLine
  8
0
 62
0
370
0
  6
CONTINUOUS
 10
272.473803000000089
 20
646.0
 30
0.0
 11
267.7085360000000946
 21
646.0
 31
0.0
  0
LINE
  5
2DC
100
AcDbEntity
100
AcDbLine
  8
0
 62
0
370
0
  6
CONTINUOUS
 10
284.4946180000000595
 20
682.0
 30
0.0
 11
293.4702060000000756
 21
682.0
 31
0.0
  0
LINE
  5
2DD
100
AcDbEntity
100
AcDbLine
  8
0
 62
0
370
0
  6
CONTINUOUS
 10
293.4702060000000756
 20
682.0
 30
0.0
 11
299.5559920000000602
 21
682.0
 31
0.0
  0
LINE
  5
2DE
100
AcDbEntity
100
AcDbLine
  8
0
 62
0
370
0
  6
CONTINUOUS
 10
311.2232540000001109
 20
675.0
 30
0.0
 11
315.1123420000001261
 21
675.0
 31
0.0
  0
LINE
  5
2DF
100
AcDbEntity
100
AcDbLine
  8
0
 62
0
370
0
  6
CONTINUOUS
 10
315.1123420000001261
 20
675.0
 30
0.0
 11
319.7085360000000946
 21
675.0
 31
0.0
  0
LINE
  5
2E0
100
AcDbEntity
100
AcDbLine
  8
0
 62
0
370
0
  6
CONTINUOUS
 10
299.5559920000000602
 20
682.0
 30
0.0
 11
308.4702060000000756
 21
682.0
 31
0.0
  0
LINE
  5
2E1
100
AcDbEntity
100
AcDbLine
  8
0
 62
0
370
0
  6
CONTINUOUS
 10
308.4702060000000756
 20
682.0
 30
0.0
 11
313.6981290000001081
 21
682.0
 31
0.0
  0
LINE
  5
2E2
100
AcDbEntity
100
AcDbLine
  8
0
 62
0
370
0
  6
CONTINUOUS
 10
267.7085360000000946
 20
673.3999999999999773
 30
0.0
 11
267.7085360000000946
 21
675.0
 31
0.0
  0
LINE
  5
2E3
100
AcDbEntity
100
AcDbLine
  8
0
 62
0
370
0
  6
CONTINUOUS
 10
267.7085360000000946
 20
675.0
 30
0.0
 11
267.7085360000000946
 21
676.3999999999999773
 31
0.0
  0
LINE
  5
2E4
100
AcDbEntity
100
AcDbLine
  8
0
 62
0
370
0
  6
CONTINUOUS
 10
300.9702060000000756
 20
669.4000000000000909
 30
0.0
 11
315.1123420000001261
 21
669.4000000000000909
 31
0.0
  0
LINE
  5
2E5
100
AcDbEntity
100
AcDbLine
  8
0
 62
0
370
0
  6
CONTINUOUS
 10
315.1123420000001261
 20
669.4000000000000909
 30
0.0
 11
319.7085360000000946
 21
669.4000000000000909
 31
0.0
  0
LINE
  5
2E6
100
AcDbEntity
100
AcDbLine
  8
0
 62
0
370
0
  6
CONTINUOUS
 10
340.062804000000142
 20
762.6205799999999044
 30
0.0
 11
392.0628040000000283
 21
762.6205799999999044
 31
0.0
  0
LINE
  5
2E7
100
AcDbEntity
100
AcDbLine
  8
0
 62
0
370
0
  6
CONTINUOUS
 10
340.062804000000142
 20
710.6205799999999044
 30
0.0
 11
352.9597990000000891
 21
710.6205799999999044
 31
0.0
  0
ARC
  5
2E8
100
AcDbEntity
  8
0
 62
0
370
0
  6
CONTINUOUS
100
AcDbCircle
 10
358.9702060000000756
 20
716.6309880000000021
 30
0.0
 40
1.0
100
AcDbArc
 50
225.0
 51
315.0
  0
CIRCLE
  5
2E9
100
AcDbEntity
100
AcDbCircle
  8
0
 62
0
370
0
  6
CONTINUOUS
 10
373.3244740000001229
 20
743.7131780000000845
 30
0.0
 40
1.3999999999999999
  0
ARC
  5
2EA
100
AcDbEntity
  8
0
 62
0
370
0
  6
CONTINUOUS
100
AcDbCircle
 10
373.3244740000001229
 20
756.4411000000000058
 30
0.0
 40
1.0
100
AcDbArc
 50
45.0
 51
135.0
  0
LINE
  5
2EB
100
AcDbEntity
100
AcDbLine
  8
0
 62
0
370
0
  6
CONTINUOUS
 10
406.4170720000000756
 20
710.4515079999999898
 30
0.0
 11
406.4170720000000756
 21
762.4515079999999898
 31
0.0
  0
ARC
  5
2EC
100
AcDbEntity
  8
0
 62
0
370
0
  6
CONTINUOUS
100
AcDbCircle
 10
373.3244740000001229
 20
743.7131780000000845
 30
0.0
 40
10.5
100
AcDbArc
 50
103.4925929999999994
 51
237.7855440000000158
  0
LINE
  5
2ED
100
AcDbEntity
100
AcDbLine
  8
0
 62
0
370
0
  6
CONTINUOUS
 10
392.0628040000000283
 20
759.0073160000000598
 30
0.0
 11
392.0628040000000283
 21
762.6205799999999044
 31
0.0
  0
LINE
  5
2EE
100
AcDbEntity
100
AcDbLine
  8
0
 62
0
370
0
  6
CONTINUOUS
 10
409.4170720000000756
 20
710.4515079999999898
 30
0.0
 11
409.4170720000000756
 21
762.4515079999999898
 31
0.0
  0
LINE
  5
2EF
100
AcDbEntity
100
AcDbLine
  8
0
 62
0
370
0
  6
CONTINUOUS
 10
337.062804000000142
 20
710.6205799999999044
 30
0.0
 11
337.062804000000142
 21
762.6205799999999044
 31
0.0
  0
LINE
  5
2F0
100
AcDbEntity
100
AcDbLine
  8
0
 62
0
370
0
  6
CONTINUOUS
 10
340.062804000000142
 20
710.6205799999999044
 30
0.0
 11
340.062804000000142
 21
762.6205799999999044
 31
0.0
  0
LINE
  5
2F1
100
AcDbEntity
100
AcDbLine
  8
0
 62
0
370
0
  6
CONTINUOUS
 10
337.062804000000142
 20
762.6205799999999044
 30
0.0
 11
340.062804000000142
 21
762.6205799999999044
 31
0.0
  0
LINE
  5
2F2
100
AcDbEntity
100
AcDbLine
  8
0
 62
0
370
0
  6
CONTINUOUS
 10
337.062804000000142
 20
710.6205799999999044
 30
0.0
 11
340.062804000000142
 21
710.6205799999999044
 31
0.0
  0
LINE
  5
2F3
100
AcDbEntity
100
AcDbLine
  8
0
 62
0
370
0
  6
CONTINUOUS
 10
406.4170720000000756
 20
710.4515079999999898
 30
0.0
 11
409.4170720000000756
 21
710.4515079999999898
 31
0.0
  0
LINE
  5
2F4
100
AcDbEntity
100
AcDbLine
  8
0
 62
0
370
0
  6
CONTINUOUS
 10
409.4170720000000756
 20
762.4515079999999898
 30
0.0
 11
406.4170720000000756
 21
762.4515079999999898
 31
0.0
  0
LINE
  5
2F5
100
AcDbEntity
100
AcDbLine
  8
0
 62
0
370
0
  6
CONTINUOUS
 10
358.2631000000001222
 20
715.923881999999935
 30
0.0
 11
352.9597990000000891
 21
710.6205799999999044
 31
0.0
  0
ARC
  5
2F6
100
AcDbEntity
  8
0
 62
0
370
0
  6
CONTINUOUS
100
AcDbCircle
 10
379.9005670000000237
 20
757.0774959999999965
 30
0.0
 40
1.5
100
AcDbArc
 50
333.6444720000000075
 51
233.3407140000000197
  0
LINE
  5
2F7
100
AcDbEntity
100
AcDbLine
  8
0
 62
0
370
0
  6
CONTINUOUS
 10
358.2631000000001222
 20
715.923881999999935
 30
0.0
 11
354.6096180000001823
 21
719.5773639999999887
 31
0.0
  0
LINE
  5
2F8
100
AcDbEntity
100
AcDbLine
  8
0
 62
0
370
0
  6
CONTINUOUS
 10
359.6773130000001402
 20
715.9238810000000512
 30
0.0
 11
374.386780000000158
 21
730.6333479999999554
 31
0.0
  0
LINE
  5
2F9
100
AcDbEntity
100
AcDbLine
  8
0
 62
0
370
0
  6
CONTINUOUS
 10
340.062804000000142
 20
710.4515079999999898
 30
0.0
 11
354.6096180000001823
 21
719.5773639999999887
 31
0.0
  0
LINE
  5
2FA
100
AcDbEntity
100
AcDbLine
  8
0
 62
0
370
0
  6
CONTINUOUS
 10
354.6096180000001823
 20
719.5773639999999887
 30
0.0
 11
373.3122860000000856
 21
731.3103709999999182
 31
0.0
  0
LINE
  5
2FB
100
AcDbEntity
100
AcDbLine
  8
0
 62
0
370
0
  6
CONTINUOUS
 10
406.4170720000000756
 20
710.4515079999999898
 30
0.0
 11
374.386780000000158
 21
730.6333479999999554
 31
0.0
  0
LINE
  5
2FC
100
AcDbEntity
100
AcDbLine
  8
0
 62
0
370
0
  6
CONTINUOUS
 10
374.386780000000158
 20
730.6333479999999554
 30
0.0
 11
373.3122860000000856
 21
731.3103709999999182
 31
0.0
  0
LINE
  5
2FD
100
AcDbEntity
100
AcDbLine
  8
0
 62
0
370
0
  6
CONTINUOUS
 10
373.3122860000000856
 20
731.3103709999999182
 30
0.0
 11
367.7270310000001245
 21
734.8295620000000099
 31
0.0
  0
LINE
  5
2FE
100
AcDbEntity
100
AcDbLine
  8
0
 62
0
370
0
  6
CONTINUOUS
 10
406.4170720000000756
 20
762.4515079999999898
 30
0.0
 11
376.0214640000000372
 21
755.1583239999999932
 31
0.0
  0
LINE
  5
2FF
100
AcDbEntity
100
AcDbLine
  8
0
 62
0
370
0
  6
CONTINUOUS
 10
340.062804000000142
 20
762.4515079999999898
 30
0.0
 11
370.6227690000001758
 21
755.153609000000074
 31
0.0
  0
LINE
  5
300
100
AcDbEntity
100
AcDbLine
  8
0
 62
0
370
0
  6
CONTINUOUS
 10
370.6227690000001758
 20
755.153609000000074
 30
0.0
 11
373.3186730000001035
 21
754.5098110000000133
 31
0.0
  0
LINE
  5
301
100
AcDbEntity
100
AcDbLine
  8
0
 62
0
370
0
  6
CONTINUOUS
 10
376.0214640000000372
 20
755.1583239999999932
 30
0.0
 11
373.3186730000001035
 21
754.5098110000000133
 31
0.0
  0
LINE
  5
302
100
AcDbEntity
100
AcDbLine
  8
0
 62
0
370
0
  6
CONTINUOUS
 10
373.3186730000001035
 20
754.5098110000000133
 30
0.0
 11
370.8746170000001712
 21
753.9233789999999544
 31
0.0
  0
LINE
  5
303
100
AcDbEntity
100
AcDbLine
  8
0
 62
0
370
0
  6
CONTINUOUS
 10
373.3244740000001229
 20
757.8553140000000212
 30
0.0
 11
370.6227690000001758
 21
755.153609000000074
 31
0.0
  0
LINE
  5
304
100
AcDbEntity
100
AcDbLine
  8
0
 62
0
370
0
  6
CONTINUOUS
 10
376.0214640000000372
 20
755.1583239999999932
 30
0.0
 11
373.3244740000001229
 21
757.8553140000000212
 31
0.0
  0
LINE
  5
305
100
AcDbEntity
100
AcDbLine
  8
0
 62
0
370
0
  6
CONTINUOUS
 10
340.062804000000142
 20
676.3999999999999773
 30
0.0
 11
340.062804000000142
 21
679.0
 31
0.0
  0
LINE
  5
306
100
AcDbEntity
100
AcDbLine
  8
0
 62
0
370
0
  6
CONTINUOUS
 10
406.4170720000000756
 20
692.0
 30
0.0
 11
406.4170720000000756
 21
640.0
 31
0.0
  0
LINE
  5
307
100
AcDbEntity
100
AcDbLine
  8
0
 62
0
370
0
  6
CONTINUOUS
 10
409.4170720000000756
 20
692.0
 30
0.0
 11
409.4170720000000756
 21
640.0
 31
0.0
  0
LINE
  5
308
100
AcDbEntity
100
AcDbLine
  8
0
 62
0
370
0
  6
CONTINUOUS
 10
406.4170720000000756
 20
640.0
 30
0.0
 11
409.4170720000000756
 21
640.0
 31
0.0
  0
LINE
  5
309
100
AcDbEntity
100
AcDbLine
  8
0
 62
0
370
0
  6
CONTINUOUS
 10
406.4170720000000756
 20
692.0
 30
0.0
 11
409.4170720000000756
 21
692.0
 31
0.0
  0
LINE
  5
30A
100
AcDbEntity
100
AcDbLine
  8
0
 62
0
370
0
  6
CONTINUOUS
 10
362.8244740000001229
 20
643.0
 30
0.0
 11
406.4170720000000756
 21
643.0
 31
0.0
  0
LINE
  5
30B
100
AcDbEntity
100
AcDbLine
  8
0
 62
0
370
0
  6
CONTINUOUS
 10
362.8244740000001229
 20
640.0
 30
0.0
 11
362.8244740000001229
 21
643.0
 31
0.0
  0
LINE
  5
30C
100
AcDbEntity
100
AcDbLine
  8
0
 62
0
370
0
  6
CONTINUOUS
 10
406.4170720000000756
 20
640.0
 30
0.0
 11
406.4170720000000756
 21
643.0
 31
0.0
  0
LINE
  5
30D
100
AcDbEntity
100
AcDbLine
  8
0
 62
0
370
0
  6
CONTINUOUS
 10
362.8244740000001229
 20
640.0
 30
0.0
 11
406.4170720000000756
 21
640.0
 31
0.0
  0
LINE
  5
30E
100
AcDbEntity
100
AcDbLine
  8
0
 62
0
370
0
  6
CONTINUOUS
 10
337.062804000000142
 20
640.0
 30
0.0
 11
337.062804000000142
 21
692.0
 31
0.0
  0
LINE
  5
30F
100
AcDbEntity
100
AcDbLine
  8
0
 62
0
370
0
  6
CONTINUOUS
 10
337.062804000000142
 20
692.0
 30
0.0
 11
340.062804000000142
 21
692.0
 31
0.0
  0
LINE
  5
310
100
AcDbEntity
100
AcDbLine
  8
0
 62
0
370
0
  6
CONTINUOUS
 10
337.062804000000142
 20
640.0
 30
0.0
 11
340.062804000000142
 21
640.0
 31
0.0
  0
LINE
  5
311
100
AcDbEntity
100
AcDbLine
  8
0
 62
0
370
0
  6
CONTINUOUS
 10
383.6554020000000946
 20
643.0
 30
0.0
 11
383.6554020000000946
 21
646.0
 31
0.0
  0
LINE
  5
312
100
AcDbEntity
100
AcDbLine
  8
0
 62
0
370
0
  6
CONTINUOUS
 10
340.062804000000142
 20
643.0
 30
0.0
 11
340.062804000000142
 21
646.0
 31
0.0
  0
LINE
  5
313
100
AcDbEntity
100
AcDbLine
  8
0
 62
0
370
0
  6
CONTINUOUS
 10
383.6554020000000946
 20
643.0
 30
0.0
 11
340.062804000000142
 21
643.0
 31
0.0
  0
LINE
  5
314
100
AcDbEntity
100
AcDbLine
  8
0
 62
0
370
0
  6
CONTINUOUS
 10
344.8280710000001363
 20
646.0
 30
0.0
 11
387.4666100000000597
 21
646.0
 31
0.0
  0
LINE
  5
315
100
AcDbEntity
100
AcDbLine
  8
0
 62
0
370
0
  6
CONTINUOUS
 10
344.8280710000001363
 20
675.0
 30
0.0
 11
344.8280710000001363
 21
679.0
 31
0.0
  0
LINE
  5
316
100
AcDbEntity
100
AcDbLine
  8
0
 62
0
370
0
  6
CONTINUOUS
 10
392.0628040000000283
 20
672.3999999999999773
 30
0.0
 11
392.0628040000000283
 21
675.0
 31
0.0
  0
LINE
  5
317
100
AcDbEntity
100
AcDbLine
  8
0
 62
0
370
0
  6
CONTINUOUS
 10
344.8280710000001363
 20
679.0
 30
0.0
 11
346.9171130000000858
 21
679.5213560000000825
 31
0.0
  0
LINE
  5
318
100
AcDbEntity
100
AcDbLine
  8
0
 62
0
370
0
  6
CONTINUOUS
 10
346.9171130000000858
 20
679.5213560000000825
 30
0.0
 11
349.0707120000001851
 21
682.0
 31
0.0
  0
LINE
  5
319
100
AcDbEntity
100
AcDbLine
  8
0
 62
0
370
0
  6
CONTINUOUS
 10
386.0523970000000418
 20
682.0
 30
0.0
 11
387.4666100000000597
 21
679.0
 31
0.0
  0
LINE
  5
31A
100
AcDbEntity
100
AcDbLine
  8
0
 62
0
370
0
  6
CONTINUOUS
 10
365.8244740000001229
 20
682.0
 30
0.0
 11
380.8244740000000093
 21
682.0
 31
0.0
  0
LINE
  5
31B
100
AcDbEntity
100
AcDbLine
  8
0
 62
0
370
0
  6
CONTINUOUS
 10
368.3244740000001229
 20
684.0
 30
0.0
 11
365.8244740000001229
 21
682.0
 31
0.0
  0
LINE
  5
31C
100
AcDbEntity
100
AcDbLine
  8
0
 62
0
370
0
  6
CONTINUOUS
 10
368.3244740000001229
 20
684.0
 30
0.0
 11
378.3244740000000093
 21
684.0
 31
0.0
  0
LINE
  5
31D
100
AcDbEntity
100
AcDbLine
  8
0
 62
0
370
0
  6
CONTINUOUS
 10
378.3244740000000093
 20
684.0
 30
0.0
 11
380.8244740000000093
 21
682.0
 31
0.0
  0
LINE
  5
31E
100
AcDbEntity
100
AcDbLine
  8
0
 62
0
370
0
  6
CONTINUOUS
 10
370.3244740000001229
 20
685.0
 30
0.0
 11
376.3244740000000093
 21
685.0
 31
0.0
  0
LINE
  5
31F
100
AcDbEntity
100
AcDbLine
  8
0
 62
0
370
0
  6
CONTINUOUS
 10
376.3244740000000093
 20
684.0
 30
0.0
 11
376.3244740000000093
 21
685.0
 31
0.0
  0
LINE
  5
320
100
AcDbEntity
100
AcDbLine
  8
0
 62
0
370
0
  6
CONTINUOUS
 10
370.3244740000001229
 20
684.0
 30
0.0
 11
370.3244740000001229
 21
685.0
 31
0.0
  0
LINE
  5
321
100
AcDbEntity
100
AcDbLine
  8
0
 62
0
370
0
  6
CONTINUOUS
 10
362.8244740000001229
 20
688.0
 30
0.0
 11
383.8244740000000093
 21
688.0
 31
0.0
  0
LINE
  5
322
100
AcDbEntity
100
AcDbLine
  8
0
 62
0
370
0
  6
CONTINUOUS
 10
370.3244740000001229
 20
691.0
 30
0.0
 11
368.8244740000001229
 21
690.0
 31
0.0
  0
LINE
  5
323
100
AcDbEntity
100
AcDbLine
  8
0
 62
0
370
0
  6
CONTINUOUS
 10
376.3244740000000093
 20
691.0
 30
0.0
 11
377.8244740000000093
 21
690.0
 31
0.0
  0
LINE
  5
324
100
AcDbEntity
100
AcDbLine
  8
0
 62
0
370
0
  6
CONTINUOUS
 10
370.3244740000001229
 20
691.0
 30
0.0
 11
376.3244740000000093
 21
691.0
 31
0.0
  0
LINE
  5
325
100
AcDbEntity
100
AcDbLine
  8
0
 62
0
370
0
  6
CONTINUOUS
 10
362.8244740000001229
 20
688.0
 30
0.0
 11
362.8244740000001229
 21
690.0
 31
0.0
  0
LINE
  5
326
100
AcDbEntity
100
AcDbLine
  8
0
 62
0
370
0
  6
CONTINUOUS
 10
383.8244740000000093
 20
688.0
 30
0.0
 11
383.8244740000000093
 21
690.0
 31
0.0
  0
LINE
  5
327
100
AcDbEntity
100
AcDbLine
  8
0
 62
0
370
0
  6
CONTINUOUS
 10
369.3244740000001229
 20
685.0
 30
0.0
 11
377.3244740000000093
 21
685.0
 31
0.0
  0
LINE
  5
328
100
AcDbEntity
100
AcDbLine
  8
0
 62
0
370
0
  6
CONTINUOUS
 10
392.0628040000000283
 20
672.3999999999999773
 30
0.0
 11
392.0628040000000283
 21
669.4000000000000909
 31
0.0
  0
LINE
  5
329
100
AcDbEntity
100
AcDbLine
  8
0
 62
0
370
0
  6
CONTINUOUS
 10
362.8244740000001229
 20
685.0
 30
0.0
 11
383.8244740000000093
 21
685.0
 31
0.0
  0
LINE
  5
32A
100
AcDbEntity
100
AcDbLine
  8
0
 62
0
370
0
  6
CONTINUOUS
 10
362.8244740000001229
 20
688.0
 30
0.0
 11
406.4170720000000756
 21
688.0
 31
0.0
  0
LINE
  5
32B
100
AcDbEntity
100
AcDbLine
  8
0
 62
0
370
0
  6
CONTINUOUS
 10
362.8244740000001229
 20
685.0
 30
0.0
 11
362.8244740000001229
 21
688.0
 31
0.0
  0
LINE
  5
32C
100
AcDbEntity
100
AcDbLine
  8
0
 62
0
370
0
  6
CONTINUOUS
 10
406.4170720000000756
 20
685.0
 30
0.0
 11
406.4170720000000756
 21
688.0
 31
0.0
  0
LINE
  5
32D
100
AcDbEntity
100
AcDbLine
  8
0
 62
0
370
0
  6
CONTINUOUS
 10
362.8244740000001229
 20
685.0
 30
0.0
 11
406.4170720000000756
 21
685.0
 31
0.0
  0
LINE
  5
32E
100
AcDbEntity
100
AcDbLine
  8
tornillos
 62
0
370
0
  6
CONTINUOUS
 10
378.1244740000000775
 20
685.0
 30
0.0
 11
383.5244740000000547
 21
685.0
 31
0.0
  0
LINE
  5
32F
100
AcDbEntity
100
AcDbLine
  8
tornillos
 62
0
370
0
  6
CONTINUOUS
 10
363.1244740000000775
 20
685.0
 30
0.0
 11
368.5244740000001684
 21
685.0
 31
0.0
  0
LINE
  5
330
100
AcDbEntity
100
AcDbLine
  8
0
 62
0
370
0
  6
CONTINUOUS
 10
387.4666100000000597
 20
675.0
 30
0.0
 11
387.4666100000000597
 21
679.0
 31
0.0
  0
LINE
  5
331
100
AcDbEntity
100
AcDbLine
  8
0
 62
0
370
0
  6
CONTINUOUS
 10
379.3348820000001069
 20
675.0
 30
0.0
 11
379.3348820000001069
 21
672.3999999999999773
 31
0.0
  0
LINE
  5
332
100
AcDbEntity
100
AcDbLine
  8
0
 62
0
370
0
  6
CONTINUOUS
 10
373.3244740000001229
 20
679.0
 30
0.0
 11
371.9102600000001075
 21
682.0
 31
0.0
  0
LINE
  5
333
100
AcDbEntity
100
AcDbLine
  8
0
 62
0
370
0
  6
CONTINUOUS
 10
383.5775220000000445
 20
675.0
 30
0.0
 11
380.9258720000000267
 21
677.1797809999999345
 31
0.0
  0
LINE
  5
334
100
AcDbEntity
100
AcDbLine
  8
0
 62
0
370
0
  6
CONTINUOUS
 10
382.5168620000000601
 20
675.0
 30
0.0
 11
379.8652120000000423
 21
677.1797809999999345
 31
0.0
  0
LINE
  5
335
100
AcDbEntity
100
AcDbLine
  8
0
 62
0
370
0
  6
CONTINUOUS
 10
379.8652120000000423
 20
677.1797809999999345
 30
0.0
 11
379.8652120000000423
 21
675.0
 31
0.0
  0
LINE
  5
336
100
AcDbEntity
100
AcDbLine
  8
0
 62
0
370
0
  6
CONTINUOUS
 10
379.8652120000000423
 20
677.1797809999999345
 30
0.0
 11
380.9258720000000267
 21
677.1797809999999345
 31
0.0
  0
LINE
  5
337
100
AcDbEntity
100
AcDbLine
  8
0
 62
0
370
0
  6
CONTINUOUS
 10
340.062804000000142
 20
675.0
 30
0.0
 11
344.8280710000001363
 21
675.0
 31
0.0
  0
LINE
  5
338
100
AcDbEntity
100
AcDbLine
  8
0
 62
0
370
0
  6
CONTINUOUS
 10
373.3244740000001229
 20
679.0
 30
0.0
 11
387.4666100000000597
 21
679.0
 31
0.0
  0
LINE
  5
339
100
AcDbEntity
100
AcDbLine
  8
0
 62
0
370
0
  6
CONTINUOUS
 10
373.3244740000001229
 20
675.0
 30
0.0
 11
373.3244740000001229
 21
679.0
 31
0.0
  0
LINE
  5
33A
100
AcDbEntity
100
AcDbLine
  8
0
 62
0
370
0
  6
CONTINUOUS
 10
340.062804000000142
 20
672.3999999999999773
 30
0.0
 11
373.3244740000001229
 21
672.3999999999999773
 31
0.0
  0
LINE
  5
33B
100
AcDbEntity
100
AcDbLine
  8
0
 62
0
370
0
  6
CONTINUOUS
 10
340.062804000000142
 20
669.4000000000000909
 30
0.0
 11
344.8280710000001363
 21
669.4000000000000909
 31
0.0
  0
LINE
  5
33C
100
AcDbEntity
100
AcDbLine
  8
0
 62
0
370
0
  6
CONTINUOUS
 10
344.8280710000001363
 20
669.4000000000000909
 30
0.0
 11
373.3244740000001229
 21
669.4000000000000909
 31
0.0
  0
LINE
  5
33D
100
AcDbEntity
100
AcDbLine
  8
0
 62
0
370
0
  6
CONTINUOUS
 10
344.8280710000001363
 20
648.0
 30
0.0
 11
373.3244740000001229
 21
648.0
 31
0.0
  0
LINE
  5
33E
100
AcDbEntity
100
AcDbLine
  8
0
 62
0
370
0
  6
CONTINUOUS
 10
373.3244740000001229
 20
648.0
 30
0.0
 11
387.4666100000000597
 21
648.0
 31
0.0
  0
LINE
  5
33F
100
AcDbEntity
100
AcDbLine
  8
0
 62
0
370
0
  6
CONTINUOUS
 10
344.8280710000001363
 20
646.0
 30
0.0
 11
344.8280710000001363
 21
648.0
 31
0.0
  0
LINE
  5
340
100
AcDbEntity
100
AcDbLine
  8
0
 62
0
370
0
  6
CONTINUOUS
 10
344.8280710000001363
 20
648.0
 30
0.0
 11
344.8280710000001363
 21
669.4000000000000909
 31
0.0
  0
LINE
  5
341
100
AcDbEntity
100
AcDbLine
  8
0
 62
0
370
0
  6
CONTINUOUS
 10
373.3244740000001229
 20
669.4000000000000909
 30
0.0
 11
373.3244740000001229
 21
648.0
 31
0.0
  0
LINE
  5
342
100
AcDbEntity
100
AcDbLine
  8
0
 62
0
370
0
  6
CONTINUOUS
 10
373.3244740000001229
 20
648.0
 30
0.0
 11
373.3244740000001229
 21
646.0
 31
0.0
  0
LINE
  5
343
100
AcDbEntity
100
AcDbLine
  8
0
 62
0
370
0
  6
CONTINUOUS
 10
373.3244740000001229
 20
672.3999999999999773
 30
0.0
 11
379.3348820000001069
 21
672.3999999999999773
 31
0.0
  0
LINE
  5
344
100
AcDbEntity
100
AcDbLine
  8
0
 62
0
370
0
  6
CONTINUOUS
 10
379.3348820000001069
 20
672.3999999999999773
 30
0.0
 11
392.0628040000000283
 21
672.3999999999999773
 31
0.0
  0
LINE
  5
345
100
AcDbEntity
100
AcDbLine
  8
0
 62
0
370
0
  6
CONTINUOUS
 10
349.0707120000001851
 20
682.0
 30
0.0
 11
356.8488860000001068
 21
682.0
 31
0.0
  0
LINE
  5
346
100
AcDbEntity
100
AcDbLine
  8
0
 62
0
370
0
  6
CONTINUOUS
 10
340.062804000000142
 20
675.0
 30
0.0
 11
340.062804000000142
 21
692.0
 31
0.0
  0
LINE
  5
347
100
AcDbEntity
100
AcDbLine
  8
0
 62
0
370
0
  6
CONTINUOUS
 10
340.062804000000142
 20
640.0
 30
0.0
 11
340.062804000000142
 21
672.3999999999999773
 31
0.0
  0
LINE
  5
348
100
AcDbEntity
100
AcDbLine
  8
0
 62
0
370
0
  6
CONTINUOUS
 10
340.062804000000142
 20
672.3999999999999773
 30
0.0
 11
340.062804000000142
 21
675.0
 31
0.0
  0
LINE
  5
349
100
AcDbEntity
100
AcDbLine
  8
0
 62
0
370
0
  6
CONTINUOUS
 10
373.3244740000001229
 20
675.0
 30
0.0
 11
379.3348820000001069
 21
675.0
 31
0.0
  0
LINE
  5
34A
100
AcDbEntity
100
AcDbLine
  8
0
 62
0
370
0
  6
CONTINUOUS
 10
379.3348820000001069
 20
675.0
 30
0.0
 11
379.8652120000000423
 21
675.0
 31
0.0
  0
LINE
  5
34B
100
AcDbEntity
100
AcDbLine
  8
0
 62
0
370
0
  6
CONTINUOUS
 10
379.8652120000000423
 20
675.0
 30
0.0
 11
383.5775220000000445
 21
675.0
 31
0.0
  0
LINE
  5
34C
100
AcDbEntity
100
AcDbLine
  8
0
 62
0
370
0
  6
CONTINUOUS
 10
387.4666100000000597
 20
646.0
 30
0.0
 11
387.4666100000000597
 21
648.0
 31
0.0
  0
LINE
  5
34D
100
AcDbEntity
100
AcDbLine
  8
0
 62
0
370
0
  6
CONTINUOUS
 10
387.4666100000000597
 20
648.0
 30
0.0
 11
387.4666100000000597
 21
669.4000000000000909
 31
0.0
  0
LINE
  5
34E
100
AcDbEntity
100
AcDbLine
  8
0
 62
0
370
0
  6
CONTINUOUS
 10
362.8244740000001229
 20
690.0
 30
0.0
 11
368.8244740000001229
 21
690.0
 31
0.0
  0
LINE
  5
34F
100
AcDbEntity
100
AcDbLine
  8
0
 62
0
370
0
  6
CONTINUOUS
 10
368.8244740000001229
 20
690.0
 30
0.0
 11
377.8244740000000093
 21
690.0
 31
0.0
  0
LINE
  5
350
100
AcDbEntity
100
AcDbLine
  8
0
 62
0
370
0
  6
CONTINUOUS
 10
377.8244740000000093
 20
690.0
 30
0.0
 11
383.8244740000000093
 21
690.0
 31
0.0
  0
LINE
  5
351
100
AcDbEntity
100
AcDbLine
  8
tornillos
 62
0
370
0
  6
CONTINUOUS
 10
356.8488860000001068
 20
682.0
 30
0.0
 11
346.9171130000000858
 21
679.5213560000000825
 31
0.0
  0
LINE
  5
352
100
AcDbEntity
100
AcDbLine
  8
tornillos
 62
0
370
0
  6
CONTINUOUS
 10
346.9171130000000858
 20
679.5213560000000825
 30
0.0
 11
344.8280710000001363
 21
679.0
 31
0.0
  0
LINE
  5
353
100
AcDbEntity
100
AcDbLine
  8
0
 62
0
370
0
  6
CONTINUOUS
 10
383.6554020000000946
 20
646.0
 30
0.0
 11
344.8280710000001363
 21
646.0
 31
0.0
  0
LINE
  5
354
100
AcDbEntity
100
AcDbLine
  8
0
 62
0
370
0
  6
CONTINUOUS
 10
344.8280710000001363
 20
646.0
 30
0.0
 11
340.062804000000142
 21
646.0
 31
0.0
  0
LINE
  5
355
100
AcDbEntity
100
AcDbLine
  8
0
 62
0
370
0
  6
CONTINUOUS
 10
356.8488860000001068
 20
682.0
 30
0.0
 11
365.8244740000001229
 21
682.0
 31
0.0
  0
LINE
  5
356
100
AcDbEntity
100
AcDbLine
  8
0
 62
0
370
0
  6
CONTINUOUS
 10
365.8244740000001229
 20
682.0
 30
0.0
 11
371.9102600000001075
 21
682.0
 31
0.0
  0
LINE
  5
357
100
AcDbEntity
100
AcDbLine
  8
0
 62
0
370
0
  6
CONTINUOUS
 10
383.5775220000000445
 20
675.0
 30
0.0
 11
387.4666100000000597
 21
675.0
 31
0.0
  0
LINE
  5
358
100
AcDbEntity
100
AcDbLine
  8
0
 62
0
370
0
  6
CONTINUOUS
 10
387.4666100000000597
 20
675.0
 30
0.0
 11
392.0628040000000283
 21
675.0
 31
0.0
  0
LINE
  5
359
100
AcDbEntity
100
AcDbLine
  8
0
 62
0
370
0
  6
CONTINUOUS
 10
371.9102600000001075
 20
682.0
 30
0.0
 11
380.8244740000000093
 21
682.0
 31
0.0
  0
LINE
  5
35A
100
AcDbEntity
100
AcDbLine
  8
0
 62
0
370
0
  6
CONTINUOUS
 10
380.8244740000000093
 20
682.0
 30
0.0
 11
386.0523970000000418
 21
682.0
 31
0.0
  0
LINE
  5
35B
100
AcDbEntity
100
AcDbLine
  8
0
 62
0
370
0
  6
CONTINUOUS
 10
340.062804000000142
 20
673.3999999999999773
 30
0.0
 11
340.062804000000142
 21
675.0
 31
0.0
  0
LINE
  5
35C
100
AcDbEntity
100
AcDbLine
  8
0
 62
0
370
0
  6
CONTINUOUS
 10
340.062804000000142
 20
675.0
 30
0.0
 11
340.062804000000142
 21
676.3999999999999773
 31
0.0
  0
LINE
  5
35D
100
AcDbEntity
100
AcDbLine
  8
0
 62
0
370
0
  6
CONTINUOUS
 10
373.3244740000001229
 20
669.4000000000000909
 30
0.0
 11
387.4666100000000597
 21
669.4000000000000909
 31
0.0
  0
LINE
  5
35E
100
AcDbEntity
100
AcDbLine
  8
0
 62
0
370
0
  6
CONTINUOUS
 10
387.4666100000000597
 20
669.4000000000000909
 30
0.0
 11
392.0628040000000283
 21
669.4000000000000909
 31
0.0
  0
LINE
  5
35F
100
AcDbEntity
100
AcDbLine
  8
0
 62
0
370
0
  6
CONTINUOUS
 10
412.4170720000000756
 20
762.6205799999999044
 30
0.0
 11
464.4170720000000756
 21
762.6205799999999044
 31
0.0
  0
LINE
  5
360
100
AcDbEntity
100
AcDbLine
  8
0
 62
0
370
0
  6
CONTINUOUS
 10
412.4170720000000756
 20
710.6205799999999044
 30
0.0
 11
425.3140670000000227
 21
710.6205799999999044
 31
0.0
  0
ARC
  5
361
100
AcDbEntity
  8
0
 62
0
370
0
  6
CONTINUOUS
100
AcDbCircle
 10
431.3244740000001229
 20
716.6309880000000021
 30
0.0
 40
1.0
100
AcDbArc
 50
225.0
 51
315.0
  0
CIRCLE
  5
362
100
AcDbEntity
100
AcDbCircle
  8
0
 62
0
370
0
  6
CONTINUOUS
 10
445.6787420000000566
 20
743.7131780000000845
 30
0.0
 40
1.3999999999999999
  0
ARC
  5
363
100
AcDbEntity
  8
0
 62
0
370
0
  6
CONTINUOUS
100
AcDbCircle
 10
445.6787420000000566
 20
756.4411000000000058
 30
0.0
 40
1.0
100
AcDbArc
 50
45.0
 51
135.0
  0
LINE
  5
364
100
AcDbEntity
100
AcDbLine
  8
0
 62
0
370
0
  6
CONTINUOUS
 10
478.7713400000001229
 20
710.4515079999999898
 30
0.0
 11
478.7713400000001229
 21
762.4515079999999898
 31
0.0
  0
ARC
  5
365
100
AcDbEntity
  8
0
 62
0
370
0
  6
CONTINUOUS
100
AcDbCircle
 10
445.6787420000000566
 20
743.7131780000000845
 30
0.0
 40
10.5
100
AcDbArc
 50
103.4925929999999994
 51
237.7855440000000158
  0
LINE
  5
366
100
AcDbEntity
100
AcDbLine
  8
0
 62
0
370
0
  6
CONTINUOUS
 10
464.4170720000000756
 20
759.0073160000000598
 30
0.0
 11
464.4170720000000756
 21
762.6205799999999044
 31
0.0
  0
LINE
  5
367
100
AcDbEntity
100
AcDbLine
  8
0
 62
0
370
0
  6
CONTINUOUS
 10
481.7713400000001229
 20
710.4515079999999898
 30
0.0
 11
481.7713400000001229
 21
762.4515079999999898
 31
0.0
  0
LINE
  5
368
100
AcDbEntity
100
AcDbLine
  8
0
 62
0
370
0
  6
CONTINUOUS
 10
409.4170720000000756
 20
710.6205799999999044
 30
0.0
 11
409.4170720000000756
 21
762.6205799999999044
 31
0.0
  0
LINE
  5
369
100
AcDbEntity
100
AcDbLine
  8
0
 62
0
370
0
  6
CONTINUOUS
 10
412.4170720000000756
 20
710.6205799999999044
 30
0.0
 11
412.4170720000000756
 21
762.6205799999999044
 31
0.0
  0
LINE
  5
36A
100
AcDbEntity
100
AcDbLine
  8
0
 62
0
370
0
  6
CONTINUOUS
 10
409.4170720000000756
 20
762.6205799999999044
 30
0.0
 11
412.4170720000000756
 21
762.6205799999999044
 31
0.0
  0
LINE
  5
36B
100
AcDbEntity
100
AcDbLine
  8
0
 62
0
370
0
  6
CONTINUOUS
 10
409.4170720000000756
 20
710.6205799999999044
 30
0.0
 11
412.4170720000000756
 21
710.6205799999999044
 31
0.0
  0
LINE
  5
36C
100
AcDbEntity
100
AcDbLine
  8
0
 62
0
370
0
  6
CONTINUOUS
 10
478.7713400000001229
 20
710.4515079999999898
 30
0.0
 11
481.7713400000001229
 21
710.4515079999999898
 31
0.0
  0
LINE
  5
36D
100
AcDbEntity
100
AcDbLine
  8
0
 62
0
370
0
  6
CONTINUOUS
 10
481.7713400000001229
 20
762.4515079999999898
 30
0.0
 11
478.7713400000001229
 21
762.4515079999999898
 31
0.0
  0
LINE
  5
36E
100
AcDbEntity
100
AcDbLine
  8
0
 62
0
370
0
  6
CONTINUOUS
 10
430.6173680000000559
 20
715.923881999999935
 30
0.0
 11
425.3140670000000227
 21
710.6205799999999044
 31
0.0
  0
ARC
  5
36F
100
AcDbEntity
  8
0
 62
0
370
0
  6
CONTINUOUS
100
AcDbCircle
 10
452.254835000000071
 20
757.0774959999999965
 30
0.0
 40
1.5
100
AcDbArc
 50
333.6444720000000075
 51
233.3407140000000197
  0
LINE
  5
370
100
AcDbEntity
100
AcDbLine
  8
0
 62
0
370
0
  6
CONTINUOUS
 10
430.6173680000000559
 20
715.923881999999935
 30
0.0
 11
426.9638860000001159
 21
719.5773639999999887
 31
0.0
  0
LINE
  5
371
100
AcDbEntity
100
AcDbLine
  8
0
 62
0
370
0
  6
CONTINUOUS
 10
432.0315810000000738
 20
715.9238810000000512
 30
0.0
 11
446.7410480000000916
 21
730.6333479999999554
 31
0.0
  0
LINE
  5
372
100
AcDbEntity
100
AcDbLine
  8
0
 62
0
370
0
  6
CONTINUOUS
 10
412.4170720000000756
 20
710.4515079999999898
 30
0.0
 11
426.9638860000001159
 21
719.5773639999999887
 31
0.0
  0
LINE
  5
373
100
AcDbEntity
100
AcDbLine
  8
0
 62
0
370
0
  6
CONTINUOUS
 10
426.9638860000001159
 20
719.5773639999999887
 30
0.0
 11
445.6665540000001329
 21
731.3103709999999182
 31
0.0
  0
LINE
  5
374
100
AcDbEntity
100
AcDbLine
  8
0
 62
0
370
0
  6
CONTINUOUS
 10
478.7713400000001229
 20
710.4515079999999898
 30
0.0
 11
446.7410480000000916
 21
730.6333479999999554
 31
0.0
  0
LINE
  5
375
100
AcDbEntity
100
AcDbLine
  8
0
 62
0
370
0
  6
CONTINUOUS
 10
446.7410480000000916
 20
730.6333479999999554
 30
0.0
 11
445.6665540000001329
 21
731.3103709999999182
 31
0.0
  0
LINE
  5
376
100
AcDbEntity
100
AcDbLine
  8
0
 62
0
370
0
  6
CONTINUOUS
 10
445.6665540000001329
 20
731.3103709999999182
 30
0.0
 11
440.0812990000000582
 21
734.8295620000000099
 31
0.0
  0
LINE
  5
377
100
AcDbEntity
100
AcDbLine
  8
0
 62
0
370
0
  6
CONTINUOUS
 10
478.7713400000001229
 20
762.4515079999999898
 30
0.0
 11
448.3757320000000846
 21
755.1583239999999932
 31
0.0
  0
LINE
  5
378
100
AcDbEntity
100
AcDbLine
  8
0
 62
0
370
0
  6
CONTINUOUS
 10
412.4170720000000756
 20
762.4515079999999898
 30
0.0
 11
442.9770370000001094
 21
755.153609000000074
 31
0.0
  0
LINE
  5
379
100
AcDbEntity
100
AcDbLine
  8
0
 62
0
370
0
  6
CONTINUOUS
 10
442.9770370000001094
 20
755.153609000000074
 30
0.0
 11
445.6729410000000371
 21
754.5098110000000133
 31
0.0
  0
LINE
  5
37A
100
AcDbEntity
100
AcDbLine
  8
0
 62
0
370
0
  6
CONTINUOUS
 10
448.3757320000000846
 20
755.1583239999999932
 30
0.0
 11
445.6729410000000371
 21
754.5098110000000133
 31
0.0
  0
LINE
  5
37B
100
AcDbEntity
100
AcDbLine
  8
0
 62
0
370
0
  6
CONTINUOUS
 10
445.6729410000000371
 20
754.5098110000000133
 30
0.0
 11
443.2288850000001048
 21
753.9233789999999544
 31
0.0
  0
LINE
  5
37C
100
AcDbEntity
100
AcDbLine
  8
0
 62
0
370
0
  6
CONTINUOUS
 10
445.6787420000000566
 20
757.8553140000000212
 30
0.0
 11
442.9770370000001094
 21
755.153609000000074
 31
0.0
  0
LINE
  5
37D
100
AcDbEntity
100
AcDbLine
  8
0
 62
0
370
0
  6
CONTINUOUS
 10
448.3757320000000846
 20
755.1583239999999932
 30
0.0
 11
445.6787420000000566
 21
757.8553140000000212
 31
0.0
  0
LINE
  5
37E
100
AcDbEntity
100
AcDbLine
  8
0
 62
0
370
0
  6
CONTINUOUS
 10
412.4170720000000756
 20
676.3999999999999773
 30
0.0
 11
412.4170720000000756
 21
679.0
 31
0.0
  0
LINE
  5
37F
100
AcDbEntity
100
AcDbLine
  8
0
 62
0
370
0
  6
CONTINUOUS
 10
478.7713400000001229
 20
692.0
 30
0.0
 11
478.7713400000001229
 21
640.0
 31
0.0
  0
LINE
  5
380
100
AcDbEntity
100
AcDbLine
  8
0
 62
0
370
0
  6
CONTINUOUS
 10
481.7713400000001229
 20
692.0
 30
0.0
 11
481.7713400000001229
 21
640.0
 31
0.0
  0
LINE
  5
381
100
AcDbEntity
100
AcDbLine
  8
0
 62
0
370
0
  6
CONTINUOUS
 10
478.7713400000001229
 20
640.0
 30
0.0
 11
481.7713400000001229
 21
640.0
 31
0.0
  0
LINE
  5
382
100
AcDbEntity
100
AcDbLine
  8
0
 62
0
370
0
  6
CONTINUOUS
 10
478.7713400000001229
 20
692.0
 30
0.0
 11
481.7713400000001229
 21
692.0
 31
0.0
  0
LINE
  5
383
100
AcDbEntity
100
AcDbLine
  8
0
 62
0
370
0
  6
CONTINUOUS
 10
435.1787420000000566
 20
643.0
 30
0.0
 11
478.7713400000001229
 21
643.0
 31
0.0
  0
LINE
  5
384
100
AcDbEntity
100
AcDbLine
  8
0
 62
0
370
0
  6
CONTINUOUS
 10
435.1787420000000566
 20
640.0
 30
0.0
 11
435.1787420000000566
 21
643.0
 31
0.0
  0
LINE
  5
385
100
AcDbEntity
100
AcDbLine
  8
0
 62
0
370
0
  6
CONTINUOUS
 10
478.7713400000001229
 20
640.0
 30
0.0
 11
478.7713400000001229
 21
643.0
 31
0.0
  0
LINE
  5
386
100
AcDbEntity
100
AcDbLine
  8
0
 62
0
370
0
  6
CONTINUOUS
 10
435.1787420000000566
 20
640.0
 30
0.0
 11
478.7713400000001229
 21
640.0
 31
0.0
  0
LINE
  5
387
100
AcDbEntity
100
AcDbLine
  8
0
 62
0
370
0
  6
CONTINUOUS
 10
409.4170720000000756
 20
640.0
 30
0.0
 11
409.4170720000000756
 21
692.0
 31
0.0
  0
LINE
  5
388
100
AcDbEntity
100
AcDbLine
  8
0
 62
0
370
0
  6
CONTINUOUS
 10
409.4170720000000756
 20
692.0
 30
0.0
 11
412.4170720000000756
 21
692.0
 31
0.0
  0
LINE
  5
389
100
AcDbEntity
100
AcDbLine
  8
0
 62
0
370
0
  6
CONTINUOUS
 10
409.4170720000000756
 20
640.0
 30
0.0
 11
412.4170720000000756
 21
640.0
 31
0.0
  0
LINE
  5
38A
100
AcDbEntity
100
AcDbLine
  8
0
 62
0
370
0
  6
CONTINUOUS
 10
456.0096700000000283
 20
643.0
 30
0.0
 11
456.0096700000000283
 21
646.0
 31
0.0
  0
LINE
  5
38B
100
AcDbEntity
100
AcDbLine
  8
0
 62
0
370
0
  6
CONTINUOUS
 10
412.4170720000000756
 20
643.0
 30
0.0
 11
412.4170720000000756
 21
646.0
 31
0.0
  0
LINE
  5
38C
100
AcDbEntity
100
AcDbLine
  8
0
 62
0
370
0
  6
CONTINUOUS
 10
456.0096700000000283
 20
643.0
 30
0.0
 11
412.4170720000000756
 21
643.0
 31
0.0
  0
LINE
  5
38D
100
AcDbEntity
100
AcDbLine
  8
0
 62
0
370
0
  6
CONTINUOUS
 10
417.18233900000007
 20
646.0
 30
0.0
 11
459.820878000000107
 21
646.0
 31
0.0
  0
LINE
  5
38E
100
AcDbEntity
100
AcDbLine
  8
0
 62
0
370
0
  6
CONTINUOUS
 10
417.18233900000007
 20
675.0
 30
0.0
 11
417.18233900000007
 21
679.0
 31
0.0
  0
LINE
  5
38F
100
AcDbEntity
100
AcDbLine
  8
0
 62
0
370
0
  6
CONTINUOUS
 10
464.4170720000000756
 20
672.3999999999999773
 30
0.0
 11
464.4170720000000756
 21
675.0
 31
0.0
  0
LINE
  5
390
100
AcDbEntity
100
AcDbLine
  8
0
 62
0
370
0
  6
CONTINUOUS
 10
417.18233900000007
 20
679.0
 30
0.0
 11
419.2713810000001331
 21
679.5213560000000825
 31
0.0
  0
LINE
  5
391
100
AcDbEntity
100
AcDbLine
  8
0
 62
0
370
0
  6
CONTINUOUS
 10
419.2713810000001331
 20
679.5213560000000825
 30
0.0
 11
421.4249800000001187
 21
682.0
 31
0.0
  0
LINE
  5
392
100
AcDbEntity
100
AcDbLine
  8
0
 62
0
370
0
  6
CONTINUOUS
 10
458.4066650000000891
 20
682.0
 30
0.0
 11
459.820878000000107
 21
679.0
 31
0.0
  0
LINE
  5
393
100
AcDbEntity
100
AcDbLine
  8
0
 62
0
370
0
  6
CONTINUOUS
 10
438.1787420000000566
 20
682.0
 30
0.0
 11
453.1787420000000566
 21
682.0
 31
0.0
  0
LINE
  5
394
100
AcDbEntity
100
AcDbLine
  8
0
 62
0
370
0
  6
CONTINUOUS
 10
440.6787420000000566
 20
684.0
 30
0.0
 11
438.1787420000000566
 21
682.0
 31
0.0
  0
LINE
  5
395
100
AcDbEntity
100
AcDbLine
  8
0
 62
0
370
0
  6
CONTINUOUS
 10
440.6787420000000566
 20
684.0
 30
0.0
 11
450.6787420000000566
 21
684.0
 31
0.0
  0
LINE
  5
396
100
AcDbEntity
100
AcDbLine
  8
0
 62
0
370
0
  6
CONTINUOUS
 10
450.6787420000000566
 20
684.0
 30
0.0
 11
453.1787420000000566
 21
682.0
 31
0.0
  0
LINE
  5
397
100
AcDbEntity
100
AcDbLine
  8
0
 62
0
370
0
  6
CONTINUOUS
 10
442.6787420000000566
 20
685.0
 30
0.0
 11
448.6787420000000566
 21
685.0
 31
0.0
  0
LINE
  5
398
100
AcDbEntity
100
AcDbLine
  8
0
 62
0
370
0
  6
CONTINUOUS
 10
448.6787420000000566
 20
684.0
 30
0.0
 11
448.6787420000000566
 21
685.0
 31
0.0
  0
LINE
  5
399
100
AcDbEntity
100
AcDbLine
  8
0
 62
0
370
0
  6
CONTINUOUS
 10
442.6787420000000566
 20
684.0
 30
0.0
 11
442.6787420000000566
 21
685.0
 31
0.0
  0
LINE
  5
39A
100
AcDbEntity
100
AcDbLine
  8
0
 62
0
370
0
  6
CONTINUOUS
 10
435.1787420000000566
 20
688.0
 30
0.0
 11
456.1787420000000566
 21
688.0
 31
0.0
  0
LINE
  5
39B
100
AcDbEntity
100
AcDbLine
  8
0
 62
0
370
0
  6
CONTINUOUS
 10
442.6787420000000566
 20
691.0
 30
0.0
 11
441.1787420000000566
 21
690.0
 31
0.0
  0
LINE
  5
39C
100
AcDbEntity
100
AcDbLine
  8
0
 62
0
370
0
  6
CONTINUOUS
 10
448.6787420000000566
 20
691.0
 30
0.0
 11
450.1787420000000566
 21
690.0
 31
0.0
  0
LINE
  5
39D
100
AcDbEntity
100
AcDbLine
  8
0
 62
0
370
0
  6
CONTINUOUS
 10
442.6787420000000566
 20
691.0
 30
0.0
 11
448.6787420000000566
 21
691.0
 31
0.0
  0
LINE
  5
39E
100
AcDbEntity
100
AcDbLine
  8
0
 62
0
370
0
  6
CONTINUOUS
 10
435.1787420000000566
 20
688.0
 30
0.0
 11
435.1787420000000566
 21
690.0
 31
0.0
  0
LINE
  5
39F
100
AcDbEntity
100
AcDbLine
  8
0
 62
0
370
0
  6
CONTINUOUS
 10
456.1787420000000566
 20
688.0
 30
0.0
 11
456.1787420000000566
 21
690.0
 31
0.0
  0
LINE
  5
3A0
100
AcDbEntity
100
AcDbLine
  8
0
 62
0
370
0
  6
CONTINUOUS
 10
441.6787420000000566
 20
685.0
 30
0.0
 11
449.6787420000000566
 21
685.0
 31
0.0
  0
LINE
  5
3A1
100
AcDbEntity
100
AcDbLine
  8
0
 62
0
370
0
  6
CONTINUOUS
 10
464.4170720000000756
 20
672.3999999999999773
 30
0.0
 11
464.4170720000000756
 21
669.4000000000000909
 31
0.0
  0
LINE
  5
3A2
100
AcDbEntity
100
AcDbLine
  8
0
 62
0
370
0
  6
CONTINUOUS
 10
435.1787420000000566
 20
685.0
 30
0.0
 11
456.1787420000000566
 21
685.0
 31
0.0
  0
LINE
  5
3A3
100
AcDbEntity
100
AcDbLine
  8
0
 62
0
370
0
  6
CONTINUOUS
 10
435.1787420000000566
 20
688.0
 30
0.0
 11
478.7713400000001229
 21
688.0
 31
0.0
  0
LINE
  5
3A4
100
AcDbEntity
100
AcDbLine
  8
0
 62
0
370
0
  6
CONTINUOUS
 10
435.1787420000000566
 20
685.0
 30
0.0
 11
435.1787420000000566
 21
688.0
 31
0.0
  0
LINE
  5
3A5
100
AcDbEntity
100
AcDbLine
  8
0
 62
0
370
0
  6
CONTINUOUS
 10
478.7713400000001229
 20
685.0
 30
0.0
 11
478.7713400000001229
 21
688.0
 31
0.0
  0
LINE
  5
3A6
100
AcDbEntity
100
AcDbLine
  8
0
 62
0
370
0
  6
CONTINUOUS
 10
435.1787420000000566
 20
685.0
 30
0.0
 11
478.7713400000001229
 21
685.0
 31
0.0
  0
LINE
  5
3A7
100
AcDbEntity
100
AcDbLine
  8
tornillos
 62
0
370
0
  6
CONTINUOUS
 10
450.4787420000001248
 20
685.0
 30
0.0
 11
455.8787420000001021
 21
685.0
 31
0.0
  0
LINE
  5
3A8
100
AcDbEntity
100
AcDbLine
  8
tornillos
 62
0
370
0
  6
CONTINUOUS
 10
435.4787420000001248
 20
685.0
 30
0.0
 11
440.8787420000001021
 21
685.0
 31
0.0
  0
LINE
  5
3A9
100
AcDbEntity
100
AcDbLine
  8
0
 62
0
370
0
  6
CONTINUOUS
 10
459.820878000000107
 20
675.0
 30
0.0
 11
459.820878000000107
 21
679.0
 31
0.0
  0
LINE
  5
3AA
100
AcDbEntity
100
AcDbLine
  8
0
 62
0
370
0
  6
CONTINUOUS
 10
451.6891500000000406
 20
675.0
 30
0.0
 11
451.6891500000000406
 21
672.3999999999999773
 31
0.0
  0
LINE
  5
3AB
100
AcDbEntity
100
AcDbLine
  8
0
 62
0
370
0
  6
CONTINUOUS
 10
445.6787420000000566
 20
679.0
 30
0.0
 11
444.2645280000000412
 21
682.0
 31
0.0
  0
LINE
  5
3AC
100
AcDbEntity
100
AcDbLine
  8
0
 62
0
370
0
  6
CONTINUOUS
 10
455.9317900000000918
 20
675.0
 30
0.0
 11
453.280140000000074
 21
677.1797809999999345
 31
0.0
  0
LINE
  5
3AD
100
AcDbEntity
100
AcDbLine
  8
0
 62
0
370
0
  6
CONTINUOUS
 10
454.8711300000001074
 20
675.0
 30
0.0
 11
452.2194800000000896
 21
677.1797809999999345
 31
0.0
  0
LINE
  5
3AE
100
AcDbEntity
100
AcDbLine
  8
0
 62
0
370
0
  6
CONTINUOUS
 10
452.2194800000000896
 20
677.1797809999999345
 30
0.0
 11
452.2194800000000896
 21
675.0
 31
0.0
  0
LINE
  5
3AF
100
AcDbEntity
100
AcDbLine
  8
0
 62
0
370
0
  6
CONTINUOUS
 10
452.2194800000000896
 20
677.1797809999999345
 30
0.0
 11
453.280140000000074
 21
677.1797809999999345
 31
0.0
  0
LINE
  5
3B0
100
AcDbEntity
100
AcDbLine
  8
0
 62
0
370
0
  6
CONTINUOUS
 10
412.4170720000000756
 20
675.0
 30
0.0
 11
417.18233900000007
 21
675.0
 31
0.0
  0
LINE
  5
3B1
100
AcDbEntity
100
AcDbLine
  8
0
 62
0
370
0
  6
CONTINUOUS
 10
445.6787420000000566
 20
679.0
 30
0.0
 11
459.820878000000107
 21
679.0
 31
0.0
  0
LINE
  5
3B2
100
AcDbEntity
100
AcDbLine
  8
0
 62
0
370
0
  6
CONTINUOUS
 10
445.6787420000000566
 20
675.0
 30
0.0
 11
445.6787420000000566
 21
679.0
 31
0.0
  0
LINE
  5
3B3
100
AcDbEntity
100
AcDbLine
  8
0
 62
0
370
0
  6
CONTINUOUS
 10
412.4170720000000756
 20
672.3999999999999773
 30
0.0
 11
445.6787420000000566
 21
672.3999999999999773
 31
0.0
  0
LINE
  5
3B4
100
AcDbEntity
100
AcDbLine
  8
0
 62
0
370
0
  6
CONTINUOUS
 10
412.4170720000000756
 20
669.4000000000000909
 30
0.0
 11
417.18233900000007
 21
669.4000000000000909
 31
0.0
  0
LINE
  5
3B5
100
AcDbEntity
100
AcDbLine
  8
0
 62
0
370
0
  6
CONTINUOUS
 10
417.18233900000007
 20
669.4000000000000909
 30
0.0
 11
445.6787420000000566
 21
669.4000000000000909
 31
0.0
  0
LINE
  5
3B6
100
AcDbEntity
100
AcDbLine
  8
0
 62
0
370
0
  6
CONTINUOUS
 10
417.18233900000007
 20
648.0
 30
0.0
 11
445.6787420000000566
 21
648.0
 31
0.0
  0
LINE
  5
3B7
100
AcDbEntity
100
AcDbLine
  8
0
 62
0
370
0
  6
CONTINUOUS
 10
445.6787420000000566
 20
648.0
 30
0.0
 11
459.820878000000107
 21
648.0
 31
0.0
  0
LINE
  5
3B8
100
AcDbEntity
100
AcDbLine
  8
0
 62
0
370
0
  6
CONTINUOUS
 10
417.18233900000007
 20
646.0
 30
0.0
 11
417.18233900000007
 21
648.0
 31
0.0
  0
LINE
  5
3B9
100
AcDbEntity
100
AcDbLine
  8
0
 62
0
370
0
  6
CONTINUOUS
 10
417.18233900000007
 20
648.0
 30
0.0
 11
417.18233900000007
 21
669.4000000000000909
 31
0.0
  0
LINE
  5
3BA
100
AcDbEntity
100
AcDbLine
  8
0
 62
0
370
0
  6
CONTINUOUS
 10
445.6787420000000566
 20
669.4000000000000909
 30
0.0
 11
445.6787420000000566
 21
648.0
 31
0.0
  0
LINE
  5
3BB
100
AcDbEntity
100
AcDbLine
  8
0
 62
0
370
0
  6
CONTINUOUS
 10
445.6787420000000566
 20
648.0
 30
0.0
 11
445.6787420000000566
 21
646.0
 31
0.0
  0
LINE
  5
3BC
100
AcDbEntity
100
AcDbLine
  8
0
 62
0
370
0
  6
CONTINUOUS
 10
445.6787420000000566
 20
672.3999999999999773
 30
0.0
 11
451.6891500000000406
 21
672.3999999999999773
 31
0.0
  0
LINE
  5
3BD
100
AcDbEntity
100
AcDbLine
  8
0
 62
0
370
0
  6
CONTINUOUS
 10
451.6891500000000406
 20
672.3999999999999773
 30
0.0
 11
464.4170720000000756
 21
672.3999999999999773
 31
0.0
  0
LINE
  5
3BE
100
AcDbEntity
100
AcDbLine
  8
0
 62
0
370
0
  6
CONTINUOUS
 10
421.4249800000001187
 20
682.0
 30
0.0
 11
429.2031540000000405
 21
682.0
 31
0.0
  0
LINE
  5
3BF
100
AcDbEntity
100
AcDbLine
  8
0
 62
0
370
0
  6
CONTINUOUS
 10
412.4170720000000756
 20
675.0
 30
0.0
 11
412.4170720000000756
 21
692.0
 31
0.0
  0
LINE
  5
3C0
100
AcDbEntity
100
AcDbLine
  8
0
 62
0
370
0
  6
CONTINUOUS
 10
412.4170720000000756
 20
640.0
 30
0.0
 11
412.4170720000000756
 21
672.3999999999999773
 31
0.0
  0
LINE
  5
3C1
100
AcDbEntity
100
AcDbLine
  8
0
 62
0
370
0
  6
CONTINUOUS
 10
412.4170720000000756
 20
672.3999999999999773
 30
0.0
 11
412.4170720000000756
 21
675.0
 31
0.0
  0
LINE
  5
3C2
100
AcDbEntity
100
AcDbLine
  8
0
 62
0
370
0
  6
CONTINUOUS
 10
445.6787420000000566
 20
675.0
 30
0.0
 11
451.6891500000000406
 21
675.0
 31
0.0
  0
LINE
  5
3C3
100
AcDbEntity
100
AcDbLine
  8
0
 62
0
370
0
  6
CONTINUOUS
 10
451.6891500000000406
 20
675.0
 30
0.0
 11
452.2194800000000896
 21
675.0
 31
0.0
  0
LINE
  5
3C4
100
AcDbEntity
100
AcDbLine
  8
0
 62
0
370
0
  6
CONTINUOUS
 10
452.2194800000000896
 20
675.0
 30
0.0
 11
455.9317900000000918
 21
675.0
 31
0.0
  0
LINE
  5
3C5
100
AcDbEntity
100
AcDbLine
  8
0
 62
0
370
0
  6
CONTINUOUS
 10
459.820878000000107
 20
646.0
 30
0.0
 11
459.820878000000107
 21
648.0
 31
0.0
  0
LINE
  5
3C6
100
AcDbEntity
100
AcDbLine
  8
0
 62
0
370
0
  6
CONTINUOUS
 10
459.820878000000107
 20
648.0
 30
0.0
 11
459.820878000000107
 21
669.4000000000000909
 31
0.0
  0
LINE
  5
3C7
100
AcDbEntity
100
AcDbLine
  8
0
 62
0
370
0
  6
CONTINUOUS
 10
435.1787420000000566
 20
690.0
 30
0.0
 11
441.1787420000000566
 21
690.0
 31
0.0
  0
LINE
  5
3C8
100
AcDbEntity
100
AcDbLine
  8
0
 62
0
370
0
  6
CONTINUOUS
 10
441.1787420000000566
 20
690.0
 30
0.0
 11
450.1787420000000566
 21
690.0
 31
0.0
  0
LINE
  5
3C9
100
AcDbEntity
100
AcDbLine
  8
0
 62
0
370
0
  6
CONTINUOUS
 10
450.1787420000000566
 20
690.0
 30
0.0
 11
456.1787420000000566
 21
690.0
 31
0.0
  0
LINE
  5
3CA
100
AcDbEntity
100
AcDbLine
  8
tornillos
 62
0
370
0
  6
CONTINUOUS
 10
429.2031540000000405
 20
682.0
 30
0.0
 11
419.2713810000001331
 21
679.5213560000000825
 31
0.0
  0
LINE
  5
3CB
100
AcDbEntity
100
AcDbLine
  8
tornillos
 62
0
370
0
  6
CONTINUOUS
 10
419.2713810000001331
 20
679.5213560000000825
 30
0.0
 11
417.18233900000007
 21
679.0
 31
0.0
  0
LINE
  5
3CC
100
AcDbEntity
100
AcDbLine
  8
0
 62
0
370
0
  6
CONTINUOUS
 10
456.0096700000000283
 20
646.0
 30
0.0
 11
417.18233900000007
 21
646.0
 31
0.0
  0
LINE
  5
3CD
100
AcDbEntity
100
AcDbLine
  8
0
 62
0
370
0
  6
CONTINUOUS
 10
417.18233900000007
 20
646.0
 30
0.0
 11
412.4170720000000756
 21
646.0
 31
0.0
  0
LINE
  5
3CE
100
AcDbEntity
100
AcDbLine
  8
0
 62
0
370
0
  6
CONTINUOUS
 10
429.2031540000000405
 20
682.0
 30
0.0
 11
438.1787420000000566
 21
682.0
 31
0.0
  0
LINE
  5
3CF
100
AcDbEntity
100
AcDbLine
  8
0
 62
0
370
0
  6
CONTINUOUS
 10
438.1787420000000566
 20
682.0
 30
0.0
 11
444.2645280000000412
 21
682.0
 31
0.0
  0
LINE
  5
3D0
100
AcDbEntity
100
AcDbLine
  8
0
 62
0
370
0
  6
CONTINUOUS
 10
455.9317900000000918
 20
675.0
 30
0.0
 11
459.820878000000107
 21
675.0
 31
0.0
  0
LINE
  5
3D1
100
AcDbEntity
100
AcDbLine
  8
0
 62
0
370
0
  6
CONTINUOUS
 10
459.820878000000107
 20
675.0
 30
0.0
 11
464.4170720000000756
 21
675.0
 31
0.0
  0
LINE
  5
3D2
100
AcDbEntity
100
AcDbLine
  8
0
 62
0
370
0
  6
CONTINUOUS
 10
444.2645280000000412
 20
682.0
 30
0.0
 11
453.1787420000000566
 21
682.0
 31
0.0
  0
LINE
  5
3D3
100
AcDbEntity
100
AcDbLine
  8
0
 62
0
370
0
  6
CONTINUOUS
 10
453.1787420000000566
 20
682.0
 30
0.0
 11
458.4066650000000891
 21
682.0
 31
0.0
  0
LINE
  5
3D4
100
AcDbEntity
100
AcDbLine
  8
0
 62
0
370
0
  6
CONTINUOUS
 10
412.4170720000000756
 20
673.3999999999999773
 30
0.0
 11
412.4170720000000756
 21
675.0
 31
0.0
  0
LINE
  5
3D5
100
AcDbEntity
100
AcDbLine
  8
0
 62
0
370
0
  6
CONTINUOUS
 10
412.4170720000000756
 20
675.0
 30
0.0
 11
412.4170720000000756
 21
676.3999999999999773
 31
0.0
  0
LINE
  5
3D6
100
AcDbEntity
100
AcDbLine
  8
0
 62
0
370
0
  6
CONTINUOUS
 10
445.6787420000000566
 20
669.4000000000000909
 30
0.0
 11
459.820878000000107
 21
669.4000000000000909
 31
0.0
  0
LINE
  5
3D7
100
AcDbEntity
100
AcDbLine
  8
0
 62
0
370
0
  6
CONTINUOUS
 10
459.820878000000107
 20
669.4000000000000909
 30
0.0
 11
464.4170720000000756
 21
669.4000000000000909
 31
0.0
  0
LINE
  5
3D8
100
AcDbEntity
100
AcDbLine
  8
0
 62
0
370
0
  6
CONTINUOUS
 10
484.7713400000001229
 20
762.6205799999999044
 30
0.0
 11
536.7713400000002366
 21
762.6205799999999044
 31
0.0
  0
LINE
  5
3D9
100
AcDbEntity
100
AcDbLine
  8
0
 62
0
370
0
  6
CONTINUOUS
 10
484.7713400000001229
 20
710.6205799999999044
 30
0.0
 11
497.6683350000000701
 21
710.6205799999999044
 31
0.0
  0
ARC
  5
3DA
100
AcDbEntity
  8
0
 62
0
370
0
  6
CONTINUOUS
100
AcDbCircle
 10
503.6787420000001703
 20
716.6309880000000021
 30
0.0
 40
1.0
100
AcDbArc
 50
225.0
 51
315.0
  0
CIRCLE
  5
3DB
100
AcDbEntity
100
AcDbCircle
  8
0
 62
0
370
0
  6
CONTINUOUS
 10
518.0330100000002176
 20
743.7131780000000845
 30
0.0
 40
1.3999999999999999
  0
ARC
  5
3DC
100
AcDbEntity
  8
0
 62
0
370
0
  6
CONTINUOUS
100
AcDbCircle
 10
518.0330100000002176
 20
756.4411000000000058
 30
0.0
 40
1.0
100
AcDbArc
 50
45.0
 51
135.0
  0
LINE
  5
3DD
100
AcDbEntity
100
AcDbLine
  8
0
 62
0
370
0
  6
CONTINUOUS
 10
551.1256080000001703
 20
710.4515079999999898
 30
0.0
 11
551.1256080000001703
 21
762.4515079999999898
 31
0.0
  0
ARC
  5
3DE
100
AcDbEntity
  8
0
 62
0
370
0
  6
CONTINUOUS
100
AcDbCircle
 10
518.0330100000002176
 20
743.7131780000000845
 30
0.0
 40
10.5
100
AcDbArc
 50
103.4925929999999994
 51
237.7855440000000158
  0
LINE
  5
3DF
100
AcDbEntity
100
AcDbLine
  8
0
 62
0
370
0
  6
CONTINUOUS
 10
536.7713400000002366
 20
759.0073160000000598
 30
0.0
 11
536.7713400000002366
 21
762.6205799999999044
 31
0.0
  0
LINE
  5
3E0
100
AcDbEntity
100
AcDbLine
  8
0
 62
0
370
0
  6
CONTINUOUS
 10
554.1256080000001703
 20
710.4515079999999898
 30
0.0
 11
554.1256080000001703
 21
762.4515079999999898
 31
0.0
  0
LINE
  5
3E1
100
AcDbEntity
100
AcDbLine
  8
0
 62
0
370
0
  6
CONTINUOUS
 10
481.7713400000001229
 20
710.6205799999999044
 30
0.0
 11
481.7713400000001229
 21
762.6205799999999044
 31
0.0
  0
LINE
  5
3E2
100
AcDbEntity
100
AcDbLine
  8
0
 62
0
370
0
  6
CONTINUOUS
 10
484.7713400000001229
 20
710.6205799999999044
 30
0.0
 11
484.7713400000001229
 21
762.6205799999999044
 31
0.0
  0
LINE
  5
3E3
100
AcDbEntity
100
AcDbLine
  8
0
 62
0
370
0
  6
CONTINUOUS
 10
481.7713400000001229
 20
762.6205799999999044
 30
0.0
 11
484.7713400000001229
 21
762.6205799999999044
 31
0.0
  0
LINE
  5
3E4
100
AcDbEntity
100
AcDbLine
  8
0
 62
0
370
0
  6
CONTINUOUS
 10
481.7713400000001229
 20
710.6205799999999044
 30
0.0
 11
484.7713400000001229
 21
710.6205799999999044
 31
0.0
  0
LINE
  5
3E5
100
AcDbEntity
100
AcDbLine
  8
0
 62
0
370
0
  6
CONTINUOUS
 10
551.1256080000001703
 20
710.4515079999999898
 30
0.0
 11
554.1256080000001703
 21
710.4515079999999898
 31
0.0
  0
LINE
  5
3E6
100
AcDbEntity
100
AcDbLine
  8
0
 62
0
370
0
  6
CONTINUOUS
 10
554.1256080000001703
 20
762.4515079999999898
 30
0.0
 11
551.1256080000001703
 21
762.4515079999999898
 31
0.0
  0
LINE
  5
3E7
100
AcDbEntity
100
AcDbLine
  8
0
 62
0
370
0
  6
CONTINUOUS
 10
502.9716360000001032
 20
715.923881999999935
 30
0.0
 11
497.6683350000000701
 21
710.6205799999999044
 31
0.0
  0
ARC
  5
3E8
100
AcDbEntity
  8
0
 62
0
370
0
  6
CONTINUOUS
100
AcDbCircle
 10
524.609103000000232
 20
757.0774959999999965
 30
0.0
 40
1.5
100
AcDbArc
 50
333.6444720000000075
 51
233.3407140000000197
  0
LINE
  5
3E9
100
AcDbEntity
100
AcDbLine
  8
0
 62
0
370
0
  6
CONTINUOUS
 10
502.9716360000001032
 20
715.923881999999935
 30
0.0
 11
499.3181540000001633
 21
719.5773639999999887
 31
0.0
  0
LINE
  5
3EA
100
AcDbEntity
100
AcDbLine
  8
0
 62
0
370
0
  6
CONTINUOUS
 10
504.3858490000001211
 20
715.9238810000000512
 30
0.0
 11
519.0953160000002526
 21
730.6333479999999554
 31
0.0
  0
LINE
  5
3EB
100
AcDbEntity
100
AcDbLine
  8
0
 62
0
370
0
  6
CONTINUOUS
 10
484.7713400000001229
 20
710.4515079999999898
 30
0.0
 11
499.3181540000001633
 21
719.5773639999999887
 31
0.0
  0
LINE
  5
3EC
100
AcDbEntity
100
AcDbLine
  8
0
 62
0
370
0
  6
CONTINUOUS
 10
499.3181540000001633
 20
719.5773639999999887
 30
0.0
 11
518.0208220000001802
 21
731.3103709999999182
 31
0.0
  0
LINE
  5
3ED
100
AcDbEntity
100
AcDbLine
  8
0
 62
0
370
0
  6
CONTINUOUS
 10
551.1256080000001703
 20
710.4515079999999898
 30
0.0
 11
519.0953160000002526
 21
730.6333479999999554
 31
0.0
  0
LINE
  5
3EE
100
AcDbEntity
100
AcDbLine
  8
0
 62
0
370
0
  6
CONTINUOUS
 10
519.0953160000002526
 20
730.6333479999999554
 30
0.0
 11
518.0208220000001802
 21
731.3103709999999182
 31
0.0
  0
LINE
  5
3EF
100
AcDbEntity
100
AcDbLine
  8
0
 62
0
370
0
  6
CONTINUOUS
 10
518.0208220000001802
 20
731.3103709999999182
 30
0.0
 11
512.4355670000001055
 21
734.8295620000000099
 31
0.0
  0
LINE
  5
3F0
100
AcDbEntity
100
AcDbLine
  8
0
 62
0
370
0
  6
CONTINUOUS
 10
551.1256080000001703
 20
762.4515079999999898
 30
0.0
 11
520.7300000000002456
 21
755.1583239999999932
 31
0.0
  0
LINE
  5
3F1
100
AcDbEntity
100
AcDbLine
  8
0
 62
0
370
0
  6
CONTINUOUS
 10
484.7713400000001229
 20
762.4515079999999898
 30
0.0
 11
515.3313050000001567
 21
755.153609000000074
 31
0.0
  0
LINE
  5
3F2
100
AcDbEntity
100
AcDbLine
  8
0
 62
0
370
0
  6
CONTINUOUS
 10
515.3313050000001567
 20
755.153609000000074
 30
0.0
 11
518.0272090000001981
 21
754.5098110000000133
 31
0.0
  0
LINE
  5
3F3
100
AcDbEntity
100
AcDbLine
  8
0
 62
0
370
0
  6
CONTINUOUS
 10
520.7300000000002456
 20
755.1583239999999932
 30
0.0
 11
518.0272090000001981
 21
754.5098110000000133
 31
0.0
  0
LINE
  5
3F4
100
AcDbEntity
100
AcDbLine
  8
0
 62
0
370
0
  6
CONTINUOUS
 10
518.0272090000001981
 20
754.5098110000000133
 30
0.0
 11
515.5831530000001521
 21
753.9233789999999544
 31
0.0
  0
LINE
  5
3F5
100
AcDbEntity
100
AcDbLine
  8
0
 62
0
370
0
  6
CONTINUOUS
 10
518.0330100000002176
 20
757.8553140000000212
 30
0.0
 11
515.3313050000001567
 21
755.153609000000074
 31
0.0
  0
LINE
  5
3F6
100
AcDbEntity
100
AcDbLine
  8
0
 62
0
370
0
  6
CONTINUOUS
 10
520.7300000000002456
 20
755.1583239999999932
 30
0.0
 11
518.0330100000002176
 21
757.8553140000000212
 31
0.0
  0
LINE
  5
3F7
100
AcDbEntity
100
AcDbLine
  8
0
 62
0
370
0
  6
CONTINUOUS
 10
484.7713400000001229
 20
676.3999999999999773
 30
0.0
 11
484.7713400000001229
 21
679.0
 31
0.0
  0
LINE
  5
3F8
100
AcDbEntity
100
AcDbLine
  8
0
 62
0
370
0
  6
CONTINUOUS
 10
551.1256080000001703
 20
692.0
 30
0.0
 11
551.1256080000001703
 21
640.0
 31
0.0
  0
LINE
  5
3F9
100
AcDbEntity
100
AcDbLine
  8
0
 62
0
370
0
  6
CONTINUOUS
 10
554.1256080000001703
 20
692.0
 30
0.0
 11
554.1256080000001703
 21
640.0
 31
0.0
  0
LINE
  5
3FA
100
AcDbEntity
100
AcDbLine
  8
0
 62
0
370
0
  6
CONTINUOUS
 10
551.1256080000001703
 20
640.0
 30
0.0
 11
554.1256080000001703
 21
640.0
 31
0.0
  0
LINE
  5
3FB
100
AcDbEntity
100
AcDbLine
  8
0
 62
0
370
0
  6
CONTINUOUS
 10
551.1256080000001703
 20
692.0
 30
0.0
 11
554.1256080000001703
 21
692.0
 31
0.0
  0
LINE
  5
3FC
100
AcDbEntity
100
AcDbLine
  8
0
 62
0
370
0
  6
CONTINUOUS
 10
507.5330100000001039
 20
643.0
 30
0.0
 11
551.1256080000001703
 21
643.0
 31
0.0
  0
LINE
  5
3FD
100
AcDbEntity
100
AcDbLine
  8
0
 62
0
370
0
  6
CONTINUOUS
 10
507.5330100000001039
 20
640.0
 30
0.0
 11
507.5330100000001039
 21
643.0
 31
0.0
  0
LINE
  5
3FE
100
AcDbEntity
100
AcDbLine
  8
0
 62
0
370
0
  6
CONTINUOUS
 10
551.1256080000001703
 20
640.0
 30
0.0
 11
551.1256080000001703
 21
643.0
 31
0.0
  0
LINE
  5
3FF
100
AcDbEntity
100
AcDbLine
  8
0
 62
0
370
0
  6
CONTINUOUS
 10
507.5330100000001039
 20
640.0
 30
0.0
 11
551.1256080000001703
 21
640.0
 31
0.0
  0
LINE
  5
400
100
AcDbEntity
100
AcDbLine
  8
0
 62
0
370
0
  6
CONTINUOUS
 10
481.7713400000001229
 20
640.0
 30
0.0
 11
481.7713400000001229
 21
692.0
 31
0.0
  0
LINE
  5
401
100
AcDbEntity
100
AcDbLine
  8
0
 62
0
370
0
  6
CONTINUOUS
 10
481.7713400000001229
 20
692.0
 30
0.0
 11
484.7713400000001229
 21
692.0
 31
0.0
  0
LINE
  5
402
100
AcDbEntity
100
AcDbLine
  8
0
 62
0
370
0
  6
CONTINUOUS
 10
481.7713400000001229
 20
640.0
 30
0.0
 11
484.7713400000001229
 21
640.0
 31
0.0
  0
LINE
  5
403
100
AcDbEntity
100
AcDbLine
  8
0
 62
0
370
0
  6
CONTINUOUS
 10
528.3639380000001893
 20
643.0
 30
0.0
 11
528.3639380000001893
 21
646.0
 31
0.0
  0
LINE
  5
404
100
AcDbEntity
100
AcDbLine
  8
0
 62
0
370
0
  6
CONTINUOUS
 10
484.7713400000001229
 20
643.0
 30
0.0
 11
484.7713400000001229
 21
646.0
 31
0.0
  0
LINE
  5
405
100
AcDbEntity
100
AcDbLine
  8
0
 62
0
370
0
  6
CONTINUOUS
 10
528.3639380000001893
 20
643.0
 30
0.0
 11
484.7713400000001229
 21
643.0
 31
0.0
  0
LINE
  5
406
100
AcDbEntity
100
AcDbLine
  8
0
 62
0
370
0
  6
CONTINUOUS
 10
489.5366070000001173
 20
646.0
 30
0.0
 11
532.1751460000001543
 21
646.0
 31
0.0
  0
LINE
  5
407
100
AcDbEntity
100
AcDbLine
  8
0
 62
0
370
0
  6
CONTINUOUS
 10
489.5366070000001173
 20
675.0
 30
0.0
 11
489.5366070000001173
 21
679.0
 31
0.0
  0
LINE
  5
408
100
AcDbEntity
100
AcDbLine
  8
0
 62
0
370
0
  6
CONTINUOUS
 10
536.7713400000002366
 20
672.3999999999999773
 30
0.0
 11
536.7713400000002366
 21
675.0
 31
0.0
  0
LINE
  5
409
100
AcDbEntity
100
AcDbLine
  8
0
 62
0
370
0
  6
CONTINUOUS
 10
489.5366070000001173
 20
679.0
 30
0.0
 11
491.6256490000001804
 21
679.5213560000000825
 31
0.0
  0
LINE
  5
40A
100
AcDbEntity
100
AcDbLine
  8
0
 62
0
370
0
  6
CONTINUOUS
 10
491.6256490000001804
 20
679.5213560000000825
 30
0.0
 11
493.779248000000166
 21
682.0
 31
0.0
  0
LINE
  5
40B
100
AcDbEntity
100
AcDbLine
  8
0
 62
0
370
0
  6
CONTINUOUS
 10
530.7609330000002501
 20
682.0
 30
0.0
 11
532.1751460000001543
 21
679.0
 31
0.0
  0
LINE
  5
40C
100
AcDbEntity
100
AcDbLine
  8
0
 62
0
370
0
  6
CONTINUOUS
 10
510.5330100000001039
 20
682.0
 30
0.0
 11
525.5330100000002176
 21
682.0
 31
0.0
  0
LINE
  5
40D
100
AcDbEntity
100
AcDbLine
  8
0
 62
0
370
0
  6
CONTINUOUS
 10
513.0330100000001039
 20
684.0
 30
0.0
 11
510.5330100000001039
 21
682.0
 31
0.0
  0
LINE
  5
40E
100
AcDbEntity
100
AcDbLine
  8
0
 62
0
370
0
  6
CONTINUOUS
 10
513.0330100000001039
 20
684.0
 30
0.0
 11
523.0330100000002176
 21
684.0
 31
0.0
  0
LINE
  5
40F
100
AcDbEntity
100
AcDbLine
  8
0
 62
0
370
0
  6
CONTINUOUS
 10
523.0330100000002176
 20
684.0
 30
0.0
 11
525.5330100000002176
 21
682.0
 31
0.0
  0
LINE
  5
410
100
AcDbEntity
100
AcDbLine
  8
0
 62
0
370
0
  6
CONTINUOUS
 10
515.0330100000002176
 20
685.0
 30
0.0
 11
521.0330100000002176
 21
685.0
 31
0.0
  0
LINE
  5
411
100
AcDbEntity
100
AcDbLine
  8
0
 62
0
370
0
  6
CONTINUOUS
 10
521.0330100000002176
 20
684.0
 30
0.0
 11
521.0330100000002176
 21
685.0
 31
0.0
  0
LINE
  5
412
100
AcDbEntity
100
AcDbLine
  8
0
 62
0
370
0
  6
CONTINUOUS
 10
515.0330100000002176
 20
684.0
 30
0.0
 11
515.0330100000002176
 21
685.0
 31
0.0
  0
LINE
  5
413
100
AcDbEntity
100
AcDbLine
  8
0
 62
0
370
0
  6
CONTINUOUS
 10
507.5330100000001039
 20
688.0
 30
0.0
 11
528.5330100000002176
 21
688.0
 31
0.0
  0
LINE
  5
414
100
AcDbEntity
100
AcDbLine
  8
0
 62
0
370
0
  6
CONTINUOUS
 10
515.0330100000002176
 20
691.0
 30
0.0
 11
513.5330100000001039
 21
690.0
 31
0.0
  0
LINE
  5
415
100
AcDbEntity
100
AcDbLine
  8
0
 62
0
370
0
  6
CONTINUOUS
 10
521.0330100000002176
 20
691.0
 30
0.0
 11
522.5330100000002176
 21
690.0
 31
0.0
  0
LINE
  5
416
100
AcDbEntity
100
AcDbLine
  8
0
 62
0
370
0
  6
CONTINUOUS
 10
515.0330100000002176
 20
691.0
 30
0.0
 11
521.0330100000002176
 21
691.0
 31
0.0
  0
LINE
  5
417
100
AcDbEntity
100
AcDbLine
  8
0
 62
0
370
0
  6
CONTINUOUS
 10
507.5330100000001039
 20
688.0
 30
0.0
 11
507.5330100000001039
 21
690.0
 31
0.0
  0
LINE
  5
418
100
AcDbEntity
100
AcDbLine
  8
0
 62
0
370
0
  6
CONTINUOUS
 10
528.5330100000002176
 20
688.0
 30
0.0
 11
528.5330100000002176
 21
690.0
 31
0.0
  0
LINE
  5
419
100
AcDbEntity
100
AcDbLine
  8
0
 62
0
370
0
  6
CONTINUOUS
 10
514.0330100000001039
 20
685.0
 30
0.0
 11
522.0330100000002176
 21
685.0
 31
0.0
  0
LINE
  5
41A
100
AcDbEntity
100
AcDbLine
  8
0
 62
0
370
0
  6
CONTINUOUS
 10
536.7713400000002366
 20
672.3999999999999773
 30
0.0
 11
536.7713400000002366
 21
669.4000000000000909
 31
0.0
  0
LINE
  5
41B
100
AcDbEntity
100
AcDbLine
  8
0
 62
0
370
0
  6
CONTINUOUS
 10
507.5330100000001039
 20
685.0
 30
0.0
 11
528.5330100000002176
 21
685.0
 31
0.0
  0
LINE
  5
41C
100
AcDbEntity
100
AcDbLine
  8
0
 62
0
370
0
  6
CONTINUOUS
 10
507.5330100000001039
 20
688.0
 30
0.0
 11
551.1256080000001703
 21
688.0
 31
0.0
  0
LINE
  5
41D
100
AcDbEntity
100
AcDbLine
  8
0
 62
0
370
0
  6
CONTINUOUS
 10
507.5330100000001039
 20
685.0
 30
0.0
 11
507.5330100000001039
 21
688.0
 31
0.0
  0
LINE
  5
41E
100
AcDbEntity
100
AcDbLine
  8
0
 62
0
370
0
  6
CONTINUOUS
 10
551.1256080000001703
 20
685.0
 30
0.0
 11
551.1256080000001703
 21
688.0
 31
0.0
  0
LINE
  5
41F
100
AcDbEntity
100
AcDbLine
  8
0
 62
0
370
0
  6
CONTINUOUS
 10
507.5330100000001039
 20
685.0
 30
0.0
 11
551.1256080000001703
 21
685.0
 31
0.0
  0
LINE
  5
420
100
AcDbEntity
100
AcDbLine
  8
tornillos
 62
0
370
0
  6
CONTINUOUS
 10
522.8330100000001721
 20
685.0
 30
0.0
 11
528.2330100000001494
 21
685.0
 31
0.0
  0
LINE
  5
421
100
AcDbEntity
100
AcDbLine
  8
tornillos
 62
0
370
0
  6
CONTINUOUS
 10
507.8330100000001721
 20
685.0
 30
0.0
 11
513.2330100000001494
 21
685.0
 31
0.0
  0
LINE
  5
422
100
AcDbEntity
100
AcDbLine
  8
0
 62
0
370
0
  6
CONTINUOUS
 10
532.1751460000001543
 20
675.0
 30
0.0
 11
532.1751460000001543
 21
679.0
 31
0.0
  0
LINE
  5
423
100
AcDbEntity
100
AcDbLine
  8
0
 62
0
370
0
  6
CONTINUOUS
 10
524.0434180000002016
 20
675.0
 30
0.0
 11
524.0434180000002016
 21
672.3999999999999773
 31
0.0
  0
LINE
  5
424
100
AcDbEntity
100
AcDbLine
  8
0
 62
0
370
0
  6
CONTINUOUS
 10
518.0330100000002176
 20
679.0
 30
0.0
 11
516.6187960000002022
 21
682.0
 31
0.0
  0
LINE
  5
425
100
AcDbEntity
100
AcDbLine
  8
0
 62
0
370
0
  6
CONTINUOUS
 10
528.2860580000002528
 20
675.0
 30
0.0
 11
525.634408000000235
 21
677.1797809999999345
 31
0.0
  0
LINE
  5
426
100
AcDbEntity
100
AcDbLine
  8
0
 62
0
370
0
  6
CONTINUOUS
 10
527.2253980000001548
 20
675.0
 30
0.0
 11
524.5737480000002506
 21
677.1797809999999345
 31
0.0
  0
LINE
  5
427
100
AcDbEntity
100
AcDbLine
  8
0
 62
0
370
0
  6
CONTINUOUS
 10
524.5737480000002506
 20
677.1797809999999345
 30
0.0
 11
524.5737480000002506
 21
675.0
 31
0.0
  0
LINE
  5
428
100
AcDbEntity
100
AcDbLine
  8
0
 62
0
370
0
  6
CONTINUOUS
 10
524.5737480000002506
 20
677.1797809999999345
 30
0.0
 11
525.634408000000235
 21
677.1797809999999345
 31
0.0
  0
LINE
  5
429
100
AcDbEntity
100
AcDbLine
  8
0
 62
0
370
0
  6
CONTINUOUS
 10
484.7713400000001229
 20
675.0
 30
0.0
 11
489.5366070000001173
 21
675.0
 31
0.0
  0
LINE
  5
42A
100
AcDbEntity
100
AcDbLine
  8
0
 62
0
370
0
  6
CONTINUOUS
 10
518.0330100000002176
 20
679.0
 30
0.0
 11
532.1751460000001543
 21
679.0
 31
0.0
  0
LINE
  5
42B
100
AcDbEntity
100
AcDbLine
  8
0
 62
0
370
0
  6
CONTINUOUS
 10
518.0330100000002176
 20
675.0
 30
0.0
 11
518.0330100000002176
 21
679.0
 31
0.0
  0
LINE
  5
42C
100
AcDbEntity
100
AcDbLine
  8
0
 62
0
370
0
  6
CONTINUOUS
 10
484.7713400000001229
 20
672.3999999999999773
 30
0.0
 11
518.0330100000002176
 21
672.3999999999999773
 31
0.0
  0
LINE
  5
42D
100
AcDbEntity
100
AcDbLine
  8
0
 62
0
370
0
  6
CONTINUOUS
 10
484.7713400000001229
 20
669.4000000000000909
 30
0.0
 11
489.5366070000001173
 21
669.4000000000000909
 31
0.0
  0
LINE
  5
42E
100
AcDbEntity
100
AcDbLine
  8
0
 62
0
370
0
  6
CONTINUOUS
 10
489.5366070000001173
 20
669.4000000000000909
 30
0.0
 11
518.0330100000002176
 21
669.4000000000000909
 31
0.0
  0
LINE
  5
42F
100
AcDbEntity
100
AcDbLine
  8
0
 62
0
370
0
  6
CONTINUOUS
 10
489.5366070000001173
 20
648.0
 30
0.0
 11
518.0330100000002176
 21
648.0
 31
0.0
  0
LINE
  5
430
100
AcDbEntity
100
AcDbLine
  8
0
 62
0
370
0
  6
CONTINUOUS
 10
518.0330100000002176
 20
648.0
 30
0.0
 11
532.1751460000001543
 21
648.0
 31
0.0
  0
LINE
  5
431
100
AcDbEntity
100
AcDbLine
  8
0
 62
0
370
0
  6
CONTINUOUS
 10
489.5366070000001173
 20
646.0
 30
0.0
 11
489.5366070000001173
 21
648.0
 31
0.0
  0
LINE
  5
432
100
AcDbEntity
100
AcDbLine
  8
0
 62
0
370
0
  6
CONTINUOUS
 10
489.5366070000001173
 20
648.0
 30
0.0
 11
489.5366070000001173
 21
669.4000000000000909
 31
0.0
  0
LINE
  5
433
100
AcDbEntity
100
AcDbLine
  8
0
 62
0
370
0
  6
CONTINUOUS
 10
518.0330100000002176
 20
669.4000000000000909
 30
0.0
 11
518.0330100000002176
 21
648.0
 31
0.0
  0
LINE
  5
434
100
AcDbEntity
100
AcDbLine
  8
0
 62
0
370
0
  6
CONTINUOUS
 10
518.0330100000002176
 20
648.0
 30
0.0
 11
518.0330100000002176
 21
646.0
 31
0.0
  0
LINE
  5
435
100
AcDbEntity
100
AcDbLine
  8
0
 62
0
370
0
  6
CONTINUOUS
 10
518.0330100000002176
 20
672.3999999999999773
 30
0.0
 11
524.0434180000002016
 21
672.3999999999999773
 31
0.0
  0
LINE
  5
436
100
AcDbEntity
100
AcDbLine
  8
0
 62
0
370
0
  6
CONTINUOUS
 10
524.0434180000002016
 20
672.3999999999999773
 30
0.0
 11
536.7713400000002366
 21
672.3999999999999773
 31
0.0
  0
LINE
  5
437
100
AcDbEntity
100
AcDbLine
  8
0
 62
0
370
0
  6
CONTINUOUS
 10
493.779248000000166
 20
682.0
 30
0.0
 11
501.5574220000000878
 21
682.0
 31
0.0
  0
LINE
  5
438
100
AcDbEntity
100
AcDbLine
  8
0
 62
0
370
0
  6
CONTINUOUS
 10
484.7713400000001229
 20
675.0
 30
0.0
 11
484.7713400000001229
 21
692.0
 31
0.0
  0
LINE
  5
439
100
AcDbEntity
100
AcDbLine
  8
0
 62
0
370
0
  6
CONTINUOUS
 10
484.7713400000001229
 20
640.0
 30
0.0
 11
484.7713400000001229
 21
672.3999999999999773
 31
0.0
  0
LINE
  5
43A
100
AcDbEntity
100
AcDbLine
  8
0
 62
0
370
0
  6
CONTINUOUS
 10
484.7713400000001229
 20
672.3999999999999773
 30
0.0
 11
484.7713400000001229
 21
675.0
 31
0.0
  0
LINE
  5
43B
100
AcDbEntity
100
AcDbLine
  8
0
 62
0
370
0
  6
CONTINUOUS
 10
518.0330100000002176
 20
675.0
 30
0.0
 11
524.0434180000002016
 21
675.0
 31
0.0
  0
LINE
  5
43C
100
AcDbEntity
100
AcDbLine
  8
0
 62
0
370
0
  6
CONTINUOUS
 10
524.0434180000002016
 20
675.0
 30
0.0
 11
524.5737480000002506
 21
675.0
 31
0.0
  0
LINE
  5
43D
100
AcDbEntity
100
AcDbLine
  8
0
 62
0
370
0
  6
CONTINUOUS
 10
524.5737480000002506
 20
675.0
 30
0.0
 11
528.2860580000002528
 21
675.0
 31
0.0
  0
LINE
  5
43E
100
AcDbEntity
100
AcDbLine
  8
0
 62
0
370
0
  6
CONTINUOUS
 10
532.1751460000001543
 20
646.0
 30
0.0
 11
532.1751460000001543
 21
648.0
 31
0.0
  0
LINE
  5
43F
100
AcDbEntity
100
AcDbLine
  8
0
 62
0
370
0
  6
CONTINUOUS
 10
532.1751460000001543
 20
648.0
 30
0.0
 11
532.1751460000001543
 21
669.4000000000000909
 31
0.0
  0
LINE
  5
440
100
AcDbEntity
100
AcDbLine
  8
0
 62
0
370
0
  6
CONTINUOUS
 10
507.5330100000001039
 20
690.0
 30
0.0
 11
513.5330100000001039
 21
690.0
 31
0.0
  0
LINE
  5
441
100
AcDbEntity
100
AcDbLine
  8
0
 62
0
370
0
  6
CONTINUOUS
 10
513.5330100000001039
 20
690.0
 30
0.0
 11
522.5330100000002176
 21
690.0
 31
0.0
  0
LINE
  5
442
100
AcDbEntity
100
AcDbLine
  8
0
 62
0
370
0
  6
CONTINUOUS
 10
522.5330100000002176
 20
690.0
 30
0.0
 11
528.5330100000002176
 21
690.0
 31
0.0
  0
LINE
  5
443
100
AcDbEntity
100
AcDbLine
  8
tornillos
 62
0
370
0
  6
CONTINUOUS
 10
501.5574220000000878
 20
682.0
 30
0.0
 11
491.6256490000001804
 21
679.5213560000000825
 31
0.0
  0
LINE
  5
444
100
AcDbEntity
100
AcDbLine
  8
tornillos
 62
0
370
0
  6
CONTINUOUS
 10
491.6256490000001804
 20
679.5213560000000825
 30
0.0
 11
489.5366070000001173
 21
679.0
 31
0.0
  0
LINE
  5
445
100
AcDbEntity
100
AcDbLine
  8
0
 62
0
370
0
  6
CONTINUOUS
 10
528.3639380000001893
 20
646.0
 30
0.0
 11
489.5366070000001173
 21
646.0
 31
0.0
  0
LINE
  5
446
100
AcDbEntity
100
AcDbLine
  8
0
 62
0
370
0
  6
CONTINUOUS
 10
489.5366070000001173
 20
646.0
 30
0.0
 11
484.7713400000001229
 21
646.0
 31
0.0
  0
LINE
  5
447
100
AcDbEntity
100
AcDbLine
  8
0
 62
0
370
0
  6
CONTINUOUS
 10
501.5574220000000878
 20
682.0
 30
0.0
 11
510.5330100000001039
 21
682.0
 31
0.0
  0
LINE
  5
448
100
AcDbEntity
100
AcDbLine
  8
0
 62
0
370
0
  6
CONTINUOUS
 10
510.5330100000001039
 20
682.0
 30
0.0
 11
516.6187960000002022
 21
682.0
 31
0.0
  0
LINE
  5
449
100
AcDbEntity
100
AcDbLine
  8
0
 62
0
370
0
  6
CONTINUOUS
 10
528.2860580000002528
 20
675.0
 30
0.0
 11
532.1751460000001543
 21
675.0
 31
0.0
  0
LINE
  5
44A
100
AcDbEntity
100
AcDbLine
  8
0
 62
0
370
0
  6
CONTINUOUS
 10
532.1751460000001543
 20
675.0
 30
0.0
 11
536.7713400000002366
 21
675.0
 31
0.0
  0
LINE
  5
44B
100
AcDbEntity
100
AcDbLine
  8
0
 62
0
370
0
  6
CONTINUOUS
 10
516.6187960000002022
 20
682.0
 30
0.0
 11
525.5330100000002176
 21
682.0
 31
0.0
  0
LINE
  5
44C
100
AcDbEntity
100
AcDbLine
  8
0
 62
0
370
0
  6
CONTINUOUS
 10
525.5330100000002176
 20
682.0
 30
0.0
 11
530.7609330000002501
 21
682.0
 31
0.0
  0
LINE
  5
44D
100
AcDbEntity
100
AcDbLine
  8
0
 62
0
370
0
  6
CONTINUOUS
 10
484.7713400000001229
 20
673.3999999999999773
 30
0.0
 11
484.7713400000001229
 21
675.0
 31
0.0
  0
LINE
  5
44E
100
AcDbEntity
100
AcDbLine
  8
0
 62
0
370
0
  6
CONTINUOUS
 10
484.7713400000001229
 20
675.0
 30
0.0
 11
484.7713400000001229
 21
676.3999999999999773
 31
0.0
  0
LINE
  5
44F
100
AcDbEntity
100
AcDbLine
  8
0
 62
0
370
0
  6
CONTINUOUS
 10
518.0330100000002176
 20
669.4000000000000909
 30
0.0
 11
532.1751460000001543
 21
669.4000000000000909
 31
0.0
  0
LINE
  5
450
100
AcDbEntity
100
AcDbLine
  8
0
 62
0
370
0
  6
CONTINUOUS
 10
532.1751460000001543
 20
669.4000000000000909
 30
0.0
 11
536.7713400000002366
 21
669.4000000000000909
 31
0.0
  0
LINE
  5
451
100
AcDbEntity
100
AcDbLine
  8
0
 62
0
370
0
  6
CONTINUOUS
 10
557.1256080000001703
 20
762.6205799999999044
 30
0.0
 11
609.1256080000001703
 21
762.6205799999999044
 31
0.0
  0
LINE
  5
452
100
AcDbEntity
100
AcDbLine
  8
0
 62
0
370
0
  6
CONTINUOUS
 10
557.1256080000001703
 20
710.6205799999999044
 30
0.0
 11
570.0226030000002311
 21
710.6205799999999044
 31
0.0
  0
ARC
  5
453
100
AcDbEntity
  8
0
 62
0
370
0
  6
CONTINUOUS
100
AcDbCircle
 10
576.0330100000002176
 20
716.6309880000000021
 30
0.0
 40
1.0
100
AcDbArc
 50
225.0
 51
315.0
  0
CIRCLE
  5
454
100
AcDbEntity
100
AcDbCircle
  8
0
 62
0
370
0
  6
CONTINUOUS
 10
590.3872780000001512
 20
743.7131780000000845
 30
0.0
 40
1.3999999999999999
  0
ARC
  5
455
100
AcDbEntity
  8
0
 62
0
370
0
  6
CONTINUOUS
100
AcDbCircle
 10
590.3872780000001512
 20
756.4411000000000058
 30
0.0
 40
1.0
100
AcDbArc
 50
45.0
 51
135.0
  0
LINE
  5
456
100
AcDbEntity
100
AcDbLine
  8
0
 62
0
370
0
  6
CONTINUOUS
 10
623.4798760000002176
 20
710.4515079999999898
 30
0.0
 11
623.4798760000002176
 21
762.4515079999999898
 31
0.0
  0
ARC
  5
457
100
AcDbEntity
  8
0
 62
0
370
0
  6
CONTINUOUS
100
AcDbCircle
 10
590.3872780000001512
 20
743.7131780000000845
 30
0.0
 40
10.5
100
AcDbArc
 50
103.4925929999999994
 51
237.7855440000000158
  0
LINE
  5
458
100
AcDbEntity
100
AcDbLine
  8
0
 62
0
370
0
  6
CONTINUOUS
 10
609.1256080000001703
 20
759.0073160000000598
 30
0.0
 11
609.1256080000001703
 21
762.6205799999999044
 31
0.0
  0
LINE
  5
459
100
AcDbEntity
100
AcDbLine
  8
0
 62
0
370
0
  6
CONTINUOUS
 10
626.4798760000002176
 20
710.4515079999999898
 30
0.0
 11
626.4798760000002176
 21
762.4515079999999898
 31
0.0
  0
LINE
  5
45A
100
AcDbEntity
100
AcDbLine
  8
0
 62
0
370
0
  6
CONTINUOUS
 10
554.1256080000001703
 20
710.6205799999999044
 30
0.0
 11
554.1256080000001703
 21
762.6205799999999044
 31
0.0
  0
LINE
  5
45B
100
AcDbEntity
100
AcDbLine
  8
0
 62
0
370
0
  6
CONTINUOUS
 10
557.1256080000001703
 20
710.6205799999999044
 30
0.0
 11
557.1256080000001703
 21
762.6205799999999044
 31
0.0
  0
LINE
  5
45C
100
AcDbEntity
100
AcDbLine
  8
0
 62
0
370
0
  6
CONTINUOUS
 10
554.1256080000001703
 20
762.6205799999999044
 30
0.0
 11
557.1256080000001703
 21
762.6205799999999044
 31
0.0
  0
LINE
  5
45D
100
AcDbEntity
100
AcDbLine
  8
0
 62
0
370
0
  6
CONTINUOUS
 10
554.1256080000001703
 20
710.6205799999999044
 30
0.0
 11
557.1256080000001703
 21
710.6205799999999044
 31
0.0
  0
LINE
  5
45E
100
AcDbEntity
100
AcDbLine
  8
0
 62
0
370
0
  6
CONTINUOUS
 10
623.4798760000002176
 20
710.4515079999999898
 30
0.0
 11
626.4798760000002176
 21
710.4515079999999898
 31
0.0
  0
LINE
  5
45F
100
AcDbEntity
100
AcDbLine
  8
0
 62
0
370
0
  6
CONTINUOUS
 10
626.4798760000002176
 20
762.4515079999999898
 30
0.0
 11
623.4798760000002176
 21
762.4515079999999898
 31
0.0
  0
LINE
  5
460
100
AcDbEntity
100
AcDbLine
  8
0
 62
0
370
0
  6
CONTINUOUS
 10
575.3259040000002642
 20
715.923881999999935
 30
0.0
 11
570.0226030000002311
 21
710.6205799999999044
 31
0.0
  0
ARC
  5
461
100
AcDbEntity
  8
0
 62
0
370
0
  6
CONTINUOUS
100
AcDbCircle
 10
596.9633710000001656
 20
757.0774959999999965
 30
0.0
 40
1.5
100
AcDbArc
 50
333.6444720000000075
 51
233.3407140000000197
  0
LINE
  5
462
100
AcDbEntity
100
AcDbLine
  8
0
 62
0
370
0
  6
CONTINUOUS
 10
575.3259040000002642
 20
715.923881999999935
 30
0.0
 11
571.6724220000002106
 21
719.5773639999999887
 31
0.0
  0
LINE
  5
463
100
AcDbEntity
100
AcDbLine
  8
0
 62
0
370
0
  6
CONTINUOUS
 10
576.7401170000001684
 20
715.9238810000000512
 30
0.0
 11
591.4495840000001863
 21
730.6333479999999554
 31
0.0
  0
LINE
  5
464
100
AcDbEntity
100
AcDbLine
  8
0
 62
0
370
0
  6
CONTINUOUS
 10
557.1256080000001703
 20
710.4515079999999898
 30
0.0
 11
571.6724220000002106
 21
719.5773639999999887
 31
0.0
  0
LINE
  5
465
100
AcDbEntity
100
AcDbLine
  8
0
 62
0
370
0
  6
CONTINUOUS
 10
571.6724220000002106
 20
719.5773639999999887
 30
0.0
 11
590.3750900000002275
 21
731.3103709999999182
 31
0.0
  0
LINE
  5
466
100
AcDbEntity
100
AcDbLine
  8
0
 62
0
370
0
  6
CONTINUOUS
 10
623.4798760000002176
 20
710.4515079999999898
 30
0.0
 11
591.4495840000001863
 21
730.6333479999999554
 31
0.0
  0
LINE
  5
467
100
AcDbEntity
100
AcDbLine
  8
0
 62
0
370
0
  6
CONTINUOUS
 10
591.4495840000001863
 20
730.6333479999999554
 30
0.0
 11
590.3750900000002275
 21
731.3103709999999182
 31
0.0
  0
LINE
  5
468
100
AcDbEntity
100
AcDbLine
  8
0
 62
0
370
0
  6
CONTINUOUS
 10
590.3750900000002275
 20
731.3103709999999182
 30
0.0
 11
584.7898350000002665
 21
734.8295620000000099
 31
0.0
  0
LINE
  5
469
100
AcDbEntity
100
AcDbLine
  8
0
 62
0
370
0
  6
CONTINUOUS
 10
623.4798760000002176
 20
762.4515079999999898
 30
0.0
 11
593.0842680000001792
 21
755.1583239999999932
 31
0.0
  0
LINE
  5
46A
100
AcDbEntity
100
AcDbLine
  8
0
 62
0
370
0
  6
CONTINUOUS
 10
557.1256080000001703
 20
762.4515079999999898
 30
0.0
 11
587.685573000000204
 21
755.153609000000074
 31
0.0
  0
LINE
  5
46B
100
AcDbEntity
100
AcDbLine
  8
0
 62
0
370
0
  6
CONTINUOUS
 10
587.685573000000204
 20
755.153609000000074
 30
0.0
 11
590.3814770000002454
 21
754.5098110000000133
 31
0.0
  0
LINE
  5
46C
100
AcDbEntity
100
AcDbLine
  8
0
 62
0
370
0
  6
CONTINUOUS
 10
593.0842680000001792
 20
755.1583239999999932
 30
0.0
 11
590.3814770000002454
 21
754.5098110000000133
 31
0.0
  0
LINE
  5
46D
100
AcDbEntity
100
AcDbLine
  8
0
 62
0
370
0
  6
CONTINUOUS
 10
590.3814770000002454
 20
754.5098110000000133
 30
0.0
 11
587.9374210000001995
 21
753.9233789999999544
 31
0.0
  0
LINE
  5
46E
100
AcDbEntity
100
AcDbLine
  8
0
 62
0
370
0
  6
CONTINUOUS
 10
590.3872780000001512
 20
757.8553140000000212
 30
0.0
 11
587.685573000000204
 21
755.153609000000074
 31
0.0
  0
LINE
  5
46F
100
AcDbEntity
100
AcDbLine
  8
0
 62
0
370
0
  6
CONTINUOUS
 10
593.0842680000001792
 20
755.1583239999999932
 30
0.0
 11
590.3872780000001512
 21
757.8553140000000212
 31
0.0
  0
LINE
  5
470
100
AcDbEntity
100
AcDbLine
  8
0
 62
0
370
0
  6
CONTINUOUS
 10
557.1256080000001703
 20
676.3999999999999773
 30
0.0
 11
557.1256080000001703
 21
679.0
 31
0.0
  0
LINE
  5
471
100
AcDbEntity
100
AcDbLine
  8
0
 62
0
370
0
  6
CONTINUOUS
 10
623.4798760000002176
 20
692.0
 30
0.0
 11
623.4798760000002176
 21
640.0
 31
0.0
  0
LINE
  5
472
100
AcDbEntity
100
AcDbLine
  8
0
 62
0
370
0
  6
CONTINUOUS
 10
626.4798760000002176
 20
692.0
 30
0.0
 11
626.4798760000002176
 21
640.0
 31
0.0
  0
LINE
  5
473
100
AcDbEntity
100
AcDbLine
  8
0
 62
0
370
0
  6
CONTINUOUS
 10
623.4798760000002176
 20
640.0
 30
0.0
 11
626.4798760000002176
 21
640.0
 31
0.0
  0
LINE
  5
474
100
AcDbEntity
100
AcDbLine
  8
0
 62
0
370
0
  6
CONTINUOUS
 10
623.4798760000002176
 20
692.0
 30
0.0
 11
626.4798760000002176
 21
692.0
 31
0.0
  0
LINE
  5
475
100
AcDbEntity
100
AcDbLine
  8
0
 62
0
370
0
  6
CONTINUOUS
 10
579.8872780000001512
 20
643.0
 30
0.0
 11
623.4798760000002176
 21
643.0
 31
0.0
  0
LINE
  5
476
100
AcDbEntity
100
AcDbLine
  8
0
 62
0
370
0
  6
CONTINUOUS
 10
579.8872780000001512
 20
640.0
 30
0.0
 11
579.8872780000001512
 21
643.0
 31
0.0
  0
LINE
  5
477
100
AcDbEntity
100
AcDbLine
  8
0
 62
0
370
0
  6
CONTINUOUS
 10
623.4798760000002176
 20
640.0
 30
0.0
 11
623.4798760000002176
 21
643.0
 31
0.0
  0
LINE
  5
478
100
AcDbEntity
100
AcDbLine
  8
0
 62
0
370
0
  6
CONTINUOUS
 10
579.8872780000001512
 20
640.0
 30
0.0
 11
623.4798760000002176
 21
640.0
 31
0.0
  0
LINE
  5
479
100
AcDbEntity
100
AcDbLine
  8
0
 62
0
370
0
  6
CONTINUOUS
 10
554.1256080000001703
 20
640.0
 30
0.0
 11
554.1256080000001703
 21
692.0
 31
0.0
  0
LINE
  5
47A
100
AcDbEntity
100
AcDbLine
  8
0
 62
0
370
0
  6
CONTINUOUS
 10
554.1256080000001703
 20
692.0
 30
0.0
 11
557.1256080000001703
 21
692.0
 31
0.0
  0
LINE
  5
47B
100
AcDbEntity
100
AcDbLine
  8
0
 62
0
370
0
  6
CONTINUOUS
 10
554.1256080000001703
 20
640.0
 30
0.0
 11
557.1256080000001703
 21
640.0
 31
0.0
  0
LINE
  5
47C
100
AcDbEntity
100
AcDbLine
  8
0
 62
0
370
0
  6
CONTINUOUS
 10
600.7182060000002366
 20
643.0
 30
0.0
 11
600.7182060000002366
 21
646.0
 31
0.0
  0
LINE
  5
47D
100
AcDbEntity
100
AcDbLine
  8
0
 62
0
370
0
  6
CONTINUOUS
 10
557.1256080000001703
 20
643.0
 30
0.0
 11
557.1256080000001703
 21
646.0
 31
0.0
  0
LINE
  5
47E
100
AcDbEntity
100
AcDbLine
  8
0
 62
0
370
0
  6
CONTINUOUS
 10
600.7182060000002366
 20
643.0
 30
0.0
 11
557.1256080000001703
 21
643.0
 31
0.0
  0
LINE
  5
47F
100
AcDbEntity
100
AcDbLine
  8
0
 62
0
370
0
  6
CONTINUOUS
 10
561.8908750000001646
 20
646.0
 30
0.0
 11
604.5294140000002017
 21
646.0
 31
0.0
  0
LINE
  5
480
100
AcDbEntity
100
AcDbLine
  8
0
 62
0
370
0
  6
CONTINUOUS
 10
561.8908750000001646
 20
675.0
 30
0.0
 11
561.8908750000001646
 21
679.0
 31
0.0
  0
LINE
  5
481
100
AcDbEntity
100
AcDbLine
  8
0
 62
0
370
0
  6
CONTINUOUS
 10
609.1256080000001703
 20
672.3999999999999773
 30
0.0
 11
609.1256080000001703
 21
675.0
 31
0.0
  0
LINE
  5
482
100
AcDbEntity
100
AcDbLine
  8
0
 62
0
370
0
  6
CONTINUOUS
 10
561.8908750000001646
 20
679.0
 30
0.0
 11
563.9799170000002277
 21
679.5213560000000825
 31
0.0
  0
LINE
  5
483
100
AcDbEntity
100
AcDbLine
  8
0
 62
0
370
0
  6
CONTINUOUS
 10
563.9799170000002277
 20
679.5213560000000825
 30
0.0
 11
566.1335160000002134
 21
682.0
 31
0.0
  0
LINE
  5
484
100
AcDbEntity
100
AcDbLine
  8
0
 62
0
370
0
  6
CONTINUOUS
 10
603.1152010000001837
 20
682.0
 30
0.0
 11
604.5294140000002017
 21
679.0
 31
0.0
  0
LINE
  5
485
100
AcDbEntity
100
AcDbLine
  8
0
 62
0
370
0
  6
CONTINUOUS
 10
582.8872780000001512
 20
682.0
 30
0.0
 11
597.8872780000001512
 21
682.0
 31
0.0
  0
LINE
  5
486
100
AcDbEntity
100
AcDbLine
  8
0
 62
0
370
0
  6
CONTINUOUS
 10
585.3872780000001512
 20
684.0
 30
0.0
 11
582.8872780000001512
 21
682.0
 31
0.0
  0
LINE
  5
487
100
AcDbEntity
100
AcDbLine
  8
0
 62
0
370
0
  6
CONTINUOUS
 10
585.3872780000001512
 20
684.0
 30
0.0
 11
595.3872780000001512
 21
684.0
 31
0.0
  0
LINE
  5
488
100
AcDbEntity
100
AcDbLine
  8
0
 62
0
370
0
  6
CONTINUOUS
 10
595.3872780000001512
 20
684.0
 30
0.0
 11
597.8872780000001512
 21
682.0
 31
0.0
  0
LINE
  5
489
100
AcDbEntity
100
AcDbLine
  8
0
 62
0
370
0
  6
CONTINUOUS
 10
587.3872780000001512
 20
685.0
 30
0.0
 11
593.3872780000001512
 21
685.0
 31
0.0
  0
LINE
  5
48A
100
AcDbEntity
100
AcDbLine
  8
0
 62
0
370
0
  6
CONTINUOUS
 10
593.3872780000001512
 20
684.0
 30
0.0
 11
593.3872780000001512
 21
685.0
 31
0.0
  0
LINE
  5
48B
100
AcDbEntity
100
AcDbLine
  8
0
 62
0
370
0
  6
CONTINUOUS
 10
587.3872780000001512
 20
684.0
 30
0.0
 11
587.3872780000001512
 21
685.0
 31
0.0
  0
LINE
  5
48C
100
AcDbEntity
100
AcDbLine
  8
0
 62
0
370
0
  6
CONTINUOUS
 10
579.8872780000001512
 20
688.0
 30
0.0
 11
600.8872780000001512
 21
688.0
 31
0.0
  0
LINE
  5
48D
100
AcDbEntity
100
AcDbLine
  8
0
 62
0
370
0
  6
CONTINUOUS
 10
587.3872780000001512
 20
691.0
 30
0.0
 11
585.8872780000001512
 21
690.0
 31
0.0
  0
LINE
  5
48E
100
AcDbEntity
100
AcDbLine
  8
0
 62
0
370
0
  6
CONTINUOUS
 10
593.3872780000001512
 20
691.0
 30
0.0
 11
594.8872780000001512
 21
690.0
 31
0.0
  0
LINE
  5
48F
100
AcDbEntity
100
AcDbLine
  8
0
 62
0
370
0
  6
CONTINUOUS
 10
587.3872780000001512
 20
691.0
 30
0.0
 11
593.3872780000001512
 21
691.0
 31
0.0
  0
LINE
  5
490
100
AcDbEntity
100
AcDbLine
  8
0
 62
0
370
0
  6
CONTINUOUS
 10
579.8872780000001512
 20
688.0
 30
0.0
 11
579.8872780000001512
 21
690.0
 31
0.0
  0
LINE
  5
491
100
AcDbEntity
100
AcDbLine
  8
0
 62
0
370
0
  6
CONTINUOUS
 10
600.8872780000001512
 20
688.0
 30
0.0
 11
600.8872780000001512
 21
690.0
 31
0.0
  0
LINE
  5
492
100
AcDbEntity
100
AcDbLine
  8
0
 62
0
370
0
  6
CONTINUOUS
 10
586.3872780000001512
 20
685.0
 30
0.0
 11
594.3872780000001512
 21
685.0
 31
0.0
  0
LINE
  5
493
100
AcDbEntity
100
AcDbLine
  8
0
 62
0
370
0
  6
CONTINUOUS
 10
609.1256080000001703
 20
672.3999999999999773
 30
0.0
 11
609.1256080000001703
 21
669.4000000000000909
 31
0.0
  0
LINE
  5
494
100
AcDbEntity
100
AcDbLine
  8
0
 62
0
370
0
  6
CONTINUOUS
 10
579.8872780000001512
 20
685.0
 30
0.0
 11
600.8872780000001512
 21
685.0
 31
0.0
  0
LINE
  5
495
100
AcDbEntity
100
AcDbLine
  8
0
 62
0
370
0
  6
CONTINUOUS
 10
579.8872780000001512
 20
688.0
 30
0.0
 11
623.4798760000002176
 21
688.0
 31
0.0
  0
LINE
  5
496
100
AcDbEntity
100
AcDbLine
  8
0
 62
0
370
0
  6
CONTINUOUS
 10
579.8872780000001512
 20
685.0
 30
0.0
 11
579.8872780000001512
 21
688.0
 31
0.0
  0
LINE
  5
497
100
AcDbEntity
100
AcDbLine
  8
0
 62
0
370
0
  6
CONTINUOUS
 10
623.4798760000002176
 20
685.0
 30
0.0
 11
623.4798760000002176
 21
688.0
 31
0.0
  0
LINE
  5
498
100
AcDbEntity
100
AcDbLine
  8
0
 62
0
370
0
  6
CONTINUOUS
 10
579.8872780000001512
 20
685.0
 30
0.0
 11
623.4798760000002176
 21
685.0
 31
0.0
  0
LINE
  5
499
100
AcDbEntity
100
AcDbLine
  8
tornillos
 62
0
370
0
  6
CONTINUOUS
 10
595.1872780000002194
 20
685.0
 30
0.0
 11
600.5872780000001967
 21
685.0
 31
0.0
  0
LINE
  5
49A
100
AcDbEntity
100
AcDbLine
  8
tornillos
 62
0
370
0
  6
CONTINUOUS
 10
580.1872780000002194
 20
685.0
 30
0.0
 11
585.5872780000001967
 21
685.0
 31
0.0
  0
LINE
  5
49B
100
AcDbEntity
100
AcDbLine
  8
0
 62
0
370
0
  6
CONTINUOUS
 10
604.5294140000002017
 20
675.0
 30
0.0
 11
604.5294140000002017
 21
679.0
 31
0.0
  0
LINE
  5
49C
100
AcDbEntity
100
AcDbLine
  8
0
 62
0
370
0
  6
CONTINUOUS
 10
596.3976860000002489
 20
675.0
 30
0.0
 11
596.3976860000002489
 21
672.3999999999999773
 31
0.0
  0
LINE
  5
49D
100
AcDbEntity
100
AcDbLine
  8
0
 62
0
370
0
  6
CONTINUOUS
 10
590.3872780000001512
 20
679.0
 30
0.0
 11
588.9730640000002495
 21
682.0
 31
0.0
  0
LINE
  5
49E
100
AcDbEntity
100
AcDbLine
  8
0
 62
0
370
0
  6
CONTINUOUS
 10
600.6403260000001865
 20
675.0
 30
0.0
 11
597.9886760000001686
 21
677.1797809999999345
 31
0.0
  0
LINE
  5
49F
100
AcDbEntity
100
AcDbLine
  8
0
 62
0
370
0
  6
CONTINUOUS
 10
599.5796660000002021
 20
675.0
 30
0.0
 11
596.9280160000001842
 21
677.1797809999999345
 31
0.0
  0
LINE
  5
4A0
100
AcDbEntity
100
AcDbLine
  8
0
 62
0
370
0
  6
CONTINUOUS
 10
596.9280160000001842
 20
677.1797809999999345
 30
0.0
 11
596.9280160000001842
 21
675.0
 31
0.0
  0
LINE
  5
4A1
100
AcDbEntity
100
AcDbLine
  8
0
 62
0
370
0
  6
CONTINUOUS
 10
596.9280160000001842
 20
677.1797809999999345
 30
0.0
 11
597.9886760000001686
 21
677.1797809999999345
 31
0.0
  0
LINE
  5
4A2
100
AcDbEntity
100
AcDbLine
  8
0
 62
0
370
0
  6
CONTINUOUS
 10
557.1256080000001703
 20
675.0
 30
0.0
 11
561.8908750000001646
 21
675.0
 31
0.0
  0
LINE
  5
4A3
100
AcDbEntity
100
AcDbLine
  8
0
 62
0
370
0
  6
CONTINUOUS
 10
590.3872780000001512
 20
679.0
 30
0.0
 11
604.5294140000002017
 21
679.0
 31
0.0
  0
LINE
  5
4A4
100
AcDbEntity
100
AcDbLine
  8
0
 62
0
370
0
  6
CONTINUOUS
 10
590.3872780000001512
 20
675.0
 30
0.0
 11
590.3872780000001512
 21
679.0
 31
0.0
  0
LINE
  5
4A5
100
AcDbEntity
100
AcDbLine
  8
0
 62
0
370
0
  6
CONTINUOUS
 10
557.1256080000001703
 20
672.3999999999999773
 30
0.0
 11
590.3872780000001512
 21
672.3999999999999773
 31
0.0
  0
LINE
  5
4A6
100
AcDbEntity
100
AcDbLine
  8
0
 62
0
370
0
  6
CONTINUOUS
 10
557.1256080000001703
 20
669.4000000000000909
 30
0.0
 11
561.8908750000001646
 21
669.4000000000000909
 31
0.0
  0
LINE
  5
4A7
100
AcDbEntity
100
AcDbLine
  8
0
 62
0
370
0
  6
CONTINUOUS
 10
561.8908750000001646
 20
669.4000000000000909
 30
0.0
 11
590.3872780000001512
 21
669.4000000000000909
 31
0.0
  0
LINE
  5
4A8
100
AcDbEntity
100
AcDbLine
  8
0
 62
0
370
0
  6
CONTINUOUS
 10
561.8908750000001646
 20
648.0
 30
0.0
 11
590.3872780000001512
 21
648.0
 31
0.0
  0
LINE
  5
4A9
100
AcDbEntity
100
AcDbLine
  8
0
 62
0
370
0
  6
CONTINUOUS
 10
590.3872780000001512
 20
648.0
 30
0.0
 11
604.5294140000002017
 21
648.0
 31
0.0
  0
LINE
  5
4AA
100
AcDbEntity
100
AcDbLine
  8
0
 62
0
370
0
  6
CONTINUOUS
 10
561.8908750000001646
 20
646.0
 30
0.0
 11
561.8908750000001646
 21
648.0
 31
0.0
  0
LINE
  5
4AB
100
AcDbEntity
100
AcDbLine
  8
0
 62
0
370
0
  6
CONTINUOUS
 10
561.8908750000001646
 20
648.0
 30
0.0
 11
561.8908750000001646
 21
669.4000000000000909
 31
0.0
  0
LINE
  5
4AC
100
AcDbEntity
100
AcDbLine
  8
0
 62
0
370
0
  6
CONTINUOUS
 10
590.3872780000001512
 20
669.4000000000000909
 30
0.0
 11
590.3872780000001512
 21
648.0
 31
0.0
  0
LINE
  5
4AD
100
AcDbEntity
100
AcDbLine
  8
0
 62
0
370
0
  6
CONTINUOUS
 10
590.3872780000001512
 20
648.0
 30
0.0
 11
590.3872780000001512
 21
646.0
 31
0.0
  0
LINE
  5
4AE
100
AcDbEntity
100
AcDbLine
  8
0
 62
0
370
0
  6
CONTINUOUS
 10
590.3872780000001512
 20
672.3999999999999773
 30
0.0
 11
596.3976860000002489
 21
672.3999999999999773
 31
0.0
  0
LINE
  5
4AF
100
AcDbEntity
100
AcDbLine
  8
0
 62
0
370
0
  6
CONTINUOUS
 10
596.3976860000002489
 20
672.3999999999999773
 30
0.0
 11
609.1256080000001703
 21
672.3999999999999773
 31
0.0
  0
LINE
  5
4B0
100
AcDbEntity
100
AcDbLine
  8
0
 62
0
370
0
  6
CONTINUOUS
 10
566.1335160000002134
 20
682.0
 30
0.0
 11
573.9116900000002488
 21
682.0
 31
0.0
  0
LINE
  5
4B1
100
AcDbEntity
100
AcDbLine
  8
0
 62
0
370
0
  6
CONTINUOUS
 10
557.1256080000001703
 20
675.0
 30
0.0
 11
557.1256080000001703
 21
692.0
 31
0.0
  0
LINE
  5
4B2
100
AcDbEntity
100
AcDbLine
  8
0
 62
0
370
0
  6
CONTINUOUS
 10
557.1256080000001703
 20
640.0
 30
0.0
 11
557.1256080000001703
 21
672.3999999999999773
 31
0.0
  0
LINE
  5
4B3
100
AcDbEntity
100
AcDbLine
  8
0
 62
0
370
0
  6
CONTINUOUS
 10
557.1256080000001703
 20
672.3999999999999773
 30
0.0
 11
557.1256080000001703
 21
675.0
 31
0.0
  0
LINE
  5
4B4
100
AcDbEntity
100
AcDbLine
  8
0
 62
0
370
0
  6
CONTINUOUS
 10
590.3872780000001512
 20
675.0
 30
0.0
 11
596.3976860000002489
 21
675.0
 31
0.0
  0
LINE
  5
4B5
100
AcDbEntity
100
AcDbLine
  8
0
 62
0
370
0
  6
CONTINUOUS
 10
596.3976860000002489
 20
675.0
 30
0.0
 11
596.9280160000001842
 21
675.0
 31
0.0
  0
LINE
  5
4B6
100
AcDbEntity
100
AcDbLine
  8
0
 62
0
370
0
  6
CONTINUOUS
 10
596.9280160000001842
 20
675.0
 30
0.0
 11
600.6403260000001865
 21
675.0
 31
0.0
  0
LINE
  5
4B7
100
AcDbEntity
100
AcDbLine
  8
0
 62
0
370
0
  6
CONTINUOUS
 10
604.5294140000002017
 20
646.0
 30
0.0
 11
604.5294140000002017
 21
648.0
 31
0.0
  0
LINE
  5
4B8
100
AcDbEntity
100
AcDbLine
  8
0
 62
0
370
0
  6
CONTINUOUS
 10
604.5294140000002017
 20
648.0
 30
0.0
 11
604.5294140000002017
 21
669.4000000000000909
 31
0.0
  0
LINE
  5
4B9
100
AcDbEntity
100
AcDbLine
  8
0
 62
0
370
0
  6
CONTINUOUS
 10
579.8872780000001512
 20
690.0
 30
0.0
 11
585.8872780000001512
 21
690.0
 31
0.0
  0
LINE
  5
4BA
100
AcDbEntity
100
AcDbLine
  8
0
 62
0
370
0
  6
CONTINUOUS
 10
585.8872780000001512
 20
690.0
 30
0.0
 11
594.8872780000001512
 21
690.0
 31
0.0
  0
LINE
  5
4BB
100
AcDbEntity
100
AcDbLine
  8
0
 62
0
370
0
  6
CONTINUOUS
 10
594.8872780000001512
 20
690.0
 30
0.0
 11
600.8872780000001512
 21
690.0
 31
0.0
  0
LINE
  5
4BC
100
AcDbEntity
100
AcDbLine
  8
tornillos
 62
0
370
0
  6
CONTINUOUS
 10
573.9116900000002488
 20
682.0
 30
0.0
 11
563.9799170000002277
 21
679.5213560000000825
 31
0.0
  0
LINE
  5
4BD
100
AcDbEntity
100
AcDbLine
  8
tornillos
 62
0
370
0
  6
CONTINUOUS
 10
563.9799170000002277
 20
679.5213560000000825
 30
0.0
 11
561.8908750000001646
 21
679.0
 31
0.0
  0
LINE
  5
4BE
100
AcDbEntity
100
AcDbLine
  8
0
 62
0
370
0
  6
CONTINUOUS
 10
600.7182060000002366
 20
646.0
 30
0.0
 11
561.8908750000001646
 21
646.0
 31
0.0
  0
LINE
  5
4BF
100
AcDbEntity
100
AcDbLine
  8
0
 62
0
370
0
  6
CONTINUOUS
 10
561.8908750000001646
 20
646.0
 30
0.0
 11
557.1256080000001703
 21
646.0
 31
0.0
  0
LINE
  5
4C0
100
AcDbEntity
100
AcDbLine
  8
0
 62
0
370
0
  6
CONTINUOUS
 10
573.9116900000002488
 20
682.0
 30
0.0
 11
582.8872780000001512
 21
682.0
 31
0.0
  0
LINE
  5
4C1
100
AcDbEntity
100
AcDbLine
  8
0
 62
0
370
0
  6
CONTINUOUS
 10
582.8872780000001512
 20
682.0
 30
0.0
 11
588.9730640000002495
 21
682.0
 31
0.0
  0
LINE
  5
4C2
100
AcDbEntity
100
AcDbLine
  8
0
 62
0
370
0
  6
CONTINUOUS
 10
600.6403260000001865
 20
675.0
 30
0.0
 11
604.5294140000002017
 21
675.0
 31
0.0
  0
LINE
  5
4C3
100
AcDbEntity
100
AcDbLine
  8
0
 62
0
370
0
  6
CONTINUOUS
 10
604.5294140000002017
 20
675.0
 30
0.0
 11
609.1256080000001703
 21
675.0
 31
0.0
  0
LINE
  5
4C4
100
AcDbEntity
100
AcDbLine
  8
0
 62
0
370
0
  6
CONTINUOUS
 10
588.9730640000002495
 20
682.0
 30
0.0
 11
597.8872780000001512
 21
682.0
 31
0.0
  0
LINE
  5
4C5
100
AcDbEntity
100
AcDbLine
  8
0
 62
0
370
0
  6
CONTINUOUS
 10
597.8872780000001512
 20
682.0
 30
0.0
 11
603.1152010000001837
 21
682.0
 31
0.0
  0
LINE
  5
4C6
100
AcDbEntity
100
AcDbLine
  8
0
 62
0
370
0
  6
CONTINUOUS
 10
557.1256080000001703
 20
673.3999999999999773
 30
0.0
 11
557.1256080000001703
 21
675.0
 31
0.0
  0
LINE
  5
4C7
100
AcDbEntity
100
AcDbLine
  8
0
 62
0
370
0
  6
CONTINUOUS
 10
557.1256080000001703
 20
675.0
 30
0.0
 11
557.1256080000001703
 21
676.3999999999999773
 31
0.0
  0
LINE
  5
4C8
100
AcDbEntity
100
AcDbLine
  8
0
 62
0
370
0
  6
CONTINUOUS
 10
590.3872780000001512
 20
669.4000000000000909
 30
0.0
 11
604.5294140000002017
 21
669.4000000000000909
 31
0.0
  0
LINE
  5
4C9
100
AcDbEntity
100
AcDbLine
  8
0
 62
0
370
0
  6
CONTINUOUS
 10
604.5294140000002017
 20
669.4000000000000909
 30
0.0
 11
609.1256080000001703
 21
669.4000000000000909
 31
0.0
  0
LINE
  5
4CA
100
AcDbEntity
100
AcDbLine
  8
0
 62
0
370
0
  6
CONTINUOUS
 10
629.4798760000002176
 20
762.6205799999999044
 30
0.0
 11
681.4798760000001039
 21
762.6205799999999044
 31
0.0
  0
LINE
  5
4CB
100
AcDbEntity
100
AcDbLine
  8
0
 62
0
370
0
  6
CONTINUOUS
 10
629.4798760000002176
 20
710.6205799999999044
 30
0.0
 11
642.376871000000051
 21
710.6205799999999044
 31
0.0
  0
ARC
  5
4CC
100
AcDbEntity
  8
0
 62
0
370
0
  6
CONTINUOUS
100
AcDbCircle
 10
648.3872780000000375
 20
716.6309880000000021
 30
0.0
 40
1.0
100
AcDbArc
 50
225.0
 51
315.0
  0
CIRCLE
  5
4CD
100
AcDbEntity
100
AcDbCircle
  8
0
 62
0
370
0
  6
CONTINUOUS
 10
662.7415460000000849
 20
743.7131780000000845
 30
0.0
 40
1.3999999999999999
  0
ARC
  5
4CE
100
AcDbEntity
  8
0
 62
0
370
0
  6
CONTINUOUS
100
AcDbCircle
 10
662.7415460000000849
 20
756.4411000000000058
 30
0.0
 40
1.0
100
AcDbArc
 50
45.0
 51
135.0
  0
LINE
  5
4CF
100
AcDbEntity
100
AcDbLine
  8
0
 62
0
370
0
  6
CONTINUOUS
 10
695.8341440000000375
 20
710.4515079999999898
 30
0.0
 11
695.8341440000000375
 21
762.4515079999999898
 31
0.0
  0
ARC
  5
4D0
100
AcDbEntity
  8
0
 62
0
370
0
  6
CONTINUOUS
100
AcDbCircle
 10
662.7415460000000849
 20
743.7131780000000845
 30
0.0
 40
10.5
100
AcDbArc
 50
103.4925929999999994
 51
237.7855440000000158
  0
LINE
  5
4D1
100
AcDbEntity
100
AcDbLine
  8
0
 62
0
370
0
  6
CONTINUOUS
 10
681.4798760000001039
 20
759.0073160000000598
 30
0.0
 11
681.4798760000001039
 21
762.6205799999999044
 31
0.0
  0
LINE
  5
4D2
100
AcDbEntity
100
AcDbLine
  8
0
 62
0
370
0
  6
CONTINUOUS
 10
698.8341440000000375
 20
710.4515079999999898
 30
0.0
 11
698.8341440000000375
 21
762.4515079999999898
 31
0.0
  0
LINE
  5
4D3
100
AcDbEntity
100
AcDbLine
  8
0
 62
0
370
0
  6
CONTINUOUS
 10
626.4798760000002176
 20
710.6205799999999044
 30
0.0
 11
626.4798760000002176
 21
762.6205799999999044
 31
0.0
  0
LINE
  5
4D4
100
AcDbEntity
100
AcDbLine
  8
0
 62
0
370
0
  6
CONTINUOUS
 10
629.4798760000002176
 20
710.6205799999999044
 30
0.0
 11
629.4798760000002176
 21
762.6205799999999044
 31
0.0
  0
LINE
  5
4D5
100
AcDbEntity
100
AcDbLine
  8
0
 62
0
370
0
  6
CONTINUOUS
 10
626.4798760000002176
 20
762.6205799999999044
 30
0.0
 11
629.4798760000002176
 21
762.6205799999999044
 31
0.0
  0
LINE
  5
4D6
100
AcDbEntity
100
AcDbLine
  8
0
 62
0
370
0
  6
CONTINUOUS
 10
626.4798760000002176
 20
710.6205799999999044
 30
0.0
 11
629.4798760000002176
 21
710.6205799999999044
 31
0.0
  0
LINE
  5
4D7
100
AcDbEntity
100
AcDbLine
  8
0
 62
0
370
0
  6
CONTINUOUS
 10
695.8341440000000375
 20
710.4515079999999898
 30
0.0
 11
698.8341440000000375
 21
710.4515079999999898
 31
0.0
  0
LINE
  5
4D8
100
AcDbEntity
100
AcDbLine
  8
0
 62
0
370
0
  6
CONTINUOUS
 10
698.8341440000000375
 20
762.4515079999999898
 30
0.0
 11
695.8341440000000375
 21
762.4515079999999898
 31
0.0
  0
LINE
  5
4D9
100
AcDbEntity
100
AcDbLine
  8
0
 62
0
370
0
  6
CONTINUOUS
 10
647.6801720000000842
 20
715.923881999999935
 30
0.0
 11
642.376871000000051
 21
710.6205799999999044
 31
0.0
  0
ARC
  5
4DA
100
AcDbEntity
  8
0
 62
0
370
0
  6
CONTINUOUS
100
AcDbCircle
 10
669.3176390000000993
 20
757.0774959999999965
 30
0.0
 40
1.5
100
AcDbArc
 50
333.6444720000000075
 51
233.3407140000000197
  0
LINE
  5
4DB
100
AcDbEntity
100
AcDbLine
  8
0
 62
0
370
0
  6
CONTINUOUS
 10
647.6801720000000842
 20
715.923881999999935
 30
0.0
 11
644.0266900000000305
 21
719.5773639999999887
 31
0.0
  0
LINE
  5
4DC
100
AcDbEntity
100
AcDbLine
  8
0
 62
0
370
0
  6
CONTINUOUS
 10
649.0943850000001021
 20
715.9238810000000512
 30
0.0
 11
663.8038520000001199
 21
730.6333479999999554
 31
0.0
  0
LINE
  5
4DD
100
AcDbEntity
100
AcDbLine
  8
0
 62
0
370
0
  6
CONTINUOUS
 10
629.4798760000002176
 20
710.4515079999999898
 30
0.0
 11
644.0266900000000305
 21
719.5773639999999887
 31
0.0
  0
LINE
  5
4DE
100
AcDbEntity
100
AcDbLine
  8
0
 62
0
370
0
  6
CONTINUOUS
 10
644.0266900000000305
 20
719.5773639999999887
 30
0.0
 11
662.7293580000000475
 21
731.3103709999999182
 31
0.0
  0
LINE
  5
4DF
100
AcDbEntity
100
AcDbLine
  8
0
 62
0
370
0
  6
CONTINUOUS
 10
695.8341440000000375
 20
710.4515079999999898
 30
0.0
 11
663.8038520000001199
 21
730.6333479999999554
 31
0.0
  0
LINE
  5
4E0
100
AcDbEntity
100
AcDbLine
  8
0
 62
0
370
0
  6
CONTINUOUS
 10
663.8038520000001199
 20
730.6333479999999554
 30
0.0
 11
662.7293580000000475
 21
731.3103709999999182
 31
0.0
  0
LINE
  5
4E1
100
AcDbEntity
100
AcDbLine
  8
0
 62
0
370
0
  6
CONTINUOUS
 10
662.7293580000000475
 20
731.3103709999999182
 30
0.0
 11
657.1441030000000865
 21
734.8295620000000099
 31
0.0
  0
LINE
  5
4E2
100
AcDbEntity
100
AcDbLine
  8
0
 62
0
370
0
  6
CONTINUOUS
 10
695.8341440000000375
 20
762.4515079999999898
 30
0.0
 11
665.4385360000001128
 21
755.1583239999999932
 31
0.0
  0
LINE
  5
4E3
100
AcDbEntity
100
AcDbLine
  8
0
 62
0
370
0
  6
CONTINUOUS
 10
629.4798760000002176
 20
762.4515079999999898
 30
0.0
 11
660.0398410000001377
 21
755.153609000000074
 31
0.0
  0
LINE
  5
4E4
100
AcDbEntity
100
AcDbLine
  8
0
 62
0
370
0
  6
CONTINUOUS
 10
660.0398410000001377
 20
755.153609000000074
 30
0.0
 11
662.7357450000000654
 21
754.5098110000000133
 31
0.0
  0
LINE
  5
4E5
100
AcDbEntity
100
AcDbLine
  8
0
 62
0
370
0
  6
CONTINUOUS
 10
665.4385360000001128
 20
755.1583239999999932
 30
0.0
 11
662.7357450000000654
 21
754.5098110000000133
 31
0.0
  0
LINE
  5
4E6
100
AcDbEntity
100
AcDbLine
  8
0
 62
0
370
0
  6
CONTINUOUS
 10
662.7357450000000654
 20
754.5098110000000133
 30
0.0
 11
660.2916890000001331
 21
753.9233789999999544
 31
0.0
  0
LINE
  5
4E7
100
AcDbEntity
100
AcDbLine
  8
0
 62
0
370
0
  6
CONTINUOUS
 10
662.7415460000000849
 20
757.8553140000000212
 30
0.0
 11
660.0398410000001377
 21
755.153609000000074
 31
0.0
  0
LINE
  5
4E8
100
AcDbEntity
100
AcDbLine
  8
0
 62
0
370
0
  6
CONTINUOUS
 10
665.4385360000001128
 20
755.1583239999999932
 30
0.0
 11
662.7415460000000849
 21
757.8553140000000212
 31
0.0
  0
LINE
  5
4E9
100
AcDbEntity
100
AcDbLine
  8
0
 62
0
370
0
  6
CONTINUOUS
 10
629.4798760000002176
 20
676.3999999999999773
 30
0.0
 11
629.4798760000002176
 21
679.0
 31
0.0
  0
LINE
  5
4EA
100
AcDbEntity
100
AcDbLine
  8
0
 62
0
370
0
  6
CONTINUOUS
 10
695.8341440000000375
 20
692.0
 30
0.0
 11
695.8341440000000375
 21
640.0
 31
0.0
  0
LINE
  5
4EB
100
AcDbEntity
100
AcDbLine
  8
0
 62
0
370
0
  6
CONTINUOUS
 10
698.8341440000000375
 20
692.0
 30
0.0
 11
698.8341440000000375
 21
640.0
 31
0.0
  0
LINE
  5
4EC
100
AcDbEntity
100
AcDbLine
  8
0
 62
0
370
0
  6
CONTINUOUS
 10
695.8341440000000375
 20
640.0
 30
0.0
 11
698.8341440000000375
 21
640.0
 31
0.0
  0
LINE
  5
4ED
100
AcDbEntity
100
AcDbLine
  8
0
 62
0
370
0
  6
CONTINUOUS
 10
695.8341440000000375
 20
692.0
 30
0.0
 11
698.8341440000000375
 21
692.0
 31
0.0
  0
LINE
  5
4EE
100
AcDbEntity
100
AcDbLine
  8
0
 62
0
370
0
  6
CONTINUOUS
 10
652.2415460000000849
 20
643.0
 30
0.0
 11
695.8341440000000375
 21
643.0
 31
0.0
  0
LINE
  5
4EF
100
AcDbEntity
100
AcDbLine
  8
0
 62
0
370
0
  6
CONTINUOUS
 10
652.2415460000000849
 20
640.0
 30
0.0
 11
652.2415460000000849
 21
643.0
 31
0.0
  0
LINE
  5
4F0
100
AcDbEntity
100
AcDbLine
  8
0
 62
0
370
0
  6
CONTINUOUS
 10
695.8341440000000375
 20
640.0
 30
0.0
 11
695.8341440000000375
 21
643.0
 31
0.0
  0
LINE
  5
4F1
100
AcDbEntity
100
AcDbLine
  8
0
 62
0
370
0
  6
CONTINUOUS
 10
652.2415460000000849
 20
640.0
 30
0.0
 11
695.8341440000000375
 21
640.0
 31
0.0
  0
LINE
  5
4F2
100
AcDbEntity
100
AcDbLine
  8
0
 62
0
370
0
  6
CONTINUOUS
 10
626.4798760000002176
 20
640.0
 30
0.0
 11
626.4798760000002176
 21
692.0
 31
0.0
  0
LINE
  5
4F3
100
AcDbEntity
100
AcDbLine
  8
0
 62
0
370
0
  6
CONTINUOUS
 10
626.4798760000002176
 20
692.0
 30
0.0
 11
629.4798760000002176
 21
692.0
 31
0.0
  0
LINE
  5
4F4
100
AcDbEntity
100
AcDbLine
  8
0
 62
0
370
0
  6
CONTINUOUS
 10
626.4798760000002176
 20
640.0
 30
0.0
 11
629.4798760000002176
 21
640.0
 31
0.0
  0
LINE
  5
4F5
100
AcDbEntity
100
AcDbLine
  8
0
 62
0
370
0
  6
CONTINUOUS
 10
673.0724740000000565
 20
643.0
 30
0.0
 11
673.0724740000000565
 21
646.0
 31
0.0
  0
LINE
  5
4F6
100
AcDbEntity
100
AcDbLine
  8
0
 62
0
370
0
  6
CONTINUOUS
 10
629.4798760000002176
 20
643.0
 30
0.0
 11
629.4798760000002176
 21
646.0
 31
0.0
  0
LINE
  5
4F7
100
AcDbEntity
100
AcDbLine
  8
0
 62
0
370
0
  6
CONTINUOUS
 10
673.0724740000000565
 20
643.0
 30
0.0
 11
629.4798760000002176
 21
643.0
 31
0.0
  0
LINE
  5
4F8
100
AcDbEntity
100
AcDbLine
  8
0
 62
0
370
0
  6
CONTINUOUS
 10
634.2451430000000983
 20
646.0
 30
0.0
 11
676.8836820000000216
 21
646.0
 31
0.0
  0
LINE
  5
4F9
100
AcDbEntity
100
AcDbLine
  8
0
 62
0
370
0
  6
CONTINUOUS
 10
634.2451430000000983
 20
675.0
 30
0.0
 11
634.2451430000000983
 21
679.0
 31
0.0
  0
LINE
  5
4FA
100
AcDbEntity
100
AcDbLine
  8
0
 62
0
370
0
  6
CONTINUOUS
 10
681.4798760000001039
 20
672.3999999999999773
 30
0.0
 11
681.4798760000001039
 21
675.0
 31
0.0
  0
LINE
  5
4FB
100
AcDbEntity
100
AcDbLine
  8
0
 62
0
370
0
  6
CONTINUOUS
 10
634.2451430000000983
 20
679.0
 30
0.0
 11
636.3341850000000477
 21
679.5213560000000825
 31
0.0
  0
LINE
  5
4FC
100
AcDbEntity
100
AcDbLine
  8
0
 62
0
370
0
  6
CONTINUOUS
 10
636.3341850000000477
 20
679.5213560000000825
 30
0.0
 11
638.4877840000000333
 21
682.0
 31
0.0
  0
LINE
  5
4FD
100
AcDbEntity
100
AcDbLine
  8
0
 62
0
370
0
  6
CONTINUOUS
 10
675.4694690000001174
 20
682.0
 30
0.0
 11
676.8836820000000216
 21
679.0
 31
0.0
  0
LINE
  5
4FE
100
AcDbEntity
100
AcDbLine
  8
0
 62
0
370
0
  6
CONTINUOUS
 10
655.2415460000000849
 20
682.0
 30
0.0
 11
670.2415460000000849
 21
682.0
 31
0.0
  0
LINE
  5
4FF
100
AcDbEntity
100
AcDbLine
  8
0
 62
0
370
0
  6
CONTINUOUS
 10
657.7415460000000849
 20
684.0
 30
0.0
 11
655.2415460000000849
 21
682.0
 31
0.0
  0
LINE
  5
500
100
AcDbEntity
100
AcDbLine
  8
0
 62
0
370
0
  6
CONTINUOUS
 10
657.7415460000000849
 20
684.0
 30
0.0
 11
667.7415460000000849
 21
684.0
 31
0.0
  0
LINE
  5
501
100
AcDbEntity
100
AcDbLine
  8
0
 62
0
370
0
  6
CONTINUOUS
 10
667.7415460000000849
 20
684.0
 30
0.0
 11
670.2415460000000849
 21
682.0
 31
0.0
  0
LINE
  5
502
100
AcDbEntity
100
AcDbLine
  8
0
 62
0
370
0
  6
CONTINUOUS
 10
659.7415460000000849
 20
685.0
 30
0.0
 11
665.7415460000000849
 21
685.0
 31
0.0
  0
LINE
  5
503
100
AcDbEntity
100
AcDbLine
  8
0
 62
0
370
0
  6
CONTINUOUS
 10
665.7415460000000849
 20
684.0
 30
0.0
 11
665.7415460000000849
 21
685.0
 31
0.0
  0
LINE
  5
504
100
AcDbEntity
100
AcDbLine
  8
0
 62
0
370
0
  6
CONTINUOUS
 10
659.7415460000000849
 20
684.0
 30
0.0
 11
659.7415460000000849
 21
685.0
 31
0.0
  0
LINE
  5
505
100
AcDbEntity
100
AcDbLine
  8
0
 62
0
370
0
  6
CONTINUOUS
 10
652.2415460000000849
 20
688.0
 30
0.0
 11
673.2415460000000849
 21
688.0
 31
0.0
  0
LINE
  5
506
100
AcDbEntity
100
AcDbLine
  8
0
 62
0
370
0
  6
CONTINUOUS
 10
659.7415460000000849
 20
691.0
 30
0.0
 11
658.2415460000000849
 21
690.0
 31
0.0
  0
LINE
  5
507
100
AcDbEntity
100
AcDbLine
  8
0
 62
0
370
0
  6
CONTINUOUS
 10
665.7415460000000849
 20
691.0
 30
0.0
 11
667.2415460000000849
 21
690.0
 31
0.0
  0
LINE
  5
508
100
AcDbEntity
100
AcDbLine
  8
0
 62
0
370
0
  6
CONTINUOUS
 10
659.7415460000000849
 20
691.0
 30
0.0
 11
665.7415460000000849
 21
691.0
 31
0.0
  0
LINE
  5
509
100
AcDbEntity
100
AcDbLine
  8
0
 62
0
370
0
  6
CONTINUOUS
 10
652.2415460000000849
 20
688.0
 30
0.0
 11
652.2415460000000849
 21
690.0
 31
0.0
  0
LINE
  5
50A
100
AcDbEntity
100
AcDbLine
  8
0
 62
0
370
0
  6
CONTINUOUS
 10
673.2415460000000849
 20
688.0
 30
0.0
 11
673.2415460000000849
 21
690.0
 31
0.0
  0
LINE
  5
50B
100
AcDbEntity
100
AcDbLine
  8
0
 62
0
370
0
  6
CONTINUOUS
 10
658.7415460000000849
 20
685.0
 30
0.0
 11
666.7415460000000849
 21
685.0
 31
0.0
  0
LINE
  5
50C
100
AcDbEntity
100
AcDbLine
  8
0
 62
0
370
0
  6
CONTINUOUS
 10
681.4798760000001039
 20
672.3999999999999773
 30
0.0
 11
681.4798760000001039
 21
669.4000000000000909
 31
0.0
  0
LINE
  5
50D
100
AcDbEntity
100
AcDbLine
  8
0
 62
0
370
0
  6
CONTINUOUS
 10
652.2415460000000849
 20
685.0
 30
0.0
 11
673.2415460000000849
 21
685.0
 31
0.0
  0
LINE
  5
50E
100
AcDbEntity
100
AcDbLine
  8
0
 62
0
370
0
  6
CONTINUOUS
 10
652.2415460000000849
 20
688.0
 30
0.0
 11
695.8341440000000375
 21
688.0
 31
0.0
  0
LINE
  5
50F
100
AcDbEntity
100
AcDbLine
  8
0
 62
0
370
0
  6
CONTINUOUS
 10
652.2415460000000849
 20
685.0
 30
0.0
 11
652.2415460000000849
 21
688.0
 31
0.0
  0
LINE
  5
510
100
AcDbEntity
100
AcDbLine
  8
0
 62
0
370
0
  6
CONTINUOUS
 10
695.8341440000000375
 20
685.0
 30
0.0
 11
695.8341440000000375
 21
688.0
 31
0.0
  0
LINE
  5
511
100
AcDbEntity
100
AcDbLine
  8
0
 62
0
370
0
  6
CONTINUOUS
 10
652.2415460000000849
 20
685.0
 30
0.0
 11
695.8341440000000375
 21
685.0
 31
0.0
  0
LINE
  5
512
100
AcDbEntity
100
AcDbLine
  8
tornillos
 62
0
370
0
  6
CONTINUOUS
 10
667.5415460000000394
 20
685.0
 30
0.0
 11
672.9415460000001303
 21
685.0
 31
0.0
  0
LINE
  5
513
100
AcDbEntity
100
AcDbLine
  8
tornillos
 62
0
370
0
  6
CONTINUOUS
 10
652.5415460000000394
 20
685.0
 30
0.0
 11
657.9415460000001303
 21
685.0
 31
0.0
  0
LINE
  5
514
100
AcDbEntity
100
AcDbLine
  8
0
 62
0
370
0
  6
CONTINUOUS
 10
676.8836820000000216
 20
675.0
 30
0.0
 11
676.8836820000000216
 21
679.0
 31
0.0
  0
LINE
  5
515
100
AcDbEntity
100
AcDbLine
  8
0
 62
0
370
0
  6
CONTINUOUS
 10
668.7519540000000688
 20
675.0
 30
0.0
 11
668.7519540000000688
 21
672.3999999999999773
 31
0.0
  0
LINE
  5
516
100
AcDbEntity
100
AcDbLine
  8
0
 62
0
370
0
  6
CONTINUOUS
 10
662.7415460000000849
 20
679.0
 30
0.0
 11
661.3273320000000695
 21
682.0
 31
0.0
  0
LINE
  5
517
100
AcDbEntity
100
AcDbLine
  8
0
 62
0
370
0
  6
CONTINUOUS
 10
672.9945940000001201
 20
675.0
 30
0.0
 11
670.3429440000001023
 21
677.1797809999999345
 31
0.0
  0
LINE
  5
518
100
AcDbEntity
100
AcDbLine
  8
0
 62
0
370
0
  6
CONTINUOUS
 10
671.933934000000022
 20
675.0
 30
0.0
 11
669.2822840000001179
 21
677.1797809999999345
 31
0.0
  0
LINE
  5
519
100
AcDbEntity
100
AcDbLine
  8
0
 62
0
370
0
  6
CONTINUOUS
 10
669.2822840000001179
 20
677.1797809999999345
 30
0.0
 11
669.2822840000001179
 21
675.0
 31
0.0
  0
LINE
  5
51A
100
AcDbEntity
100
AcDbLine
  8
0
 62
0
370
0
  6
CONTINUOUS
 10
669.2822840000001179
 20
677.1797809999999345
 30
0.0
 11
670.3429440000001023
 21
677.1797809999999345
 31
0.0
  0
LINE
  5
51B
100
AcDbEntity
100
AcDbLine
  8
0
 62
0
370
0
  6
CONTINUOUS
 10
629.4798760000002176
 20
675.0
 30
0.0
 11
634.2451430000000983
 21
675.0
 31
0.0
  0
LINE
  5
51C
100
AcDbEntity
100
AcDbLine
  8
0
 62
0
370
0
  6
CONTINUOUS
 10
662.7415460000000849
 20
679.0
 30
0.0
 11
676.8836820000000216
 21
679.0
 31
0.0
  0
LINE
  5
51D
100
AcDbEntity
100
AcDbLine
  8
0
 62
0
370
0
  6
CONTINUOUS
 10
662.7415460000000849
 20
675.0
 30
0.0
 11
662.7415460000000849
 21
679.0
 31
0.0
  0
LINE
  5
51E
100
AcDbEntity
100
AcDbLine
  8
0
 62
0
370
0
  6
CONTINUOUS
 10
629.4798760000002176
 20
672.3999999999999773
 30
0.0
 11
662.7415460000000849
 21
672.3999999999999773
 31
0.0
  0
LINE
  5
51F
100
AcDbEntity
100
AcDbLine
  8
0
 62
0
370
0
  6
CONTINUOUS
 10
629.4798760000002176
 20
669.4000000000000909
 30
0.0
 11
634.2451430000000983
 21
669.4000000000000909
 31
0.0
  0
LINE
  5
520
100
AcDbEntity
100
AcDbLine
  8
0
 62
0
370
0
  6
CONTINUOUS
 10
634.2451430000000983
 20
669.4000000000000909
 30
0.0
 11
662.7415460000000849
 21
669.4000000000000909
 31
0.0
  0
LINE
  5
521
100
AcDbEntity
100
AcDbLine
  8
0
 62
0
370
0
  6
CONTINUOUS
 10
634.2451430000000983
 20
648.0
 30
0.0
 11
662.7415460000000849
 21
648.0
 31
0.0
  0
LINE
  5
522
100
AcDbEntity
100
AcDbLine
  8
0
 62
0
370
0
  6
CONTINUOUS
 10
662.7415460000000849
 20
648.0
 30
0.0
 11
676.8836820000000216
 21
648.0
 31
0.0
  0
LINE
  5
523
100
AcDbEntity
100
AcDbLine
  8
0
 62
0
370
0
  6
CONTINUOUS
 10
634.2451430000000983
 20
646.0
 30
0.0
 11
634.2451430000000983
 21
648.0
 31
0.0
  0
LINE
  5
524
100
AcDbEntity
100
AcDbLine
  8
0
 62
0
370
0
  6
CONTINUOUS
 10
634.2451430000000983
 20
648.0
 30
0.0
 11
634.2451430000000983
 21
669.4000000000000909
 31
0.0
  0
LINE
  5
525
100
AcDbEntity
100
AcDbLine
  8
0
 62
0
370
0
  6
CONTINUOUS
 10
662.7415460000000849
 20
669.4000000000000909
 30
0.0
 11
662.7415460000000849
 21
648.0
 31
0.0
  0
LINE
  5
526
100
AcDbEntity
100
AcDbLine
  8
0
 62
0
370
0
  6
CONTINUOUS
 10
662.7415460000000849
 20
648.0
 30
0.0
 11
662.7415460000000849
 21
646.0
 31
0.0
  0
LINE
  5
527
100
AcDbEntity
100
AcDbLine
  8
0
 62
0
370
0
  6
CONTINUOUS
 10
662.7415460000000849
 20
672.3999999999999773
 30
0.0
 11
668.7519540000000688
 21
672.3999999999999773
 31
0.0
  0
LINE
  5
528
100
AcDbEntity
100
AcDbLine
  8
0
 62
0
370
0
  6
CONTINUOUS
 10
668.7519540000000688
 20
672.3999999999999773
 30
0.0
 11
681.4798760000001039
 21
672.3999999999999773
 31
0.0
  0
LINE
  5
529
100
AcDbEntity
100
AcDbLine
  8
0
 62
0
370
0
  6
CONTINUOUS
 10
638.4877840000000333
 20
682.0
 30
0.0
 11
646.2659580000000688
 21
682.0
 31
0.0
  0
LINE
  5
52A
100
AcDbEntity
100
AcDbLine
  8
0
 62
0
370
0
  6
CONTINUOUS
 10
629.4798760000002176
 20
675.0
 30
0.0
 11
629.4798760000002176
 21
692.0
 31
0.0
  0
LINE
  5
52B
100
AcDbEntity
100
AcDbLine
  8
0
 62
0
370
0
  6
CONTINUOUS
 10
629.4798760000002176
 20
640.0
 30
0.0
 11
629.4798760000002176
 21
672.3999999999999773
 31
0.0
  0
LINE
  5
52C
100
AcDbEntity
100
AcDbLine
  8
0
 62
0
370
0
  6
CONTINUOUS
 10
629.4798760000002176
 20
672.3999999999999773
 30
0.0
 11
629.4798760000002176
 21
675.0
 31
0.0
  0
LINE
  5
52D
100
AcDbEntity
100
AcDbLine
  8
0
 62
0
370
0
  6
CONTINUOUS
 10
662.7415460000000849
 20
675.0
 30
0.0
 11
668.7519540000000688
 21
675.0
 31
0.0
  0
LINE
  5
52E
100
AcDbEntity
100
AcDbLine
  8
0
 62
0
370
0
  6
CONTINUOUS
 10
668.7519540000000688
 20
675.0
 30
0.0
 11
669.2822840000001179
 21
675.0
 31
0.0
  0
LINE
  5
52F
100
AcDbEntity
100
AcDbLine
  8
0
 62
0
370
0
  6
CONTINUOUS
 10
669.2822840000001179
 20
675.0
 30
0.0
 11
672.9945940000001201
 21
675.0
 31
0.0
  0
LINE
  5
530
100
AcDbEntity
100
AcDbLine
  8
0
 62
0
370
0
  6
CONTINUOUS
 10
676.8836820000000216
 20
646.0
 30
0.0
 11
676.8836820000000216
 21
648.0
 31
0.0
  0
LINE
  5
531
100
AcDbEntity
100
AcDbLine
  8
0
 62
0
370
0
  6
CONTINUOUS
 10
676.8836820000000216
 20
648.0
 30
0.0
 11
676.8836820000000216
 21
669.4000000000000909
 31
0.0
  0
LINE
  5
532
100
AcDbEntity
100
AcDbLine
  8
0
 62
0
370
0
  6
CONTINUOUS
 10
652.2415460000000849
 20
690.0
 30
0.0
 11
658.2415460000000849
 21
690.0
 31
0.0
  0
LINE
  5
533
100
AcDbEntity
100
AcDbLine
  8
0
 62
0
370
0
  6
CONTINUOUS
 10
658.2415460000000849
 20
690.0
 30
0.0
 11
667.2415460000000849
 21
690.0
 31
0.0
  0
LINE
  5
534
100
AcDbEntity
100
AcDbLine
  8
0
 62
0
370
0
  6
CONTINUOUS
 10
667.2415460000000849
 20
690.0
 30
0.0
 11
673.2415460000000849
 21
690.0
 31
0.0
  0
LINE
  5
535
100
AcDbEntity
100
AcDbLine
  8
tornillos
 62
0
370
0
  6
CONTINUOUS
 10
646.2659580000000688
 20
682.0
 30
0.0
 11
636.3341850000000477
 21
679.5213560000000825
 31
0.0
  0
LINE
  5
536
100
AcDbEntity
100
AcDbLine
  8
tornillos
 62
0
370
0
  6
CONTINUOUS
 10
636.3341850000000477
 20
679.5213560000000825
 30
0.0
 11
634.2451430000000983
 21
679.0
 31
0.0
  0
LINE
  5
537
100
AcDbEntity
100
AcDbLine
  8
0
 62
0
370
0
  6
CONTINUOUS
 10
673.0724740000000565
 20
646.0
 30
0.0
 11
634.2451430000000983
 21
646.0
 31
0.0
  0
LINE
  5
538
100
AcDbEntity
100
AcDbLine
  8
0
 62
0
370
0
  6
CONTINUOUS
 10
634.2451430000000983
 20
646.0
 30
0.0
 11
629.4798760000002176
 21
646.0
 31
0.0
  0
LINE
  5
539
100
AcDbEntity
100
AcDbLine
  8
0
 62
0
370
0
  6
CONTINUOUS
 10
646.2659580000000688
 20
682.0
 30
0.0
 11
655.2415460000000849
 21
682.0
 31
0.0
  0
LINE
  5
53A
100
AcDbEntity
100
AcDbLine
  8
0
 62
0
370
0
  6
CONTINUOUS
 10
655.2415460000000849
 20
682.0
 30
0.0
 11
661.3273320000000695
 21
682.0
 31
0.0
  0
LINE
  5
53B
100
AcDbEntity
100
AcDbLine
  8
0
 62
0
370
0
  6
CONTINUOUS
 10
672.9945940000001201
 20
675.0
 30
0.0
 11
676.8836820000000216
 21
675.0
 31
0.0
  0
LINE
  5
53C
100
AcDbEntity
100
AcDbLine
  8
0
 62
0
370
0
  6
CONTINUOUS
 10
676.8836820000000216
 20
675.0
 30
0.0
 11
681.4798760000001039
 21
675.0
 31
0.0
  0
LINE
  5
53D
100
AcDbEntity
100
AcDbLine
  8
0
 62
0
370
0
  6
CONTINUOUS
 10
661.3273320000000695
 20
682.0
 30
0.0
 11
670.2415460000000849
 21
682.0
 31
0.0
  0
LINE
  5
53E
100
AcDbEntity
100
AcDbLine
  8
0
 62
0
370
0
  6
CONTINUOUS
 10
670.2415460000000849
 20
682.0
 30
0.0
 11
675.4694690000001174
 21
682.0
 31
0.0
  0
LINE
  5
53F
100
AcDbEntity
100
AcDbLine
  8
0
 62
0
370
0
  6
CONTINUOUS
 10
629.4798760000002176
 20
673.3999999999999773
 30
0.0
 11
629.4798760000002176
 21
675.0
 31
0.0
  0
LINE
  5
540
100
AcDbEntity
100
AcDbLine
  8
0
 62
0
370
0
  6
CONTINUOUS
 10
629.4798760000002176
 20
675.0
 30
0.0
 11
629.4798760000002176
 21
676.3999999999999773
 31
0.0
  0
LINE
  5
541
100
AcDbEntity
100
AcDbLine
  8
0
 62
0
370
0
  6
CONTINUOUS
 10
662.7415460000000849
 20
669.4000000000000909
 30
0.0
 11
676.8836820000000216
 21
669.4000000000000909
 31
0.0
  0
LINE
  5
542
100
AcDbEntity
100
AcDbLine
  8
0
 62
0
370
0
  6
CONTINUOUS
 10
676.8836820000000216
 20
669.4000000000000909
 30
0.0
 11
681.4798760000001039
 21
669.4000000000000909
 31
0.0
  0
MTEXT
  5
543
100
AcDbEntity
100
AcDbMText
  8
0
 62
0
370
0
  6
CONTINUOUS
 10
661.5203199999999697
 20
97.7437680000000029
 30
0.0
 40
7.6799999999999997
 41
400.0
 71
7
 72
2
  1
1:4
  7
Normal
 50
0.0
 73
0
 44
1.0
  0
MTEXT
  5
544
100
AcDbEntity
100
AcDbMText
  8
0
 62
0
370
0
  6
CONTINUOUS
 10
342.8266399999999976
 20
225.2112720000000081
 30
0.0
 40
12.8000000000000007
 41
400.0
 71
7
 72
2
  1
CUBE\~REVOLUTIONS
  7
Normal_fix
 50
0.0
 73
0
 44
1.0
  0
MTEXT
  5
545
100
AcDbEntity
100
AcDbMText
  8
0
 62
0
370
0
  6
CONTINUOUS
 10
322.7660880000000247
 20
198.5735640000000046
 30
0.0
 40
12.8000000000000007
 41
400.0
 71
7
 72
2
  1
MODULOS\~Y1
  7
Normal
 50
0.0
 73
0
 44
1.0
  0
MTEXT
  5
546
100
AcDbEntity
100
AcDbMText
  8
0
 62
0
370
0
  6
CONTINUOUS
 10
332.8000000000000114
 20
94.7199999999999989
 30
0.0
 40
7.6799999999999997
 41
400.0
 71
7
 72
2
  1
8\~Modulos\~Y1\~conectados\~en\~fase
  7
Normal
 50
0.0
 73
0
 44
1.0
  0
MTEXT
  5
547
100
AcDbEntity
100
AcDbMText
  8
0
 62
0
370
0
  6
CONTINUOUS
 10
747.7764359999999897
 20
23.9408839999999969
 30
0.0
 40
25.6000000000000014
 41
400.0
 71
7
 72
2
  1
1
  7
Courier
 50
0.0
 73
0
 44
1.0
  0
MTEXT
  5
548
100
AcDbEntity
100
AcDbMText
  8
0
 62
0
370
0
  6
CONTINUOUS
 10
689.9199680000000399
 20
79.3599999999999994
 30
0.0
 40
7.6799999999999997
 41
400.0
 71
7
 72
2
  1
Nov\~de\~2005
  7
Normal
 50
0.0
 73
0
 44
1.0
  0
MTEXT
  5
549
100
AcDbEntity
100
AcDbMText
  8
0
 62
0
370
0
  6
CONTINUOUS
 10
618.3999679999999444
 20
25.6000000000000014
 30
0.0
 40
12.8000000000000007
 41
400.0
 71
7
 72
2
  1
13-11-05
  7
Normal
 50
0.0
 73
0
 44
1.0
  0
DIMENSION
  5
54A
100
AcDbEntity
  8
tornillos
 62
256
370
-1
  6
ByLayer
100
AcDbDimension
 10
698.8341440000000375
 20
780.0
 30
0.0
 11
409.4170720000000188
 21
783.125
 31
0.0
 70
0
 71
5
 72
1
 41
1.0
 42
0.0
  1

  3
Standard
100
AcDbAlignedDimension
 13
120.0
 23
762.6205799999999044
 33
0.0
 14
698.8341440000000375
 24
762.4515079999999898
 34
0.0
 50
0.0
100
AcDbRotatedDimension
  0
DIMENSION
  5
54B
100
AcDbEntity
  8
tornillos
 62
256
370
-1
  6
ByLayer
100
AcDbDimension
 10
100.0
 20
710.6205799999999044
 30
0.0
 11
96.875
 21
736.6205799999999044
 31
0.0
 70
0
 71
5
 72
1
 41
1.0
 42
0.0
  1

  3
Standard
100
AcDbAlignedDimension
 13
120.0
 23
762.6205799999999044
 33
0.0
 14
120.0
 24
710.6205799999999044
 34
0.0
 50
90.0
100
AcDbRotatedDimension
  0
DIMENSION
  5
54C
100
AcDbEntity
  8
tornillos
 62
256
370
-1
  6
ByLayer
100
AcDbDimension
 10
100.0
 20
640.0
 30
0.0
 11
96.875
 21
666.0
 31
0.0
 70
0
 71
5
 72
1
 41
1.0
 42
0.0
  1

  3
Standard
100
AcDbAlignedDimension
 13
120.0
 23
692.0
 33
0.0
 14
120.0
 24
640.0
 34
0.0
 50
90.0
100
AcDbRotatedDimension
  0
ENDSEC
  0
SECTION
  2
OBJECTS
  0
DICTIONARY
  5
C
100
AcDbDictionary
280
0
281
1
  3
ACAD_GROUP
350
D
  3
ACAD_LAYOUT
350
1A
  3
ACAD_MLINESTYLE
350
17
  3
ACAD_PLOTSETTINGS
350
19
  3
ACAD_PLOTSTYLENAME
350
E
  3
AcDbVariableDictionary
350
54D
  0
DICTIONARY
  5
D
100
AcDbDictionary
280
0
281
1
  0
ACDBDICTIONARYWDFLT
  5
E
100
AcDbDictionary
281
1
  3
Normal
350
F
100
AcDbDictionaryWithDefault
340
F
  0
ACDBPLACEHOLDER
  5
F
  0
DICTIONARY
  5
17
100
AcDbDictionary
280
0
281
1
  3
Standard
350
18
  0
MLINESTYLE
  5
18
100
AcDbMlineStyle
  2
STANDARD
 70
0
  3

 62
256
 51
90.0
 52
90.0
 71
2
 49
0.5
 62
256
  6
BYLAYER
 49
-0.5
 62
256
  6
BYLAYER
  0
DICTIONARY
  5
19
100
AcDbDictionary
280
0
281
1
  0
DICTIONARY
  5
1A
100
AcDbDictionary
281
1
  3
Layout1
350
1E
  3
Layout2
350
26
  3
Model
350
22
  0
LAYOUT
  5
1E
100
AcDbPlotSettings
  1

  2
C:\Program Files\AutoCAD 2002\plotters\DWF ePlot (optimized for plotting).pc3
  4

  6

 40
0.0
 41
0.0
 42
0.0
 43
0.0
 44
0.0
 45
0.0
 46
0.0
 47
0.0
 48
0.0
 49
0.0
140
0.0
141
0.0
142
1.0
143
1.0
 70
688
 72
0
 73
0
 74
5
  7

 75
16
147
1.0
148
0.0
149
0.0
100
AcDbLayout
  1
Layout1
 70
1
 71
1
 10
0.0
 20
0.0
 11
420.0
 21
297.0
 12
0.0
 22
0.0
 32
0.0
 14
100000000000000000000.0
 24
100000000000000000000.0
 34
100000000000000000000.0
 15
-100000000000000000000.0
 25
-100000000000000000000.0
 35
-100000000000000000000.0
146
0.0
 13
0.0
 23
0.0
 33
0.0
 16
1.0
 26
0.0
 36
0.0
 17
0.0
 27
1.0
 37
0.0
 76
0
330
1B
  0
LAYOUT
  5
22
100
AcDbPlotSettings
  1

  2
C:\Program Files\AutoCAD 2002\plotters\DWF ePlot (optimized for plotting).pc3
  4

  6

 40
0.0
 41
0.0
 42
0.0
 43
0.0
 44
0.0
 45
0.0
 46
0.0
 47
0.0
 48
0.0
 49
0.0
140
0.0
141
0.0
142
1.0
143
1.0
 70
1712
 72
0
 73
0
 74
0
  7

 75
0
147
1.0
148
0.0
149
0.0
100
AcDbLayout
  1
Model
 70
1
 71
0
 10
0.0
 20
0.0
 11
12.0
 21
9.0
 12
0.0
 22
0.0
 32
0.0
 14
0.0
 24
0.0
 34
0.0
 15
0.0
 25
0.0
 35
0.0
146
0.0
 13
0.0
 23
0.0
 33
0.0
 16
1.0
 26
0.0
 36
0.0
 17
0.0
 27
1.0
 37
0.0
 76
0
330
1F
  0
LAYOUT
  5
26
100
AcDbPlotSettings
  1

  2
C:\Program Files\AutoCAD 2002\plotters\DWF ePlot (optimized for plotting).pc3
  4

  6

 40
0.0
 41
0.0
 42
0.0
 43
0.0
 44
0.0
 45
0.0
 46
0.0
 47
0.0
 48
0.0
 49
0.0
140
0.0
141
0.0
142
1.0
143
1.0
 70
688
 72
0
 73
0
 74
5
  7

 75
16
147
1.0
148
0.0
149
0.0
100
AcDbLayout
  1
Layout2
 70
1
 71
2
 10
0.0
 20
0.0
 11
12.0
 21
9.0
 12
0.0
 22
0.0
 32
0.0
 14
0.0
 24
0.0
 34
0.0
 15
0.0
 25
0.0
 35
0.0
146
0.0
 13
0.0
 23
0.0
 33
0.0
 16
1.0
 26
0.0
 36
0.0
 17
0.0
 27
1.0
 37
0.0
 76
0
330
23
  0
DICTIONARY
  5
54D
100
AcDbDictionary
281
1
  3
DIMASSOC
350
54F
  3
HIDETEXT
350
54E
  0
DICTIONARYVAR
  5
54E
100
DictionaryVariables
280
0
  1
2
  0
DICTIONARYVAR
  5
54F
100
DictionaryVariables
280
0
  1
1
  0
ENDSEC
  0
EOF
