  0
SECTION
  2
HEADER
  9
$ACADVER
  1
AC1015
  9
$ACADMAINTVER
 70
    20
  9
$DWGCODEPAGE
  3
ANSI_1252
  9
$INSBASE
 10
0.0
 20
0.0
 30
0.0
  9
$EXTMIN
 10
-43.26080040187576
 20
22.68682207452116
 30
0.0
  9
$EXTMAX
 10
567.4071223269847
 20
458.813152932359
 30
0.0
  9
$LIMMIN
 10
0.0
 20
0.0
  9
$LIMMAX
 10
420.0
 20
297.0
  9
$ORTHOMODE
 70
     0
  9
$REGENMODE
 70
     1
  9
$FILLMODE
 70
     1
  9
$QTEXTMODE
 70
     0
  9
$MIRRTEXT
 70
     0
  9
$LTSCALE
 40
1.0
  9
$ATTMODE
 70
     1
  9
$TEXTSIZE
 40
2.5
  9
$TRACEWID
 40
1.0
  9
$TEXTSTYLE
  7
Standard
  9
$CLAYER
  8
0
  9
$CELTYPE
  6
ByLayer
  9
$CECOLOR
 62
   256
  9
$CELTSCALE
 40
1.0
  9
$DISPSILH
 70
     0
  9
$DIMSCALE
 40
1.0
  9
$DIMASZ
 40
2.5
  9
$DIMEXO
 40
0.625
  9
$DIMDLI
 40
3.75
  9
$DIMRND
 40
0.0
  9
$DIMDLE
 40
0.0
  9
$DIMEXE
 40
1.25
  9
$DIMTP
 40
0.0
  9
$DIMTM
 40
0.0
  9
$DIMTXT
 40
2.5
  9
$DIMCEN
 40
2.5
  9
$DIMTSZ
 40
0.0
  9
$DIMTOL
 70
     0
  9
$DIMLIM
 70
     0
  9
$DIMTIH
 70
     0
  9
$DIMTOH
 70
     0
  9
$DIMSE1
 70
     0
  9
$DIMSE2
 70
     0
  9
$DIMTAD
 70
     1
  9
$DIMZIN
 70
     8
  9
$DIMBLK
  1

  9
$DIMASO
 70
     1
  9
$DIMSHO
 70
     1
  9
$DIMPOST
  1

  9
$DIMAPOST
  1

  9
$DIMALT
 70
     0
  9
$DIMALTD
 70
     3
  9
$DIMALTF
 40
0.03937007874016
  9
$DIMLFAC
 40
1.0
  9
$DIMTOFL
 70
     1
  9
$DIMTVP
 40
0.0
  9
$DIMTIX
 70
     0
  9
$DIMSOXD
 70
     0
  9
$DIMSAH
 70
     0
  9
$DIMBLK1
  1

  9
$DIMBLK2
  1

  9
$DIMSTYLE
  2
ISO-25
  9
$DIMCLRD
 70
     0
  9
$DIMCLRE
 70
     0
  9
$DIMCLRT
 70
     0
  9
$DIMTFAC
 40
1.0
  9
$DIMGAP
 40
0.625
  9
$DIMJUST
 70
     0
  9
$DIMSD1
 70
     0
  9
$DIMSD2
 70
     0
  9
$DIMTOLJ
 70
     0
  9
$DIMTZIN
 70
     8
  9
$DIMALTZ
 70
     0
  9
$DIMALTTZ
 70
     0
  9
$DIMUPT
 70
     0
  9
$DIMDEC
 70
     2
  9
$DIMTDEC
 70
     2
  9
$DIMALTU
 70
     2
  9
$DIMALTTD
 70
     3
  9
$DIMTXSTY
  7
Standard
  9
$DIMAUNIT
 70
     0
  9
$DIMADEC
 70
     0
  9
$DIMALTRND
 40
0.0
  9
$DIMAZIN
 70
     0
  9
$DIMDSEP
 70
    44
  9
$DIMATFIT
 70
     3
  9
$DIMFRAC
 70
     0
  9
$DIMLDRBLK
  1

  9
$DIMLUNIT
 70
     2
  9
$DIMLWD
 70
    -2
  9
$DIMLWE
 70
    -2
  9
$DIMTMOVE
 70
     0
  9
$LUNITS
 70
     2
  9
$LUPREC
 70
     4
  9
$SKETCHINC
 40
1.0
  9
$FILLETRAD
 40
0.0
  9
$AUNITS
 70
     0
  9
$AUPREC
 70
     0
  9
$MENU
  1
.
  9
$ELEVATION
 40
0.0
  9
$PELEVATION
 40
0.0
  9
$THICKNESS
 40
0.0
  9
$LIMCHECK
 70
     0
  9
$CHAMFERA
 40
0.0
  9
$CHAMFERB
 40
0.0
  9
$CHAMFERC
 40
0.0
  9
$CHAMFERD
 40
0.0
  9
$SKPOLY
 70
     0
  9
$TDCREATE
 40
2454646.347022743
  9
$TDUCREATE
 40
2454646.263689410
  9
$TDUPDATE
 40
2454676.065128391
  9
$TDUUPDATE
 40
2454675.981795058
  9
$TDINDWG
 40
0.6094073958
  9
$TDUSRTIMER
 40
0.6093952778
  9
$USRTIMER
 70
     1
  9
$ANGBASE
 50
0.0
  9
$ANGDIR
 70
     0
  9
$PDMODE
 70
     0
  9
$PDSIZE
 40
0.0
  9
$PLINEWID
 40
0.0
  9
$SPLFRAME
 70
     0
  9
$SPLINETYPE
 70
     6
  9
$SPLINESEGS
 70
     8
  9
$HANDSEED
  5
137E
  9
$SURFTAB1
 70
     6
  9
$SURFTAB2
 70
     6
  9
$SURFTYPE
 70
     6
  9
$SURFU
 70
     6
  9
$SURFV
 70
     6
  9
$UCSBASE
  2

  9
$UCSNAME
  2

  9
$UCSORG
 10
0.0
 20
0.0
 30
0.0
  9
$UCSXDIR
 10
1.0
 20
0.0
 30
0.0
  9
$UCSYDIR
 10
0.0
 20
1.0
 30
0.0
  9
$UCSORTHOREF
  2

  9
$UCSORTHOVIEW
 70
     0
  9
$UCSORGTOP
 10
0.0
 20
0.0
 30
0.0
  9
$UCSORGBOTTOM
 10
0.0
 20
0.0
 30
0.0
  9
$UCSORGLEFT
 10
0.0
 20
0.0
 30
0.0
  9
$UCSORGRIGHT
 10
0.0
 20
0.0
 30
0.0
  9
$UCSORGFRONT
 10
0.0
 20
0.0
 30
0.0
  9
$UCSORGBACK
 10
0.0
 20
0.0
 30
0.0
  9
$PUCSBASE
  2

  9
$PUCSNAME
  2

  9
$PUCSORG
 10
0.0
 20
0.0
 30
0.0
  9
$PUCSXDIR
 10
1.0
 20
0.0
 30
0.0
  9
$PUCSYDIR
 10
0.0
 20
1.0
 30
0.0
  9
$PUCSORTHOREF
  2

  9
$PUCSORTHOVIEW
 70
     0
  9
$PUCSORGTOP
 10
0.0
 20
0.0
 30
0.0
  9
$PUCSORGBOTTOM
 10
0.0
 20
0.0
 30
0.0
  9
$PUCSORGLEFT
 10
0.0
 20
0.0
 30
0.0
  9
$PUCSORGRIGHT
 10
0.0
 20
0.0
 30
0.0
  9
$PUCSORGFRONT
 10
0.0
 20
0.0
 30
0.0
  9
$PUCSORGBACK
 10
0.0
 20
0.0
 30
0.0
  9
$USERI1
 70
     0
  9
$USERI2
 70
     0
  9
$USERI3
 70
     0
  9
$USERI4
 70
     0
  9
$USERI5
 70
     0
  9
$USERR1
 40
0.0
  9
$USERR2
 40
0.0
  9
$USERR3
 40
0.0
  9
$USERR4
 40
0.0
  9
$USERR5
 40
0.0
  9
$WORLDVIEW
 70
     1
  9
$SHADEDGE
 70
     3
  9
$SHADEDIF
 70
    70
  9
$TILEMODE
 70
     1
  9
$MAXACTVP
 70
    64
  9
$PINSBASE
 10
0.0
 20
0.0
 30
0.0
  9
$PLIMCHECK
 70
     0
  9
$PEXTMIN
 10
0.0
 20
0.0
 30
0.0
  9
$PEXTMAX
 10
0.0
 20
0.0
 30
0.0
  9
$PLIMMIN
 10
0.0
 20
0.0
  9
$PLIMMAX
 10
12.0
 20
9.0
  9
$UNITMODE
 70
     0
  9
$VISRETAIN
 70
     1
  9
$PLINEGEN
 70
     0
  9
$PSLTSCALE
 70
     1
  9
$TREEDEPTH
 70
  3020
  9
$CMLSTYLE
  2
Standard
  9
$CMLJUST
 70
     0
  9
$CMLSCALE
 40
20.0
  9
$PROXYGRAPHICS
 70
     1
  9
$MEASUREMENT
 70
     1
  9
$CELWEIGHT
370
    -1
  9
$ENDCAPS
280
     0
  9
$JOINSTYLE
280
     0
  9
$LWDISPLAY
290
     0
  9
$INSUNITS
 70
     4
  9
$HYPERLINKBASE
  1

  9
$STYLESHEET
  1

  9
$XEDIT
290
     1
  9
$CEPSNTYPE
380
     0
  9
$PSTYLEMODE
290
     1
  9
$FINGERPRINTGUID
  2
{6E366B91-761B-4064-8B5C-FD1AC2559CD0}
  9
$VERSIONGUID
  2
{E1FEB797-3075-42DE-9FFF-434267E7872E}
  9
$EXTNAMES
290
     1
  9
$PSVPSCALE
 40
0.0
  9
$OLESTARTUP
290
     0
  0
ENDSEC
  0
SECTION
  2
CLASSES
  0
CLASS
  1
ACDBDICTIONARYWDFLT
  2
AcDbDictionaryWithDefault
  3
ObjectDBX Classes
 90
        0
280
     0
281
     0
  0
CLASS
  1
ACDBPLACEHOLDER
  2
AcDbPlaceHolder
  3
ObjectDBX Classes
 90
        0
280
     0
281
     0
  0
CLASS
  1
LAYOUT
  2
AcDbLayout
  3
ObjectDBX Classes
 90
        0
280
     0
281
     0
  0
CLASS
  1
DICTIONARYVAR
  2
AcDbDictionaryVar
  3
ObjectDBX Classes
 90
        0
280
     0
281
     0
  0
CLASS
  1
TABLESTYLE
  2
AcDbTableStyle
  3
ObjectDBX Classes
 90
     4095
280
     0
281
     0
  0
CLASS
  1
DIMASSOC
  2
AcDbDimAssoc
  3
"AcDbDimAssoc|Product Desc:     AcDim ARX App For Dimension|Company:          Autodesk, Inc.|WEB Address:      www.autodesk.com"
 90
        0
280
     0
281
     0
  0
CLASS
  1
MATERIAL
  2
AcDbMaterial
  3
ObjectDBX Classes
 90
     1024
280
     0
281
     0
  0
CLASS
  1
VISUALSTYLE
  2
AcDbVisualStyle
  3
ObjectDBX Classes
 90
     4095
280
     0
281
     0
  0
ENDSEC
  0
SECTION
  2
TABLES
  0
TABLE
  2
VPORT
  5
8
330
0
100
AcDbSymbolTable
 70
     1
  0
VPORT
  5
1344
330
8
100
AcDbSymbolTableRecord
100
AcDbViewportTableRecord
  2
*Active
 70
     0
 10
0.0
 20
0.0
 11
1.0
 21
1.0
 12
246.7635179971236
 22
218.4345495915837
 13
0.0
 23
0.0
 14
10.0
 24
10.0
 15
10.0
 25
10.0
 16
0.0
 26
0.0
 36
1.0
 17
0.0
 27
0.0
 37
0.0
 40
515.9754108027217
 41
2.189873417721519
 42
50.0
 43
0.0
 44
0.0
 50
0.0
 51
0.0
 71
     0
 72
  1000
 73
     1
 74
     3
 75
     0
 76
     0
 77
     0
 78
     0
281
     0
 65
     1
110
0.0
120
0.0
130
0.0
111
1.0
121
0.0
131
0.0
112
0.0
122
1.0
132
0.0
 79
     0
146
0.0
  0
ENDTAB
  0
TABLE
  2
LTYPE
  5
5
330
0
100
AcDbSymbolTable
 70
     2
  0
LTYPE
  5
14
330
5
100
AcDbSymbolTableRecord
100
AcDbLinetypeTableRecord
  2
ByBlock
 70
     0
  3

 72
    65
 73
     0
 40
0.0
  0
LTYPE
  5
15
330
5
100
AcDbSymbolTableRecord
100
AcDbLinetypeTableRecord
  2
ByLayer
 70
     0
  3

 72
    65
 73
     0
 40
0.0
  0
LTYPE
  5
16
330
5
100
AcDbSymbolTableRecord
100
AcDbLinetypeTableRecord
  2
Continuous
 70
     0
  3
Solid line
 72
    65
 73
     0
 40
0.0
  0
LTYPE
  5
263
330
5
100
AcDbSymbolTableRecord
100
AcDbLinetypeTableRecord
  2
ACAD_ISO02W100
 70
     0
  3
ISO dash __ __ __ __ __ __ __ __ __ __ __ __ __
 72
    65
 73
     2
 40
15.0
 49
12.0
 74
     0
 49
-3.0
 74
     0
  0
ENDTAB
  0
TABLE
  2
LAYER
  5
2
102
{ACAD_XDICTIONARY
360
436
102
}
330
0
100
AcDbSymbolTable
 70
     3
  0
LAYER
  5
10
330
2
100
AcDbSymbolTableRecord
100
AcDbLayerTableRecord
  2
0
 70
     0
 62
     7
  6
Continuous
370
    -3
390
F
  0
LAYER
  5
F8
330
2
100
AcDbSymbolTableRecord
100
AcDbLayerTableRecord
  2
Defpoints
 70
     0
 62
     7
  6
Continuous
290
     0
370
    -3
390
F
  0
LAYER
  5
434
330
2
100
AcDbSymbolTableRecord
100
AcDbLayerTableRecord
  2
Cotas
 70
     0
 62
     1
  6
Continuous
370
    -3
390
F
1001
AcAecLayerStandard
1000

1000

  0
ENDTAB
  0
TABLE
  2
STYLE
  5
3
330
0
100
AcDbSymbolTable
 70
     2
  0
STYLE
  5
11
330
3
100
AcDbSymbolTableRecord
100
AcDbTextStyleTableRecord
  2
Standard
 70
     0
 40
0.0
 41
1.0
 50
0.0
 71
     0
 42
2.5
  3
txt
  4

  0
STYLE
  5
262
330
3
100
AcDbSymbolTableRecord
100
AcDbTextStyleTableRecord
  2

 70
     1
 40
0.0
 41
1.0
 50
0.0
 71
     0
 42
2.5
  3
ltypeshp.shx
  4

  0
ENDTAB
  0
TABLE
  2
VIEW
  5
6
330
0
100
AcDbSymbolTable
 70
     0
  0
ENDTAB
  0
TABLE
  2
UCS
  5
7
330
0
100
AcDbSymbolTable
 70
     0
  0
ENDTAB
  0
TABLE
  2
APPID
  5
9
330
0
100
AcDbSymbolTable
 70
     3
  0
APPID
  5
12
330
9
100
AcDbSymbolTableRecord
100
AcDbRegAppTableRecord
  2
ACAD
 70
     0
  0
APPID
  5
9E
330
9
100
AcDbSymbolTableRecord
100
AcDbRegAppTableRecord
  2
ACAD_PSEXT
 70
     0
  0
APPID
  5
435
330
9
100
AcDbSymbolTableRecord
100
AcDbRegAppTableRecord
  2
AcAecLayerStandard
 70
     0
  0
ENDTAB
  0
TABLE
  2
DIMSTYLE
  5
A
330
0
100
AcDbSymbolTable
 70
     1
100
AcDbDimStyleTable
 71
     1
340
27
  0
DIMSTYLE
105
27
102
{ACAD_REACTORS
330
8A6
330
8D6
330
8F9
330
97E
330
996
330
9C8
330
A10
330
A28
330
A40
330
A5A
330
A74
330
A9E
330
AB6
330
AE6
330
B76
330
B8E
330
BA6
330
BD6
330
BEE
330
E00
330
E18
330
F3D
330
F53
330
F69
330
F97
330
FAF
330
FC7
330
FDF
330
FF7
330
100F
330
1027
330
1087
330
109F
330
10B7
330
10CF
330
10E5
330
1113
330
112B
330
115B
330
1177
330
11BF
330
11D7
330
1238
330
1250
330
1280
330
1298
330
12B0
330
12C8
330
12E0
102
}
330
A
100
AcDbSymbolTableRecord
100
AcDbDimStyleTableRecord
  2
ISO-25
 70
     0
 41
2.5
 42
0.625
 43
3.75
 44
1.25
 73
     0
 74
     0
 77
     1
 78
     8
140
2.5
141
2.5
143
0.03937007874016
147
0.625
171
     3
172
     1
271
     2
272
     2
274
     3
278
    44
283
     0
284
     8
340
11
  0
ENDTAB
  0
TABLE
  2
BLOCK_RECORD
  5
1
330
0
100
AcDbSymbolTable
 70
    85
  0
BLOCK_RECORD
  5
1F
330
1
100
AcDbSymbolTableRecord
100
AcDbBlockTableRecord
  2
*Model_Space
340
22
  0
BLOCK_RECORD
  5
D2
330
1
100
AcDbSymbolTableRecord
100
AcDbBlockTableRecord
  2
*Paper_Space
340
D3
  0
BLOCK_RECORD
  5
D6
330
1
100
AcDbSymbolTableRecord
100
AcDbBlockTableRecord
  2
*Paper_Space0
340
D7
  0
BLOCK_RECORD
  5
8A7
330
1
100
AcDbSymbolTableRecord
100
AcDbBlockTableRecord
  2
*D1
340
0
  0
BLOCK_RECORD
  5
8D7
330
1
100
AcDbSymbolTableRecord
100
AcDbBlockTableRecord
  2
*D3
340
0
  0
BLOCK_RECORD
  5
8FA
330
1
100
AcDbSymbolTableRecord
100
AcDbBlockTableRecord
  2
*D4
340
0
  0
BLOCK_RECORD
  5
97F
330
1
100
AcDbSymbolTableRecord
100
AcDbBlockTableRecord
  2
*D9
340
0
  0
BLOCK_RECORD
  5
997
330
1
100
AcDbSymbolTableRecord
100
AcDbBlockTableRecord
  2
*D10
340
0
  0
BLOCK_RECORD
  5
9C9
330
1
100
AcDbSymbolTableRecord
100
AcDbBlockTableRecord
  2
*D11
340
0
  0
BLOCK_RECORD
  5
A11
330
1
100
AcDbSymbolTableRecord
100
AcDbBlockTableRecord
  2
*D13
340
0
  0
BLOCK_RECORD
  5
A29
330
1
100
AcDbSymbolTableRecord
100
AcDbBlockTableRecord
  2
*D14
340
0
  0
BLOCK_RECORD
  5
A41
330
1
100
AcDbSymbolTableRecord
100
AcDbBlockTableRecord
  2
*D15
340
0
  0
BLOCK_RECORD
  5
A5B
330
1
100
AcDbSymbolTableRecord
100
AcDbBlockTableRecord
  2
*D16
340
0
  0
BLOCK_RECORD
  5
A75
330
1
100
AcDbSymbolTableRecord
100
AcDbBlockTableRecord
  2
*D17
340
0
  0
BLOCK_RECORD
  5
A9F
330
1
100
AcDbSymbolTableRecord
100
AcDbBlockTableRecord
  2
*D19
340
0
  0
BLOCK_RECORD
  5
AB7
330
1
100
AcDbSymbolTableRecord
100
AcDbBlockTableRecord
  2
*D20
340
0
  0
BLOCK_RECORD
  5
AE7
330
1
100
AcDbSymbolTableRecord
100
AcDbBlockTableRecord
  2
*D22
340
0
  0
BLOCK_RECORD
  5
B77
330
1
100
AcDbSymbolTableRecord
100
AcDbBlockTableRecord
  2
*D28
340
0
  0
BLOCK_RECORD
  5
B8F
330
1
100
AcDbSymbolTableRecord
100
AcDbBlockTableRecord
  2
*D29
340
0
  0
BLOCK_RECORD
  5
BA7
330
1
100
AcDbSymbolTableRecord
100
AcDbBlockTableRecord
  2
*D30
340
0
  0
BLOCK_RECORD
  5
BD7
330
1
100
AcDbSymbolTableRecord
100
AcDbBlockTableRecord
  2
*D32
340
0
  0
BLOCK_RECORD
  5
BEF
330
1
100
AcDbSymbolTableRecord
100
AcDbBlockTableRecord
  2
*D33
340
0
  0
BLOCK_RECORD
  5
E01
330
1
100
AcDbSymbolTableRecord
100
AcDbBlockTableRecord
  2
*D39
340
0
  0
BLOCK_RECORD
  5
E19
330
1
100
AcDbSymbolTableRecord
100
AcDbBlockTableRecord
  2
*D40
340
0
  0
BLOCK_RECORD
  5
F3E
330
1
100
AcDbSymbolTableRecord
100
AcDbBlockTableRecord
  2
*D45
340
0
  0
BLOCK_RECORD
  5
F54
330
1
100
AcDbSymbolTableRecord
100
AcDbBlockTableRecord
  2
*D46
340
0
  0
BLOCK_RECORD
  5
F6A
330
1
100
AcDbSymbolTableRecord
100
AcDbBlockTableRecord
  2
*D47
340
0
  0
BLOCK_RECORD
  5
F98
330
1
100
AcDbSymbolTableRecord
100
AcDbBlockTableRecord
  2
*D49
340
0
  0
BLOCK_RECORD
  5
FB0
330
1
100
AcDbSymbolTableRecord
100
AcDbBlockTableRecord
  2
*D50
340
0
  0
BLOCK_RECORD
  5
FC8
330
1
100
AcDbSymbolTableRecord
100
AcDbBlockTableRecord
  2
*D51
340
0
  0
BLOCK_RECORD
  5
FE0
330
1
100
AcDbSymbolTableRecord
100
AcDbBlockTableRecord
  2
*D52
340
0
  0
BLOCK_RECORD
  5
FF8
330
1
100
AcDbSymbolTableRecord
100
AcDbBlockTableRecord
  2
*D53
340
0
  0
BLOCK_RECORD
  5
1010
330
1
100
AcDbSymbolTableRecord
100
AcDbBlockTableRecord
  2
*D54
340
0
  0
BLOCK_RECORD
  5
1028
330
1
100
AcDbSymbolTableRecord
100
AcDbBlockTableRecord
  2
*D55
340
0
  0
BLOCK_RECORD
  5
1088
330
1
100
AcDbSymbolTableRecord
100
AcDbBlockTableRecord
  2
*D59
340
0
  0
BLOCK_RECORD
  5
10A0
330
1
100
AcDbSymbolTableRecord
100
AcDbBlockTableRecord
  2
*D60
340
0
  0
BLOCK_RECORD
  5
10B8
330
1
100
AcDbSymbolTableRecord
100
AcDbBlockTableRecord
  2
*D61
340
0
  0
BLOCK_RECORD
  5
10D0
330
1
100
AcDbSymbolTableRecord
100
AcDbBlockTableRecord
  2
*D62
340
0
  0
BLOCK_RECORD
  5
10E6
330
1
100
AcDbSymbolTableRecord
100
AcDbBlockTableRecord
  2
*D63
340
0
  0
BLOCK_RECORD
  5
1114
330
1
100
AcDbSymbolTableRecord
100
AcDbBlockTableRecord
  2
*D65
340
0
  0
BLOCK_RECORD
  5
112C
330
1
100
AcDbSymbolTableRecord
100
AcDbBlockTableRecord
  2
*D66
340
0
  0
BLOCK_RECORD
  5
115C
330
1
100
AcDbSymbolTableRecord
100
AcDbBlockTableRecord
  2
*D68
340
0
  0
BLOCK_RECORD
  5
1178
330
1
100
AcDbSymbolTableRecord
100
AcDbBlockTableRecord
  2
*D69
340
0
  0
BLOCK_RECORD
  5
11C0
330
1
100
AcDbSymbolTableRecord
100
AcDbBlockTableRecord
  2
*D72
340
0
  0
BLOCK_RECORD
  5
11D8
330
1
100
AcDbSymbolTableRecord
100
AcDbBlockTableRecord
  2
*D73
340
0
  0
BLOCK_RECORD
  5
1239
330
1
100
AcDbSymbolTableRecord
100
AcDbBlockTableRecord
  2
*D77
340
0
  0
BLOCK_RECORD
  5
1251
330
1
100
AcDbSymbolTableRecord
100
AcDbBlockTableRecord
  2
*D78
340
0
  0
BLOCK_RECORD
  5
1281
330
1
100
AcDbSymbolTableRecord
100
AcDbBlockTableRecord
  2
*D80
340
0
  0
BLOCK_RECORD
  5
1299
330
1
100
AcDbSymbolTableRecord
100
AcDbBlockTableRecord
  2
*D81
340
0
  0
BLOCK_RECORD
  5
12B1
330
1
100
AcDbSymbolTableRecord
100
AcDbBlockTableRecord
  2
*D82
340
0
  0
BLOCK_RECORD
  5
12C9
330
1
100
AcDbSymbolTableRecord
100
AcDbBlockTableRecord
  2
*D83
340
0
  0
BLOCK_RECORD
  5
12E1
330
1
100
AcDbSymbolTableRecord
100
AcDbBlockTableRecord
  2
*D84
340
0
  0
ENDTAB
  0
ENDSEC
  0
SECTION
  2
BLOCKS
  0
BLOCK
  5
20
330
1F
100
AcDbEntity
  8
0
100
AcDbBlockBegin
  2
*Model_Space
 70
     0
 10
0.0
 20
0.0
 30
0.0
  3
*Model_Space
  1

  0
ENDBLK
  5
21
330
1F
100
AcDbEntity
  8
0
100
AcDbBlockEnd
  0
BLOCK
  5
D4
330
D2
100
AcDbEntity
 67
     1
  8
0
100
AcDbBlockBegin
  2
*Paper_Space
 70
     0
 10
0.0
 20
0.0
 30
0.0
  3
*Paper_Space
  1

  0
ENDBLK
  5
D5
330
D2
100
AcDbEntity
 67
     1
  8
0
100
AcDbBlockEnd
  0
BLOCK
  5
D8
330
D6
100
AcDbEntity
 67
     1
  8
0
100
AcDbBlockBegin
  2
*Paper_Space0
 70
     0
 10
0.0
 20
0.0
 30
0.0
  3
*Paper_Space0
  1

  0
ENDBLK
  5
D9
330
D6
100
AcDbEntity
 67
     1
  8
0
100
AcDbBlockEnd
  0
BLOCK
  5
8B1
330
8A7
100
AcDbEntity
  8
0
100
AcDbBlockBegin
  2
*D1
 70
     1
 10
0.0
 20
0.0
 30
0.0
  3
*D1
  1

  0
LINE
  5
DD5
330
8A7
100
AcDbEntity
  8
Cotas
 62
     0
370
    -2
100
AcDbLine
 10
70.07377873659016
 20
92.81315293235911
 30
0.0
 11
-14.73036195635587
 21
92.81315293235913
 31
0.0
  0
LINE
  5
DD6
330
8A7
100
AcDbEntity
  8
Cotas
 62
     0
370
    -2
100
AcDbLine
 10
50.07377873659016
 20
112.8131529323591
 30
0.0
 11
-14.73036195635587
 21
112.8131529323591
 31
0.0
  0
LINE
  5
DD7
330
8A7
100
AcDbEntity
  8
Cotas
 62
     0
370
    -2
100
AcDbLine
 10
-13.48036195635586
 20
95.31315293235913
 30
0.0
 11
-13.48036195635586
 21
110.3131529323591
 31
0.0
  0
SOLID
  5
DD8
330
8A7
100
AcDbEntity
  8
Cotas
 62
     0
100
AcDbTrace
 10
-13.89702862302253
 20
95.31315293235913
 30
0.0
 11
-13.0636952896892
 21
95.31315293235913
 31
0.0
 12
-13.48036195635586
 22
92.81315293235913
 32
0.0
 13
-13.48036195635586
 23
92.81315293235913
 33
0.0
  0
SOLID
  5
DD9
330
8A7
100
AcDbEntity
  8
Cotas
 62
     0
100
AcDbTrace
 10
-13.89702862302253
 20
110.3131529323591
 30
0.0
 11
-13.06369528968919
 21
110.3131529323591
 31
0.0
 12
-13.48036195635586
 22
112.8131529323591
 32
0.0
 13
-13.48036195635586
 23
112.8131529323591
 33
0.0
  0
MTEXT
  5
DDA
330
8A7
100
AcDbEntity
  8
Cotas
 62
     0
100
AcDbMText
 10
-15.35536195635588
 20
102.8131529323591
 30
0.0
 40
2.5
 41
0.0
 71
     5
 72
     1
  1
20
 11
0.0000000000000001
 21
1.0
 31
0.0
 73
     1
 44
1.0
1001
ACAD
1000
MTEXTBEGIN
1070
    73
1070
     1
1070
    44
1040
1.0
1070
    74
1070
     0
1000
MTEXTEND
  0
POINT
  5
DDB
330
8A7
100
AcDbEntity
  8
Defpoints
 62
     0
100
AcDbPoint
 10
70.69877873659016
 20
92.81315293235911
 30
0.0
  0
POINT
  5
DDC
330
8A7
100
AcDbEntity
  8
Defpoints
 62
     0
100
AcDbPoint
 10
50.69877873659016
 20
112.8131529323591
 30
0.0
  0
POINT
  5
DDD
330
8A7
100
AcDbEntity
  8
Defpoints
 62
     0
100
AcDbPoint
 10
-13.48036195635586
 20
112.8131529323591
 30
0.0
  0
ENDBLK
  5
8B2
330
8A7
100
AcDbEntity
  8
0
100
AcDbBlockEnd
  0
BLOCK
  5
8E3
330
8D7
100
AcDbEntity
  8
0
100
AcDbBlockBegin
  2
*D3
 70
     1
 10
0.0
 20
0.0
 30
0.0
  3
*D3
  1

  0
LINE
  5
DCA
330
8D7
100
AcDbEntity
  8
Cotas
 62
     0
370
    -2
100
AcDbLine
 10
50.07377873659016
 20
148.8131529323591
 30
0.0
 11
-14.73036195635586
 21
148.8131529323591
 31
0.0
  0
LINE
  5
DCB
330
8D7
100
AcDbEntity
  8
Cotas
 62
     0
370
    -2
100
AcDbLine
 10
50.07377873659016
 20
150.8131529323591
 30
0.0
 11
-14.73036195635586
 21
150.8131529323591
 31
0.0
  0
LINE
  5
DCC
330
8D7
100
AcDbEntity
  8
Cotas
 62
     0
370
    -2
100
AcDbLine
 10
-13.48036195635586
 20
146.3131529323591
 30
0.0
 11
-13.48036195635586
 21
143.8131529323591
 31
0.0
  0
LINE
  5
DCD
330
8D7
100
AcDbEntity
  8
Cotas
 62
     0
370
    -2
100
AcDbLine
 10
-13.48036195635586
 20
153.3131529323591
 30
0.0
 11
-13.48036195635586
 21
158.7298195990257
 31
0.0
  0
LINE
  5
DCE
330
8D7
100
AcDbEntity
  8
Cotas
 62
     0
370
    -2
100
AcDbLine
 10
-13.48036195635586
 20
148.8131529323591
 30
0.0
 11
-13.48036195635586
 21
150.8131529323591
 31
0.0
  0
SOLID
  5
DCF
330
8D7
100
AcDbEntity
  8
Cotas
 62
     0
100
AcDbTrace
 10
-13.89702862302253
 20
146.3131529323591
 30
0.0
 11
-13.0636952896892
 21
146.3131529323591
 31
0.0
 12
-13.48036195635586
 22
148.8131529323591
 32
0.0
 13
-13.48036195635586
 23
148.8131529323591
 33
0.0
  0
SOLID
  5
DD0
330
8D7
100
AcDbEntity
  8
Cotas
 62
     0
100
AcDbTrace
 10
-13.89702862302253
 20
153.3131529323591
 30
0.0
 11
-13.06369528968919
 21
153.3131529323591
 31
0.0
 12
-13.48036195635586
 22
150.8131529323591
 32
0.0
 13
-13.48036195635586
 23
150.8131529323591
 33
0.0
  0
MTEXT
  5
DD1
330
8D7
100
AcDbEntity
  8
Cotas
 62
     0
100
AcDbMText
 10
-15.35536195635589
 20
157.2714862656924
 30
0.0
 40
2.5
 41
0.0
 71
     5
 72
     1
  1
2
 11
0.0000000000000001
 21
1.0
 31
0.0
 73
     1
 44
1.0
1001
ACAD
1000
MTEXTBEGIN
1070
    73
1070
     1
1070
    44
1040
1.0
1070
    74
1070
     0
1000
MTEXTEND
  0
POINT
  5
DD2
330
8D7
100
AcDbEntity
  8
Defpoints
 62
     0
100
AcDbPoint
 10
50.69877873659016
 20
148.8131529323591
 30
0.0
  0
POINT
  5
DD3
330
8D7
100
AcDbEntity
  8
Defpoints
 62
     0
100
AcDbPoint
 10
50.69877873659016
 20
150.8131529323591
 30
0.0
  0
POINT
  5
DD4
330
8D7
100
AcDbEntity
  8
Defpoints
 62
     0
100
AcDbPoint
 10
-13.48036195635586
 20
150.8131529323591
 30
0.0
  0
ENDBLK
  5
8E4
330
8D7
100
AcDbEntity
  8
0
100
AcDbBlockEnd
  0
BLOCK
  5
904
330
8FA
100
AcDbEntity
  8
0
100
AcDbBlockBegin
  2
*D4
 70
     1
 10
0.0
 20
0.0
 30
0.0
  3
*D4
  1

  0
LINE
  5
ED3
330
8FA
100
AcDbEntity
  8
Cotas
 62
     0
370
    -2
100
AcDbLine
 10
69.44877873659016
 20
92.81315293235911
 30
0.0
 11
-41.38580040187575
 21
92.81315293235914
 31
0.0
  0
LINE
  5
ED4
330
8FA
100
AcDbEntity
  8
Cotas
 62
     0
370
    -2
100
AcDbLine
 10
50.07377873659016
 20
275.8131529323591
 30
0.0
 11
-41.38580040187571
 21
275.8131529323591
 31
0.0
  0
LINE
  5
ED5
330
8FA
100
AcDbEntity
  8
Cotas
 62
     0
370
    -2
100
AcDbLine
 10
-40.13580040187575
 20
95.31315293235914
 30
0.0
 11
-40.1358004018757
 21
273.3131529323591
 31
0.0
  0
SOLID
  5
ED6
330
8FA
100
AcDbEntity
  8
Cotas
 62
     0
100
AcDbTrace
 10
-40.55246706854241
 20
95.31315293235914
 30
0.0
 11
-39.71913373520909
 21
95.31315293235914
 31
0.0
 12
-40.13580040187575
 22
92.81315293235914
 32
0.0
 13
-40.13580040187575
 23
92.81315293235914
 33
0.0
  0
SOLID
  5
ED7
330
8FA
100
AcDbEntity
  8
Cotas
 62
     0
100
AcDbTrace
 10
-40.55246706854236
 20
273.3131529323591
 30
0.0
 11
-39.71913373520904
 21
273.3131529323591
 31
0.0
 12
-40.1358004018757
 22
275.8131529323591
 32
0.0
 13
-40.1358004018757
 23
275.8131529323591
 33
0.0
  0
MTEXT
  5
ED8
330
8FA
100
AcDbEntity
  8
Cotas
 62
     0
100
AcDbMText
 10
-42.01080040187576
 20
184.3131529323591
 30
0.0
 40
2.5
 41
0.0
 71
     5
 72
     1
  1
183
 11
0.0000000000000001
 21
1.0
 31
0.0
 73
     1
 44
1.0
1001
ACAD
1000
MTEXTBEGIN
1070
    73
1070
     1
1070
    44
1040
1.0
1070
    74
1070
     0
1000
MTEXTEND
  0
POINT
  5
ED9
330
8FA
100
AcDbEntity
  8
Defpoints
 62
     0
100
AcDbPoint
 10
70.07377873659016
 20
92.81315293235911
 30
0.0
  0
POINT
  5
EDA
330
8FA
100
AcDbEntity
  8
Defpoints
 62
     0
100
AcDbPoint
 10
50.69877873659016
 20
275.8131529323591
 30
0.0
  0
POINT
  5
EDB
330
8FA
100
AcDbEntity
  8
Defpoints
 62
     0
100
AcDbPoint
 10
-40.1358004018757
 20
275.8131529323591
 30
0.0
  0
ENDBLK
  5
905
330
8FA
100
AcDbEntity
  8
0
100
AcDbBlockEnd
  0
BLOCK
  5
989
330
97F
100
AcDbEntity
  8
0
100
AcDbBlockBegin
  2
*D9
 70
     1
 10
0.0
 20
0.0
 30
0.0
  3
*D9
  1

  0
LINE
  5
DAF
330
97F
100
AcDbEntity
  8
Cotas
 62
     0
370
    -2
100
AcDbLine
 10
323.3237787365902
 20
104.5631529323591
 30
0.0
 11
430.1570992661395
 21
104.5631529323591
 31
0.0
  0
LINE
  5
DB0
330
97F
100
AcDbEntity
  8
Cotas
 62
     0
370
    -2
100
AcDbLine
 10
361.3237787365902
 20
92.81315293235911
 30
0.0
 11
430.1570992661395
 21
92.81315293235911
 31
0.0
  0
LINE
  5
DB1
330
97F
100
AcDbEntity
  8
Cotas
 62
     0
370
    -2
100
AcDbLine
 10
428.9070992661395
 20
102.0631529323591
 30
0.0
 11
428.9070992661395
 21
95.31315293235911
 31
0.0
  0
SOLID
  5
DB2
330
97F
100
AcDbEntity
  8
Cotas
 62
     0
100
AcDbTrace
 10
428.4904325994729
 20
102.0631529323591
 30
0.0
 11
429.3237659328062
 21
102.0631529323591
 31
0.0
 12
428.9070992661395
 22
104.5631529323591
 32
0.0
 13
428.9070992661395
 23
104.5631529323591
 33
0.0
  0
SOLID
  5
DB3
330
97F
100
AcDbEntity
  8
Cotas
 62
     0
100
AcDbTrace
 10
428.4904325994729
 20
95.31315293235911
 30
0.0
 11
429.3237659328062
 21
95.31315293235911
 31
0.0
 12
428.9070992661395
 22
92.81315293235911
 32
0.0
 13
428.9070992661395
 23
92.81315293235911
 33
0.0
  0
MTEXT
  5
DB4
330
97F
100
AcDbEntity
  8
Cotas
 62
     0
100
AcDbMText
 10
426.8237659328062
 20
98.68815293235918
 30
0.0
 40
2.5
 41
0.0
 71
     5
 72
     1
  1
11,75
 11
0.0000000000000001
 21
1.0
 31
0.0
 73
     1
 44
1.0
1001
ACAD
1000
MTEXTBEGIN
1070
    73
1070
     1
1070
    44
1040
1.0
1070
    74
1070
     0
1000
MTEXTEND
  0
POINT
  5
DB5
330
97F
100
AcDbEntity
  8
Defpoints
 62
     0
100
AcDbPoint
 10
322.6987787365902
 20
104.5631529323591
 30
0.0
  0
POINT
  5
DB6
330
97F
100
AcDbEntity
  8
Defpoints
 62
     0
100
AcDbPoint
 10
360.6987787365901
 20
92.81315293235911
 30
0.0
  0
POINT
  5
DB7
330
97F
100
AcDbEntity
  8
Defpoints
 62
     0
100
AcDbPoint
 10
428.9070992661395
 20
92.81315293235911
 30
0.0
  0
ENDBLK
  5
98A
330
97F
100
AcDbEntity
  8
0
100
AcDbBlockEnd
  0
BLOCK
  5
9A2
330
997
100
AcDbEntity
  8
0
100
AcDbBlockBegin
  2
*D10
 70
     1
 10
0.0
 20
0.0
 30
0.0
  3
*D10
  1

  0
LINE
  5
DA5
330
997
100
AcDbEntity
  8
Cotas
 62
     0
370
    -2
100
AcDbLine
 10
323.9487787365902
 20
104.5631529323591
 30
0.0
 11
440.9835889829073
 21
104.563152932359
 31
0.0
  0
LINE
  5
DA6
330
997
100
AcDbEntity
  8
Cotas
 62
     0
370
    -2
100
AcDbLine
 10
338.8237787365902
 20
111.8131529323591
 30
0.0
 11
440.9835889829073
 21
111.8131529323591
 31
0.0
  0
LINE
  5
DA7
330
997
100
AcDbEntity
  8
Cotas
 62
     0
370
    -2
100
AcDbLine
 10
439.7335889829073
 20
107.0631529323591
 30
0.0
 11
439.7335889829073
 21
109.3131529323591
 31
0.0
  0
LINE
  5
DA8
330
997
100
AcDbEntity
  8
Cotas
 62
     0
370
    -2
100
AcDbLine
 10
439.7335889829073
 20
111.8131529323591
 30
0.0
 11
439.7335889829073
 21
123.4798195990257
 31
0.0
  0
SOLID
  5
DA9
330
997
100
AcDbEntity
  8
Cotas
 62
     0
100
AcDbTrace
 10
439.3169223162407
 20
107.0631529323591
 30
0.0
 11
440.150255649574
 21
107.0631529323591
 31
0.0
 12
439.7335889829073
 22
104.563152932359
 32
0.0
 13
439.7335889829073
 23
104.563152932359
 33
0.0
  0
SOLID
  5
DAA
330
997
100
AcDbEntity
  8
Cotas
 62
     0
100
AcDbTrace
 10
439.3169223162407
 20
109.3131529323591
 30
0.0
 11
440.150255649574
 21
109.3131529323591
 31
0.0
 12
439.7335889829073
 22
111.8131529323591
 32
0.0
 13
439.7335889829073
 23
111.8131529323591
 33
0.0
  0
MTEXT
  5
DAB
330
997
100
AcDbEntity
  8
Cotas
 62
     0
100
AcDbMText
 10
437.650255649574
 20
118.8964862656925
 30
0.0
 40
2.5
 41
0.0
 71
     5
 72
     1
  1
7,25
 11
0.0000000000000001
 21
1.0
 31
0.0
 73
     1
 44
1.0
1001
ACAD
1000
MTEXTBEGIN
1070
    73
1070
     1
1070
    44
1040
1.0
1070
    74
1070
     0
1000
MTEXTEND
  0
POINT
  5
DAC
330
997
100
AcDbEntity
  8
Defpoints
 62
     0
100
AcDbPoint
 10
323.3237787365902
 20
104.5631529323591
 30
0.0
  0
POINT
  5
DAD
330
997
100
AcDbEntity
  8
Defpoints
 62
     0
100
AcDbPoint
 10
338.1987787365902
 20
111.8131529323591
 30
0.0
  0
POINT
  5
DAE
330
997
100
AcDbEntity
  8
Defpoints
 62
     0
100
AcDbPoint
 10
439.7335889829073
 20
111.8131529323591
 30
0.0
  0
ENDBLK
  5
9A3
330
997
100
AcDbEntity
  8
0
100
AcDbBlockEnd
  0
BLOCK
  5
9D3
330
9C9
100
AcDbEntity
  8
0
100
AcDbBlockBegin
  2
*D11
 70
     1
 10
0.0
 20
0.0
 30
0.0
  3
*D11
  1

  0
LINE
  5
D9C
330
9C9
100
AcDbEntity
  8
Cotas
 62
     0
370
    -2
100
AcDbLine
 10
338.8237787365902
 20
111.8131529323591
 30
0.0
 11
415.9818846051835
 21
111.8131529323591
 31
0.0
  0
LINE
  5
D9D
330
9C9
100
AcDbEntity
  8
Cotas
 62
     0
370
    -2
100
AcDbLine
 10
315.5737787365902
 20
125.2365466910179
 30
0.0
 11
415.9818846051835
 21
125.2365466910179
 31
0.0
  0
LINE
  5
D9E
330
9C9
100
AcDbEntity
  8
Cotas
 62
     0
370
    -2
100
AcDbLine
 10
414.7318846051835
 20
114.3131529323591
 30
0.0
 11
414.7318846051835
 21
122.7365466910179
 31
0.0
  0
SOLID
  5
D9F
330
9C9
100
AcDbEntity
  8
Cotas
 62
     0
100
AcDbTrace
 10
414.3152179385167
 20
114.3131529323591
 30
0.0
 11
415.1485512718501
 21
114.3131529323591
 31
0.0
 12
414.7318846051835
 22
111.8131529323591
 32
0.0
 13
414.7318846051835
 23
111.8131529323591
 33
0.0
  0
SOLID
  5
DA0
330
9C9
100
AcDbEntity
  8
Cotas
 62
     0
100
AcDbTrace
 10
414.3152179385167
 20
122.7365466910179
 30
0.0
 11
415.1485512718501
 21
122.7365466910179
 31
0.0
 12
414.7318846051835
 22
125.2365466910179
 32
0.0
 13
414.7318846051835
 23
125.2365466910179
 33
0.0
  0
MTEXT
  5
DA1
330
9C9
100
AcDbEntity
  8
Cotas
 62
     0
100
AcDbMText
 10
412.6485512718502
 20
118.5248498116885
 30
0.0
 40
2.5
 41
0.0
 71
     5
 72
     1
  1
13,42
 11
0.0000000000000001
 21
1.0
 31
0.0
 73
     1
 44
1.0
1001
ACAD
1000
MTEXTBEGIN
1070
    73
1070
     1
1070
    44
1040
1.0
1070
    74
1070
     0
1000
MTEXTEND
  0
POINT
  5
DA2
330
9C9
100
AcDbEntity
  8
Defpoints
 62
     0
100
AcDbPoint
 10
338.1987787365902
 20
111.8131529323591
 30
0.0
  0
POINT
  5
DA3
330
9C9
100
AcDbEntity
  8
Defpoints
 62
     0
100
AcDbPoint
 10
314.9487787365901
 20
125.2365466910179
 30
0.0
  0
POINT
  5
DA4
330
9C9
100
AcDbEntity
  8
Defpoints
 62
     0
100
AcDbPoint
 10
414.7318846051835
 20
125.2365466910179
 30
0.0
  0
ENDBLK
  5
9D4
330
9C9
100
AcDbEntity
  8
0
100
AcDbBlockEnd
  0
BLOCK
  5
A1B
330
A11
100
AcDbEntity
  8
0
100
AcDbBlockBegin
  2
*D13
 70
     1
 10
0.0
 20
0.0
 30
0.0
  3
*D13
  1

  0
LINE
  5
D81
330
A11
100
AcDbEntity
  8
Cotas
 62
     0
370
    -2
100
AcDbLine
 10
370.6987787365902
 20
138.1881529323591
 30
0.0
 11
370.6987787365902
 21
79.75686376365548
 31
0.0
  0
LINE
  5
D82
330
A11
100
AcDbEntity
  8
Cotas
 62
     0
370
    -2
100
AcDbLine
 10
338.1987787365902
 20
111.1881529323591
 30
0.0
 11
338.1987787365902
 21
79.75686376365548
 31
0.0
  0
LINE
  5
D83
330
A11
100
AcDbEntity
  8
Cotas
 62
     0
370
    -2
100
AcDbLine
 10
368.1987787365902
 20
81.00686376365548
 30
0.0
 11
340.6987787365902
 21
81.00686376365548
 31
0.0
  0
SOLID
  5
D84
330
A11
100
AcDbEntity
  8
Cotas
 62
     0
100
AcDbTrace
 10
368.1987787365902
 20
81.42353043032214
 30
0.0
 11
368.1987787365902
 21
80.5901970969888
 31
0.0
 12
370.6987787365902
 22
81.00686376365548
 32
0.0
 13
370.6987787365902
 23
81.00686376365548
 33
0.0
  0
SOLID
  5
D85
330
A11
100
AcDbEntity
  8
Cotas
 62
     0
100
AcDbTrace
 10
340.6987787365902
 20
81.42353043032214
 30
0.0
 11
340.6987787365902
 21
80.5901970969888
 31
0.0
 12
338.1987787365902
 22
81.00686376365548
 32
0.0
 13
338.1987787365902
 23
81.00686376365548
 33
0.0
  0
MTEXT
  5
D86
330
A11
100
AcDbEntity
  8
Cotas
 62
     0
100
AcDbMText
 10
354.4487787365901
 20
83.0901970969888
 30
0.0
 40
2.5
 41
0.0
 71
     5
 72
     1
  1
32,5
 73
     1
 44
1.0
1001
ACAD
1000
MTEXTBEGIN
1070
    73
1070
     1
1070
    44
1040
1.0
1070
    74
1070
     0
1000
MTEXTEND
  0
POINT
  5
D87
330
A11
100
AcDbEntity
  8
Defpoints
 62
     0
100
AcDbPoint
 10
370.6987787365902
 20
138.8131529323591
 30
0.0
  0
POINT
  5
D88
330
A11
100
AcDbEntity
  8
Defpoints
 62
     0
100
AcDbPoint
 10
338.1987787365902
 20
111.8131529323591
 30
0.0
  0
POINT
  5
D89
330
A11
100
AcDbEntity
  8
Defpoints
 62
     0
100
AcDbPoint
 10
338.1987787365902
 20
81.00686376365548
 30
0.0
  0
ENDBLK
  5
A1C
330
A11
100
AcDbEntity
  8
0
100
AcDbBlockEnd
  0
BLOCK
  5
A33
330
A29
100
AcDbEntity
  8
0
100
AcDbBlockBegin
  2
*D14
 70
     1
 10
0.0
 20
0.0
 30
0.0
  3
*D14
  1

  0
LINE
  5
D60
330
A29
100
AcDbEntity
  8
Cotas
 62
     0
370
    -2
100
AcDbLine
 10
338.1987787365902
 20
111.1881529323591
 30
0.0
 11
338.1987787365902
 21
79.75686376365548
 31
0.0
  0
LINE
  5
D61
330
A29
100
AcDbEntity
  8
Cotas
 62
     0
370
    -2
100
AcDbLine
 10
322.6987787365902
 20
103.9381529323591
 30
0.0
 11
322.6987787365902
 21
79.75686376365548
 31
0.0
  0
LINE
  5
D62
330
A29
100
AcDbEntity
  8
Cotas
 62
     0
370
    -2
100
AcDbLine
 10
335.6987787365902
 20
81.00686376365548
 30
0.0
 11
325.1987787365902
 21
81.00686376365548
 31
0.0
  0
SOLID
  5
D63
330
A29
100
AcDbEntity
  8
Cotas
 62
     0
100
AcDbTrace
 10
335.6987787365902
 20
81.42353043032214
 30
0.0
 11
335.6987787365902
 21
80.5901970969888
 31
0.0
 12
338.1987787365902
 22
81.00686376365548
 32
0.0
 13
338.1987787365902
 23
81.00686376365548
 33
0.0
  0
SOLID
  5
D64
330
A29
100
AcDbEntity
  8
Cotas
 62
     0
100
AcDbTrace
 10
325.1987787365902
 20
81.42353043032214
 30
0.0
 11
325.1987787365902
 21
80.5901970969888
 31
0.0
 12
322.6987787365902
 22
81.00686376365548
 32
0.0
 13
322.6987787365902
 23
81.00686376365548
 33
0.0
  0
MTEXT
  5
D65
330
A29
100
AcDbEntity
  8
Cotas
 62
     0
100
AcDbMText
 10
330.4487787365902
 20
83.0901970969888
 30
0.0
 40
2.5
 41
0.0
 71
     5
 72
     1
  1
15,5
 73
     1
 44
1.0
1001
ACAD
1000
MTEXTBEGIN
1070
    73
1070
     1
1070
    44
1040
1.0
1070
    74
1070
     0
1000
MTEXTEND
  0
POINT
  5
D66
330
A29
100
AcDbEntity
  8
Defpoints
 62
     0
100
AcDbPoint
 10
338.1987787365902
 20
111.8131529323591
 30
0.0
  0
POINT
  5
D67
330
A29
100
AcDbEntity
  8
Defpoints
 62
     0
100
AcDbPoint
 10
322.6987787365902
 20
104.5631529323591
 30
0.0
  0
POINT
  5
D68
330
A29
100
AcDbEntity
  8
Defpoints
 62
     0
100
AcDbPoint
 10
322.6987787365902
 20
81.00686376365548
 30
0.0
  0
ENDBLK
  5
A34
330
A29
100
AcDbEntity
  8
0
100
AcDbBlockEnd
  0
BLOCK
  5
A4C
330
A41
100
AcDbEntity
  8
0
100
AcDbBlockBegin
  2
*D15
 70
     1
 10
0.0
 20
0.0
 30
0.0
  3
*D15
  1

  0
LINE
  5
D56
330
A41
100
AcDbEntity
  8
Cotas
 62
     0
370
    -2
100
AcDbLine
 10
322.6987787365902
 20
103.9381529323591
 30
0.0
 11
322.6987787365902
 21
65.42565114677234
 31
0.0
  0
LINE
  5
D57
330
A41
100
AcDbEntity
  8
Cotas
 62
     0
370
    -2
100
AcDbLine
 10
314.9487787365901
 20
124.6115466910179
 30
0.0
 11
314.9487787365901
 21
65.42565114677234
 31
0.0
  0
LINE
  5
D58
330
A41
100
AcDbEntity
  8
Cotas
 62
     0
370
    -2
100
AcDbLine
 10
320.1987787365902
 20
66.67565114677234
 30
0.0
 11
317.4487787365901
 21
66.67565114677234
 31
0.0
  0
LINE
  5
D59
330
A41
100
AcDbEntity
  8
Cotas
 62
     0
370
    -2
100
AcDbLine
 10
314.9487787365901
 20
66.67565114677234
 30
0.0
 11
303.2821120699235
 21
66.67565114677234
 31
0.0
  0
SOLID
  5
D5A
330
A41
100
AcDbEntity
  8
Cotas
 62
     0
100
AcDbTrace
 10
320.1987787365902
 20
67.09231781343901
 30
0.0
 11
320.1987787365902
 21
66.25898448010566
 31
0.0
 12
322.6987787365902
 22
66.67565114677234
 32
0.0
 13
322.6987787365902
 23
66.67565114677234
 33
0.0
  0
SOLID
  5
D5B
330
A41
100
AcDbEntity
  8
Cotas
 62
     0
100
AcDbTrace
 10
317.4487787365901
 20
67.09231781343901
 30
0.0
 11
317.4487787365901
 21
66.25898448010566
 31
0.0
 12
314.9487787365901
 22
66.67565114677234
 32
0.0
 13
314.9487787365901
 23
66.67565114677234
 33
0.0
  0
MTEXT
  5
D5C
330
A41
100
AcDbEntity
  8
Cotas
 62
     0
100
AcDbMText
 10
307.8654454032569
 20
68.75898448010566
 30
0.0
 40
2.5
 41
0.0
 71
     5
 72
     1
  1
7,75
 73
     1
 44
1.0
1001
ACAD
1000
MTEXTBEGIN
1070
    73
1070
     1
1070
    44
1040
1.0
1070
    74
1070
     0
1000
MTEXTEND
  0
POINT
  5
D5D
330
A41
100
AcDbEntity
  8
Defpoints
 62
     0
100
AcDbPoint
 10
322.6987787365902
 20
104.5631529323591
 30
0.0
  0
POINT
  5
D5E
330
A41
100
AcDbEntity
  8
Defpoints
 62
     0
100
AcDbPoint
 10
314.9487787365901
 20
125.2365466910179
 30
0.0
  0
POINT
  5
D5F
330
A41
100
AcDbEntity
  8
Defpoints
 62
     0
100
AcDbPoint
 10
314.9487787365901
 20
66.67565114677234
 30
0.0
  0
ENDBLK
  5
A4D
330
A41
100
AcDbEntity
  8
0
100
AcDbBlockEnd
  0
BLOCK
  5
A66
330
A5B
100
AcDbEntity
  8
0
100
AcDbBlockBegin
  2
*D16
 70
     1
 10
0.0
 20
0.0
 30
0.0
  3
*D16
  1

  0
LINE
  5
D4C
330
A5B
100
AcDbEntity
  8
Cotas
 62
     0
370
    -2
100
AcDbLine
 10
314.9487787365901
 20
124.6115466910179
 30
0.0
 11
314.9487787365901
 21
79.13376770262448
 31
0.0
  0
LINE
  5
D4D
330
A5B
100
AcDbEntity
  8
Cotas
 62
     0
370
    -2
100
AcDbLine
 10
307.1987787365902
 20
111.1881529323591
 30
0.0
 11
307.1987787365902
 21
79.13376770262448
 31
0.0
  0
LINE
  5
D4E
330
A5B
100
AcDbEntity
  8
Cotas
 62
     0
370
    -2
100
AcDbLine
 10
312.4487787365902
 20
80.38376770262448
 30
0.0
 11
309.6987787365902
 21
80.38376770262448
 31
0.0
  0
LINE
  5
D4F
330
A5B
100
AcDbEntity
  8
Cotas
 62
     0
370
    -2
100
AcDbLine
 10
307.1987787365902
 20
80.38376770262448
 30
0.0
 11
295.5321120699235
 21
80.38376770262448
 31
0.0
  0
SOLID
  5
D50
330
A5B
100
AcDbEntity
  8
Cotas
 62
     0
100
AcDbTrace
 10
312.4487787365902
 20
80.80043436929114
 30
0.0
 11
312.4487787365902
 21
79.96710103595781
 31
0.0
 12
314.9487787365901
 22
80.38376770262448
 32
0.0
 13
314.9487787365901
 23
80.38376770262448
 33
0.0
  0
SOLID
  5
D51
330
A5B
100
AcDbEntity
  8
Cotas
 62
     0
100
AcDbTrace
 10
309.6987787365902
 20
80.80043436929114
 30
0.0
 11
309.6987787365902
 21
79.96710103595781
 31
0.0
 12
307.1987787365902
 22
80.38376770262448
 32
0.0
 13
307.1987787365902
 23
80.38376770262448
 33
0.0
  0
MTEXT
  5
D52
330
A5B
100
AcDbEntity
  8
Cotas
 62
     0
100
AcDbMText
 10
300.1154454032569
 20
82.46710103595781
 30
0.0
 40
2.5
 41
0.0
 71
     5
 72
     1
  1
7,75
 73
     1
 44
1.0
1001
ACAD
1000
MTEXTBEGIN
1070
    73
1070
     1
1070
    44
1040
1.0
1070
    74
1070
     0
1000
MTEXTEND
  0
POINT
  5
D53
330
A5B
100
AcDbEntity
  8
Defpoints
 62
     0
100
AcDbPoint
 10
314.9487787365901
 20
125.2365466910179
 30
0.0
  0
POINT
  5
D54
330
A5B
100
AcDbEntity
  8
Defpoints
 62
     0
100
AcDbPoint
 10
307.1987787365902
 20
111.8131529323591
 30
0.0
  0
POINT
  5
D55
330
A5B
100
AcDbEntity
  8
Defpoints
 62
     0
100
AcDbPoint
 10
307.1987787365902
 20
80.38376770262448
 30
0.0
  0
ENDBLK
  5
A67
330
A5B
100
AcDbEntity
  8
0
100
AcDbBlockEnd
  0
BLOCK
  5
A7C
330
A75
100
AcDbEntity
  8
0
100
AcDbBlockBegin
  2
*D17
 70
     1
 10
0.0
 20
0.0
 30
0.0
  3
*D17
  1

  0
LINE
  5
D69
330
A75
100
AcDbEntity
  8
Cotas
 62
     0
370
    -2
100
AcDbLine
 10
336.397764838901
 20
120.8628555980457
 30
0.0
 11
328.3606223119237
 21
111.299882652962
 31
0.0
  0
MTEXT
  5
D6A
330
A75
100
AcDbEntity
  8
Cotas
 62
     0
100
AcDbMText
 10
331.8540182512267
 20
118.6945407756042
 30
0.0
 40
2.5
 41
0.0
 71
     5
 72
     1
  1
R6,3
 11
0.6433913153788064
 21
0.7655374682503329
 31
0.0
 73
     1
 44
1.0
1001
ACAD
1000
MTEXTBEGIN
1070
    73
1070
     1
1070
    44
1040
1.0
1070
    74
1070
     0
1000
MTEXTEND
  0
LINE
  5
D6B
330
A75
100
AcDbEntity
  8
Cotas
 62
     0
370
    -2
100
AcDbLine
 10
322.6987787365904
 20
104.5631529323593
 30
0.0
 11
326.7521440234767
 21
109.3860389823362
 31
0.0
  0
SOLID
  5
D6C
330
A75
100
AcDbEntity
  8
Cotas
 62
     0
100
AcDbTrace
 10
328.0416483668194
 20
111.5679623677032
 30
0.0
 11
328.679596257028
 21
111.0318029382209
 31
0.0
 12
326.7521440234767
 22
109.3860389823362
 32
0.0
 13
326.7521440234767
 23
109.3860389823362
 33
0.0
  0
POINT
  5
D6D
330
A75
100
AcDbEntity
  8
Defpoints
 62
     0
100
AcDbPoint
 10
326.7521440234767
 20
109.3860389823362
 30
0.0
  0
POINT
  5
D6E
330
A75
100
AcDbEntity
  8
Defpoints
 62
     0
100
AcDbPoint
 10
322.6987787365904
 20
104.5631529323593
 30
0.0
  0
ENDBLK
  5
A7D
330
A75
100
AcDbEntity
  8
0
100
AcDbBlockEnd
  0
BLOCK
  5
AA9
330
A9F
100
AcDbEntity
  8
0
100
AcDbBlockBegin
  2
*D19
 70
     1
 10
0.0
 20
0.0
 30
0.0
  3
*D19
  1

  0
LINE
  5
C92
330
A9F
100
AcDbEntity
  8
Cotas
 62
     0
370
    -2
100
AcDbLine
 10
70.69877873659016
 20
92.18815293235911
 30
0.0
 11
70.69877873659016
 21
44.34370995424479
 31
0.0
  0
LINE
  5
C93
330
A9F
100
AcDbEntity
  8
Cotas
 62
     0
370
    -2
100
AcDbLine
 10
108.6987787365901
 20
103.9381529323591
 30
0.0
 11
108.6987787365901
 21
44.34370995424479
 31
0.0
  0
LINE
  5
C94
330
A9F
100
AcDbEntity
  8
Cotas
 62
     0
370
    -2
100
AcDbLine
 10
73.19877873659016
 20
45.59370995424479
 30
0.0
 11
106.1987787365901
 21
45.59370995424479
 31
0.0
  0
SOLID
  5
C95
330
A9F
100
AcDbEntity
  8
Cotas
 62
     0
100
AcDbTrace
 10
73.19877873659016
 20
46.01037662091145
 30
0.0
 11
73.19877873659016
 21
45.17704328757812
 31
0.0
 12
70.69877873659016
 22
45.59370995424479
 32
0.0
 13
70.69877873659016
 23
45.59370995424479
 33
0.0
  0
SOLID
  5
C96
330
A9F
100
AcDbEntity
  8
Cotas
 62
     0
100
AcDbTrace
 10
106.1987787365901
 20
46.01037662091145
 30
0.0
 11
106.1987787365901
 21
45.17704328757812
 31
0.0
 12
108.6987787365901
 22
45.59370995424479
 32
0.0
 13
108.6987787365901
 23
45.59370995424479
 33
0.0
  0
MTEXT
  5
C97
330
A9F
100
AcDbEntity
  8
Cotas
 62
     0
100
AcDbMText
 10
89.69877873659015
 20
47.46870995424479
 30
0.0
 40
2.5
 41
0.0
 71
     5
 72
     1
  1
38
 73
     1
 44
1.0
1001
ACAD
1000
MTEXTBEGIN
1070
    73
1070
     1
1070
    44
1040
1.0
1070
    74
1070
     0
1000
MTEXTEND
  0
POINT
  5
C98
330
A9F
100
AcDbEntity
  8
Defpoints
 62
     0
100
AcDbPoint
 10
70.69877873659016
 20
92.81315293235911
 30
0.0
  0
POINT
  5
C99
330
A9F
100
AcDbEntity
  8
Defpoints
 62
     0
100
AcDbPoint
 10
108.6987787365901
 20
104.5631529323591
 30
0.0
  0
POINT
  5
C9A
330
A9F
100
AcDbEntity
  8
Defpoints
 62
     0
100
AcDbPoint
 10
108.6987787365901
 20
45.59370995424479
 30
0.0
  0
ENDBLK
  5
AAA
330
A9F
100
AcDbEntity
  8
0
100
AcDbBlockEnd
  0
BLOCK
  5
AC1
330
AB7
100
AcDbEntity
  8
0
100
AcDbBlockBegin
  2
*D20
 70
     1
 10
0.0
 20
0.0
 30
0.0
  3
*D20
  1

  0
LINE
  5
CAD
330
AB7
100
AcDbEntity
  8
Cotas
 62
     0
370
    -2
100
AcDbLine
 10
215.6987787365902
 20
103.9381529323591
 30
0.0
 11
215.6987787365902
 21
44.32796113002337
 31
0.0
  0
LINE
  5
CAE
330
AB7
100
AcDbEntity
  8
Cotas
 62
     0
370
    -2
100
AcDbLine
 10
108.6987787365901
 20
103.9381529323591
 30
0.0
 11
108.6987787365901
 21
44.32796113002337
 31
0.0
  0
LINE
  5
CAF
330
AB7
100
AcDbEntity
  8
Cotas
 62
     0
370
    -2
100
AcDbLine
 10
213.1987787365901
 20
45.57796113002337
 30
0.0
 11
111.1987787365901
 21
45.57796113002337
 31
0.0
  0
SOLID
  5
CB0
330
AB7
100
AcDbEntity
  8
Cotas
 62
     0
100
AcDbTrace
 10
213.1987787365901
 20
45.99462779669003
 30
0.0
 11
213.1987787365901
 21
45.1612944633567
 31
0.0
 12
215.6987787365902
 22
45.57796113002337
 32
0.0
 13
215.6987787365902
 23
45.57796113002337
 33
0.0
  0
SOLID
  5
CB1
330
AB7
100
AcDbEntity
  8
Cotas
 62
     0
100
AcDbTrace
 10
111.1987787365901
 20
45.99462779669003
 30
0.0
 11
111.1987787365901
 21
45.1612944633567
 31
0.0
 12
108.6987787365901
 22
45.57796113002337
 32
0.0
 13
108.6987787365901
 23
45.57796113002337
 33
0.0
  0
MTEXT
  5
CB2
330
AB7
100
AcDbEntity
  8
Cotas
 62
     0
100
AcDbMText
 10
162.1987787365901
 20
47.45296113002337
 30
0.0
 40
2.5
 41
0.0
 71
     5
 72
     1
  1
107
 73
     1
 44
1.0
1001
ACAD
1000
MTEXTBEGIN
1070
    73
1070
     1
1070
    44
1040
1.0
1070
    74
1070
     0
1000
MTEXTEND
  0
POINT
  5
CB3
330
AB7
100
AcDbEntity
  8
Defpoints
 62
     0
100
AcDbPoint
 10
215.6987787365902
 20
104.5631529323591
 30
0.0
  0
POINT
  5
CB4
330
AB7
100
AcDbEntity
  8
Defpoints
 62
     0
100
AcDbPoint
 10
108.6987787365901
 20
104.5631529323591
 30
0.0
  0
POINT
  5
CB5
330
AB7
100
AcDbEntity
  8
Defpoints
 62
     0
100
AcDbPoint
 10
108.6987787365901
 20
45.57796113002337
 30
0.0
  0
ENDBLK
  5
AC2
330
AB7
100
AcDbEntity
  8
0
100
AcDbBlockEnd
  0
BLOCK
  5
AF1
330
AE7
100
AcDbEntity
  8
0
100
AcDbBlockBegin
  2
*D22
 70
     1
 10
0.0
 20
0.0
 30
0.0
  3
*D22
  1

  0
LINE
  5
D6F
330
AE7
100
AcDbEntity
  8
Cotas
 62
     0
370
    -2
100
AcDbLine
 10
245.1987787365901
 20
138.1881529323591
 30
0.0
 11
245.1987787365901
 21
137.5239890701582
 31
0.0
  0
LINE
  5
D70
330
AE7
100
AcDbEntity
  8
Cotas
 62
     0
370
    -2
100
AcDbLine
 10
186.1987787365902
 20
138.1881529323591
 30
0.0
 11
186.1987787365902
 21
137.5239890701582
 31
0.0
  0
LINE
  5
D71
330
AE7
100
AcDbEntity
  8
Cotas
 62
     0
370
    -2
100
AcDbLine
 10
242.6987787365901
 20
138.7739890701582
 30
0.0
 11
188.6987787365901
 21
138.7739890701582
 31
0.0
  0
SOLID
  5
D72
330
AE7
100
AcDbEntity
  8
Cotas
 62
     0
100
AcDbTrace
 10
242.6987787365901
 20
139.1906557368248
 30
0.0
 11
242.6987787365901
 21
138.3573224034915
 31
0.0
 12
245.1987787365901
 22
138.7739890701582
 32
0.0
 13
245.1987787365901
 23
138.7739890701582
 33
0.0
  0
SOLID
  5
D73
330
AE7
100
AcDbEntity
  8
Cotas
 62
     0
100
AcDbTrace
 10
188.6987787365901
 20
139.1906557368248
 30
0.0
 11
188.6987787365901
 21
138.3573224034915
 31
0.0
 12
186.1987787365902
 22
138.7739890701582
 32
0.0
 13
186.1987787365902
 23
138.7739890701582
 33
0.0
  0
MTEXT
  5
D74
330
AE7
100
AcDbEntity
  8
Cotas
 62
     0
100
AcDbMText
 10
215.6987787365902
 20
140.6489890701582
 30
0.0
 40
2.5
 41
0.0
 71
     5
 72
     1
  1
59
 73
     1
 44
1.0
1001
ACAD
1000
MTEXTBEGIN
1070
    73
1070
     1
1070
    44
1040
1.0
1070
    74
1070
     0
1000
MTEXTEND
  0
POINT
  5
D75
330
AE7
100
AcDbEntity
  8
Defpoints
 62
     0
100
AcDbPoint
 10
245.1987787365901
 20
138.8131529323591
 30
0.0
  0
POINT
  5
D76
330
AE7
100
AcDbEntity
  8
Defpoints
 62
     0
100
AcDbPoint
 10
186.1987787365902
 20
138.8131529323591
 30
0.0
  0
POINT
  5
D77
330
AE7
100
AcDbEntity
  8
Defpoints
 62
     0
100
AcDbPoint
 10
186.1987787365902
 20
138.7739890701582
 30
0.0
  0
ENDBLK
  5
AF2
330
AE7
100
AcDbEntity
  8
0
100
AcDbBlockEnd
  0
BLOCK
  5
B81
330
B77
100
AcDbEntity
  8
0
100
AcDbBlockBegin
  2
*D28
 70
     1
 10
0.0
 20
0.0
 30
0.0
  3
*D28
  1

  0
LINE
  5
CDA
330
B77
100
AcDbEntity
  8
Cotas
 62
     0
370
    -2
100
AcDbLine
 10
349.6987787365902
 20
230.4381529323591
 30
0.0
 11
349.6987787365902
 21
268.3803777708472
 31
0.0
  0
LINE
  5
CDB
330
B77
100
AcDbEntity
  8
Cotas
 62
     0
370
    -2
100
AcDbLine
 10
295.6987787365902
 20
230.4381529323591
 30
0.0
 11
295.6987787365902
 21
268.3803777708472
 31
0.0
  0
LINE
  5
CDC
330
B77
100
AcDbEntity
  8
Cotas
 62
     0
370
    -2
100
AcDbLine
 10
347.1987787365902
 20
267.1303777708472
 30
0.0
 11
298.1987787365902
 21
267.1303777708472
 31
0.0
  0
SOLID
  5
CDD
330
B77
100
AcDbEntity
  8
Cotas
 62
     0
100
AcDbTrace
 10
347.1987787365902
 20
267.5470444375139
 30
0.0
 11
347.1987787365902
 21
266.7137111041805
 31
0.0
 12
349.6987787365902
 22
267.1303777708472
 32
0.0
 13
349.6987787365902
 23
267.1303777708472
 33
0.0
  0
SOLID
  5
CDE
330
B77
100
AcDbEntity
  8
Cotas
 62
     0
100
AcDbTrace
 10
298.1987787365902
 20
267.5470444375139
 30
0.0
 11
298.1987787365902
 21
266.7137111041805
 31
0.0
 12
295.6987787365902
 22
267.1303777708472
 32
0.0
 13
295.6987787365902
 23
267.1303777708472
 33
0.0
  0
MTEXT
  5
CDF
330
B77
100
AcDbEntity
  8
Cotas
 62
     0
100
AcDbMText
 10
322.6987787365902
 20
269.0053777708472
 30
0.0
 40
2.5
 41
0.0
 71
     5
 72
     1
  1
54
 73
     1
 44
1.0
1001
ACAD
1000
MTEXTBEGIN
1070
    73
1070
     1
1070
    44
1040
1.0
1070
    74
1070
     0
1000
MTEXTEND
  0
POINT
  5
CE0
330
B77
100
AcDbEntity
  8
Defpoints
 62
     0
100
AcDbPoint
 10
349.6987787365902
 20
229.8131529323591
 30
0.0
  0
POINT
  5
CE1
330
B77
100
AcDbEntity
  8
Defpoints
 62
     0
100
AcDbPoint
 10
295.6987787365902
 20
229.8131529323591
 30
0.0
  0
POINT
  5
CE2
330
B77
100
AcDbEntity
  8
Defpoints
 62
     0
100
AcDbPoint
 10
295.6987787365902
 20
267.1303777708472
 30
0.0
  0
ENDBLK
  5
B82
330
B77
100
AcDbEntity
  8
0
100
AcDbBlockEnd
  0
BLOCK
  5
B99
330
B8F
100
AcDbEntity
  8
0
100
AcDbBlockBegin
  2
*D29
 70
     1
 10
0.0
 20
0.0
 30
0.0
  3
*D29
  1

  0
LINE
  5
CFE
330
B8F
100
AcDbEntity
  8
Cotas
 62
     0
370
    -2
100
AcDbLine
 10
295.6987787365902
 20
230.4381529323591
 30
0.0
 11
295.6987787365902
 21
268.3803777708472
 31
0.0
  0
LINE
  5
CFF
330
B8F
100
AcDbEntity
  8
Cotas
 62
     0
370
    -2
100
AcDbLine
 10
245.1987787365902
 20
238.9381529323591
 30
0.0
 11
245.1987787365902
 21
268.3803777708472
 31
0.0
  0
LINE
  5
D00
330
B8F
100
AcDbEntity
  8
Cotas
 62
     0
370
    -2
100
AcDbLine
 10
293.1987787365902
 20
267.1303777708472
 30
0.0
 11
247.6987787365902
 21
267.1303777708472
 31
0.0
  0
SOLID
  5
D01
330
B8F
100
AcDbEntity
  8
Cotas
 62
     0
100
AcDbTrace
 10
293.1987787365902
 20
267.5470444375139
 30
0.0
 11
293.1987787365902
 21
266.7137111041805
 31
0.0
 12
295.6987787365902
 22
267.1303777708472
 32
0.0
 13
295.6987787365902
 23
267.1303777708472
 33
0.0
  0
SOLID
  5
D02
330
B8F
100
AcDbEntity
  8
Cotas
 62
     0
100
AcDbTrace
 10
247.6987787365902
 20
267.5470444375139
 30
0.0
 11
247.6987787365902
 21
266.7137111041805
 31
0.0
 12
245.1987787365902
 22
267.1303777708472
 32
0.0
 13
245.1987787365902
 23
267.1303777708472
 33
0.0
  0
MTEXT
  5
D03
330
B8F
100
AcDbEntity
  8
Cotas
 62
     0
100
AcDbMText
 10
270.4487787365902
 20
269.2137111041805
 30
0.0
 40
2.5
 41
0.0
 71
     5
 72
     1
  1
50,5
 73
     1
 44
1.0
1001
ACAD
1000
MTEXTBEGIN
1070
    73
1070
     1
1070
    44
1040
1.0
1070
    74
1070
     0
1000
MTEXTEND
  0
POINT
  5
D04
330
B8F
100
AcDbEntity
  8
Defpoints
 62
     0
100
AcDbPoint
 10
295.6987787365902
 20
229.8131529323591
 30
0.0
  0
POINT
  5
D05
330
B8F
100
AcDbEntity
  8
Defpoints
 62
     0
100
AcDbPoint
 10
245.1987787365902
 20
238.3131529323591
 30
0.0
  0
POINT
  5
D06
330
B8F
100
AcDbEntity
  8
Defpoints
 62
     0
100
AcDbPoint
 10
245.1987787365902
 20
267.1303777708472
 30
0.0
  0
ENDBLK
  5
B9A
330
B8F
100
AcDbEntity
  8
0
100
AcDbBlockEnd
  0
BLOCK
  5
BB1
330
BA7
100
AcDbEntity
  8
0
100
AcDbBlockBegin
  2
*D30
 70
     1
 10
0.0
 20
0.0
 30
0.0
  3
*D30
  1

  0
LINE
  5
CE3
330
BA7
100
AcDbEntity
  8
Cotas
 62
     0
370
    -2
100
AcDbLine
 10
245.1987787365902
 20
238.9381529323591
 30
0.0
 11
245.1987787365902
 21
268.1242869370494
 31
0.0
  0
LINE
  5
CE4
330
BA7
100
AcDbEntity
  8
Cotas
 62
     0
370
    -2
100
AcDbLine
 10
186.1987787365902
 20
238.9381529323591
 30
0.0
 11
186.1987787365902
 21
268.1242869370494
 31
0.0
  0
LINE
  5
CE5
330
BA7
100
AcDbEntity
  8
Cotas
 62
     0
370
    -2
100
AcDbLine
 10
242.6987787365902
 20
266.8742869370494
 30
0.0
 11
188.6987787365901
 21
266.8742869370494
 31
0.0
  0
SOLID
  5
CE6
330
BA7
100
AcDbEntity
  8
Cotas
 62
     0
100
AcDbTrace
 10
242.6987787365902
 20
267.2909536037161
 30
0.0
 11
242.6987787365902
 21
266.4576202703827
 31
0.0
 12
245.1987787365902
 22
266.8742869370494
 32
0.0
 13
245.1987787365902
 23
266.8742869370494
 33
0.0
  0
SOLID
  5
CE7
330
BA7
100
AcDbEntity
  8
Cotas
 62
     0
100
AcDbTrace
 10
188.6987787365901
 20
267.2909536037161
 30
0.0
 11
188.6987787365901
 21
266.4576202703827
 31
0.0
 12
186.1987787365902
 22
266.8742869370494
 32
0.0
 13
186.1987787365902
 23
266.8742869370494
 33
0.0
  0
MTEXT
  5
CE8
330
BA7
100
AcDbEntity
  8
Cotas
 62
     0
100
AcDbMText
 10
215.6987787365902
 20
268.7492869370494
 30
0.0
 40
2.5
 41
0.0
 71
     5
 72
     1
  1
59
 73
     1
 44
1.0
1001
ACAD
1000
MTEXTBEGIN
1070
    73
1070
     1
1070
    44
1040
1.0
1070
    74
1070
     0
1000
MTEXTEND
  0
POINT
  5
CE9
330
BA7
100
AcDbEntity
  8
Defpoints
 62
     0
100
AcDbPoint
 10
245.1987787365902
 20
238.3131529323591
 30
0.0
  0
POINT
  5
CEA
330
BA7
100
AcDbEntity
  8
Defpoints
 62
     0
100
AcDbPoint
 10
186.1987787365902
 20
238.3131529323591
 30
0.0
  0
POINT
  5
CEB
330
BA7
100
AcDbEntity
  8
Defpoints
 62
     0
100
AcDbPoint
 10
186.1987787365902
 20
266.8742869370494
 30
0.0
  0
ENDBLK
  5
BB2
330
BA7
100
AcDbEntity
  8
0
100
AcDbBlockEnd
  0
BLOCK
  5
BE1
330
BD7
100
AcDbEntity
  8
0
100
AcDbBlockBegin
  2
*D32
 70
     1
 10
0.0
 20
0.0
 30
0.0
  3
*D32
  1

  0
LINE
  5
CF5
330
BD7
100
AcDbEntity
  8
Cotas
 62
     0
370
    -2
100
AcDbLine
 10
186.1987787365902
 20
238.9381529323591
 30
0.0
 11
186.1987787365902
 21
268.0608417961639
 31
0.0
  0
LINE
  5
CF6
330
BD7
100
AcDbEntity
  8
Cotas
 62
     0
370
    -2
100
AcDbLine
 10
135.6987787365901
 20
230.4381529323591
 30
0.0
 11
135.6987787365901
 21
268.0608417961639
 31
0.0
  0
LINE
  5
CF7
330
BD7
100
AcDbEntity
  8
Cotas
 62
     0
370
    -2
100
AcDbLine
 10
183.6987787365902
 20
266.8108417961639
 30
0.0
 11
138.1987787365901
 21
266.8108417961639
 31
0.0
  0
SOLID
  5
CF8
330
BD7
100
AcDbEntity
  8
Cotas
 62
     0
100
AcDbTrace
 10
183.6987787365902
 20
267.2275084628306
 30
0.0
 11
183.6987787365902
 21
266.3941751294972
 31
0.0
 12
186.1987787365902
 22
266.8108417961639
 32
0.0
 13
186.1987787365902
 23
266.8108417961639
 33
0.0
  0
SOLID
  5
CF9
330
BD7
100
AcDbEntity
  8
Cotas
 62
     0
100
AcDbTrace
 10
138.1987787365901
 20
267.2275084628306
 30
0.0
 11
138.1987787365901
 21
266.3941751294972
 31
0.0
 12
135.6987787365901
 22
266.8108417961639
 32
0.0
 13
135.6987787365901
 23
266.8108417961639
 33
0.0
  0
MTEXT
  5
CFA
330
BD7
100
AcDbEntity
  8
Cotas
 62
     0
100
AcDbMText
 10
160.9487787365901
 20
268.8941751294972
 30
0.0
 40
2.5
 41
0.0
 71
     5
 72
     1
  1
50,5
 73
     1
 44
1.0
1001
ACAD
1000
MTEXTBEGIN
1070
    73
1070
     1
1070
    44
1040
1.0
1070
    74
1070
     0
1000
MTEXTEND
  0
POINT
  5
CFB
330
BD7
100
AcDbEntity
  8
Defpoints
 62
     0
100
AcDbPoint
 10
186.1987787365902
 20
238.3131529323591
 30
0.0
  0
POINT
  5
CFC
330
BD7
100
AcDbEntity
  8
Defpoints
 62
     0
100
AcDbPoint
 10
135.6987787365901
 20
229.8131529323591
 30
0.0
  0
POINT
  5
CFD
330
BD7
100
AcDbEntity
  8
Defpoints
 62
     0
100
AcDbPoint
 10
135.6987787365901
 20
266.8108417961639
 30
0.0
  0
ENDBLK
  5
BE2
330
BD7
100
AcDbEntity
  8
0
100
AcDbBlockEnd
  0
BLOCK
  5
BF9
330
BEF
100
AcDbEntity
  8
0
100
AcDbBlockBegin
  2
*D33
 70
     1
 10
0.0
 20
0.0
 30
0.0
  3
*D33
  1

  0
LINE
  5
CEC
330
BEF
100
AcDbEntity
  8
Cotas
 62
     0
370
    -2
100
AcDbLine
 10
135.6987787365901
 20
230.4381529323591
 30
0.0
 11
135.6987787365901
 21
267.9315791228228
 31
0.0
  0
LINE
  5
CED
330
BEF
100
AcDbEntity
  8
Cotas
 62
     0
370
    -2
100
AcDbLine
 10
81.69877873659016
 20
230.4381529323591
 30
0.0
 11
81.69877873659016
 21
267.9315791228228
 31
0.0
  0
LINE
  5
CEE
330
BEF
100
AcDbEntity
  8
Cotas
 62
     0
370
    -2
100
AcDbLine
 10
133.1987787365901
 20
266.6815791228227
 30
0.0
 11
84.19877873659016
 21
266.6815791228227
 31
0.0
  0
SOLID
  5
CEF
330
BEF
100
AcDbEntity
  8
Cotas
 62
     0
100
AcDbTrace
 10
133.1987787365901
 20
267.0982457894894
 30
0.0
 11
133.1987787365901
 21
266.2649124561561
 31
0.0
 12
135.6987787365901
 22
266.6815791228227
 32
0.0
 13
135.6987787365901
 23
266.6815791228227
 33
0.0
  0
SOLID
  5
CF0
330
BEF
100
AcDbEntity
  8
Cotas
 62
     0
100
AcDbTrace
 10
84.19877873659016
 20
267.0982457894894
 30
0.0
 11
84.19877873659016
 21
266.2649124561561
 31
0.0
 12
81.69877873659016
 22
266.6815791228227
 32
0.0
 13
81.69877873659016
 23
266.6815791228227
 33
0.0
  0
MTEXT
  5
CF1
330
BEF
100
AcDbEntity
  8
Cotas
 62
     0
100
AcDbMText
 10
108.6987787365901
 20
268.5565791228228
 30
0.0
 40
2.5
 41
0.0
 71
     5
 72
     1
  1
54
 73
     1
 44
1.0
1001
ACAD
1000
MTEXTBEGIN
1070
    73
1070
     1
1070
    44
1040
1.0
1070
    74
1070
     0
1000
MTEXTEND
  0
POINT
  5
CF2
330
BEF
100
AcDbEntity
  8
Defpoints
 62
     0
100
AcDbPoint
 10
135.6987787365901
 20
229.8131529323591
 30
0.0
  0
POINT
  5
CF3
330
BEF
100
AcDbEntity
  8
Defpoints
 62
     0
100
AcDbPoint
 10
81.69877873659016
 20
229.8131529323591
 30
0.0
  0
POINT
  5
CF4
330
BEF
100
AcDbEntity
  8
Defpoints
 62
     0
100
AcDbPoint
 10
81.69877873659016
 20
266.6815791228227
 30
0.0
  0
ENDBLK
  5
BFA
330
BEF
100
AcDbEntity
  8
0
100
AcDbBlockEnd
  0
BLOCK
  5
E0B
330
E01
100
AcDbEntity
  8
0
100
AcDbBlockBegin
  2
*D39
 70
     1
 10
0.0
 20
0.0
 30
0.0
  3
*D39
  1

  0
LINE
  5
E0E
330
E01
100
AcDbEntity
  8
Cotas
 62
     0
370
    -2
100
AcDbLine
 10
50.69877873659016
 20
112.1881529323591
 30
0.0
 11
50.69877873659015
 21
44.24168105086232
 31
0.0
  0
LINE
  5
E0F
330
E01
100
AcDbEntity
  8
Cotas
 62
     0
370
    -2
100
AcDbLine
 10
70.69877873659016
 20
92.18815293235911
 30
0.0
 11
70.69877873659016
 21
44.24168105086232
 31
0.0
  0
LINE
  5
E10
330
E01
100
AcDbEntity
  8
Cotas
 62
     0
370
    -2
100
AcDbLine
 10
53.19877873659015
 20
45.49168105086232
 30
0.0
 11
68.19877873659016
 21
45.49168105086232
 31
0.0
  0
SOLID
  5
E11
330
E01
100
AcDbEntity
  8
Cotas
 62
     0
100
AcDbTrace
 10
53.19877873659015
 20
45.90834771752899
 30
0.0
 11
53.19877873659015
 21
45.07501438419565
 31
0.0
 12
50.69877873659015
 22
45.49168105086232
 32
0.0
 13
50.69877873659015
 23
45.49168105086232
 33
0.0
  0
SOLID
  5
E12
330
E01
100
AcDbEntity
  8
Cotas
 62
     0
100
AcDbTrace
 10
68.19877873659016
 20
45.90834771752899
 30
0.0
 11
68.19877873659016
 21
45.07501438419565
 31
0.0
 12
70.69877873659016
 22
45.49168105086232
 32
0.0
 13
70.69877873659016
 23
45.49168105086232
 33
0.0
  0
MTEXT
  5
E13
330
E01
100
AcDbEntity
  8
Cotas
 62
     0
100
AcDbMText
 10
60.69877873659016
 20
47.36668105086232
 30
0.0
 40
2.5
 41
0.0
 71
     5
 72
     1
  1
20
 73
     1
 44
1.0
1001
ACAD
1000
MTEXTBEGIN
1070
    73
1070
     1
1070
    44
1040
1.0
1070
    74
1070
     0
1000
MTEXTEND
  0
POINT
  5
E14
330
E01
100
AcDbEntity
  8
Defpoints
 62
     0
100
AcDbPoint
 10
50.69877873659016
 20
112.8131529323591
 30
0.0
  0
POINT
  5
E15
330
E01
100
AcDbEntity
  8
Defpoints
 62
     0
100
AcDbPoint
 10
70.69877873659016
 20
92.81315293235911
 30
0.0
  0
POINT
  5
E16
330
E01
100
AcDbEntity
  8
Defpoints
 62
     0
100
AcDbPoint
 10
70.69877873659016
 20
45.49168105086232
 30
0.0
  0
ENDBLK
  5
E0C
330
E01
100
AcDbEntity
  8
0
100
AcDbBlockEnd
  0
BLOCK
  5
E23
330
E19
100
AcDbEntity
  8
0
100
AcDbBlockBegin
  2
*D40
 70
     1
 10
0.0
 20
0.0
 30
0.0
  3
*D40
  1

  0
LINE
  5
E26
330
E19
100
AcDbEntity
  8
Cotas
 62
     0
370
    -2
100
AcDbLine
 10
50.69877873659016
 20
112.1881529323591
 30
0.0
 11
50.69877873659015
 21
22.68682207452116
 31
0.0
  0
LINE
  5
E27
330
E19
100
AcDbEntity
  8
Cotas
 62
     0
370
    -2
100
AcDbLine
 10
380.6987787365902
 20
112.1881529323591
 30
0.0
 11
380.6987787365902
 21
22.68682207452116
 31
0.0
  0
LINE
  5
E28
330
E19
100
AcDbEntity
  8
Cotas
 62
     0
370
    -2
100
AcDbLine
 10
53.19877873659015
 20
23.93682207452116
 30
0.0
 11
378.1987787365902
 21
23.93682207452116
 31
0.0
  0
SOLID
  5
E29
330
E19
100
AcDbEntity
  8
Cotas
 62
     0
100
AcDbTrace
 10
53.19877873659015
 20
24.35348874118783
 30
0.0
 11
53.19877873659015
 21
23.52015540785449
 31
0.0
 12
50.69877873659015
 22
23.93682207452116
 32
0.0
 13
50.69877873659015
 23
23.93682207452116
 33
0.0
  0
SOLID
  5
E2A
330
E19
100
AcDbEntity
  8
Cotas
 62
     0
100
AcDbTrace
 10
378.1987787365902
 20
24.35348874118783
 30
0.0
 11
378.1987787365902
 21
23.52015540785449
 31
0.0
 12
380.6987787365902
 22
23.93682207452116
 32
0.0
 13
380.6987787365902
 23
23.93682207452116
 33
0.0
  0
MTEXT
  5
E2B
330
E19
100
AcDbEntity
  8
Cotas
 62
     0
100
AcDbMText
 10
215.6987787365902
 20
25.81182207452116
 30
0.0
 40
2.5
 41
0.0
 71
     5
 72
     1
  1
330
 73
     1
 44
1.0
1001
ACAD
1000
MTEXTBEGIN
1070
    73
1070
     1
1070
    44
1040
1.0
1070
    74
1070
     0
1000
MTEXTEND
  0
POINT
  5
E2C
330
E19
100
AcDbEntity
  8
Defpoints
 62
     0
100
AcDbPoint
 10
50.69877873659016
 20
112.8131529323591
 30
0.0
  0
POINT
  5
E2D
330
E19
100
AcDbEntity
  8
Defpoints
 62
     0
100
AcDbPoint
 10
380.6987787365902
 20
112.8131529323591
 30
0.0
  0
POINT
  5
E2E
330
E19
100
AcDbEntity
  8
Defpoints
 62
     0
100
AcDbPoint
 10
380.6987787365902
 20
23.93682207452116
 30
0.0
  0
ENDBLK
  5
E24
330
E19
100
AcDbEntity
  8
0
100
AcDbBlockEnd
  0
BLOCK
  5
F47
330
F3E
100
AcDbEntity
  8
0
100
AcDbBlockBegin
  2
*D45
 70
     1
 10
0.0
 20
0.0
 30
0.0
  3
*D45
  1

  0
LINE
  5
F4A
330
F3E
100
AcDbEntity
  8
Cotas
 62
     0
370
    -2
100
AcDbLine
 10
136.4133984280671
 20
122.018217536288
 30
0.0
 11
127.4602740468798
 21
114.5380654705809
 31
0.0
  0
LINE
  5
F4B
330
F3E
100
AcDbEntity
  8
Cotas
 62
     0
370
    -2
100
AcDbLine
 10
120.9372834263005
 20
109.0882403941372
 30
0.0
 11
119.0187567731889
 21
107.4853506657714
 31
0.0
  0
MTEXT
  5
F4C
330
F3E
100
AcDbEntity
  8
Cotas
 62
     0
100
AcDbMText
 10
131.5603581237243
 20
120.6783585785436
 30
0.0
 40
2.5
 41
0.0
 71
     5
 72
     1
  1
\U+22053,5
 11
0.7674106612446227
 21
0.641155891346318
 31
0.0
 73
     1
 44
1.0
1001
ACAD
1000
MTEXTBEGIN
1070
    73
1070
     1
1070
    44
1040
1.0
1070
    74
1070
     0
1000
MTEXTEND
  0
LINE
  5
F4D
330
F3E
100
AcDbEntity
  8
Cotas
 62
     0
370
    -2
100
AcDbLine
 10
122.855810079412
 20
110.691130122503
 30
0.0
 11
125.5417473937682
 21
112.9351757422152
 31
0.0
  0
SOLID
  5
F4E
330
F3E
100
AcDbEntity
  8
Cotas
 62
     0
100
AcDbTrace
 10
120.6701351382395
 20
109.4079948363225
 30
0.0
 11
121.2044317143614
 21
108.768485951952
 31
0.0
 12
122.855810079412
 22
110.691130122503
 32
0.0
 13
122.855810079412
 23
110.691130122503
 33
0.0
  0
SOLID
  5
F4F
330
F3E
100
AcDbEntity
  8
Cotas
 62
     0
100
AcDbTrace
 10
127.1931257588188
 20
114.8578199127662
 30
0.0
 11
127.7274223349407
 21
114.2183110283957
 31
0.0
 12
125.5417473937682
 22
112.9351757422152
 32
0.0
 13
125.5417473937682
 23
112.9351757422152
 33
0.0
  0
POINT
  5
F50
330
F3E
100
AcDbEntity
  8
Defpoints
 62
     0
100
AcDbPoint
 10
125.5417473937682
 20
112.9351757422152
 30
0.0
  0
POINT
  5
F51
330
F3E
100
AcDbEntity
  8
Defpoints
 62
     0
100
AcDbPoint
 10
122.855810079412
 20
110.691130122503
 30
0.0
  0
ENDBLK
  5
F48
330
F3E
100
AcDbEntity
  8
0
100
AcDbBlockEnd
  0
BLOCK
  5
F5D
330
F54
100
AcDbEntity
  8
0
100
AcDbBlockBegin
  2
*D46
 70
     1
 10
0.0
 20
0.0
 30
0.0
  3
*D46
  1

  0
LINE
  5
F60
330
F54
100
AcDbEntity
  8
Cotas
 62
     0
370
    -2
100
AcDbLine
 10
122.442751537348
 20
129.9255843655315
 30
0.0
 11
112.8914829448806
 21
112.3001569663365
 31
0.0
  0
LINE
  5
F61
330
F54
100
AcDbEntity
  8
Cotas
 62
     0
370
    -2
100
AcDbLine
 10
104.5060745282996
 20
96.82614889838172
 30
0.0
 11
103.3149653782171
 21
94.62813638872903
 31
0.0
  0
MTEXT
  5
F62
330
F54
100
AcDbEntity
  8
Cotas
 62
     0
100
AcDbMText
 10
118.0303379541254
 20
126.1558148863528
 30
0.0
 40
2.5
 41
0.0
 71
     5
 72
     1
  1
\U+220512,6
 11
0.4764436600330088
 21
0.8792050038610737
 31
0.0
 73
     1
 44
1.0
1001
ACAD
1000
MTEXTBEGIN
1070
    73
1070
     1
1070
    44
1040
1.0
1070
    74
1070
     0
1000
MTEXTEND
  0
LINE
  5
F63
330
F54
100
AcDbEntity
  8
Cotas
 62
     0
370
    -2
100
AcDbLine
 10
105.6971836783822
 20
99.0241614080344
 30
0.0
 11
111.7003737947981
 21
110.1021444566839
 31
0.0
  0
SOLID
  5
F64
330
F54
100
AcDbEntity
  8
Cotas
 62
     0
100
AcDbTrace
 10
104.1397391100242
 20
97.02466709006214
 30
0.0
 11
104.8724099465751
 21
96.62763070670131
 31
0.0
 12
105.6971836783822
 22
99.0241614080344
 32
0.0
 13
105.6971836783822
 23
99.0241614080344
 33
0.0
  0
SOLID
  5
F65
330
F54
100
AcDbEntity
  8
Cotas
 62
     0
100
AcDbTrace
 10
112.5251475266052
 20
112.498675158017
 30
0.0
 11
113.257818363156
 21
112.1016387746561
 31
0.0
 12
111.7003737947981
 22
110.1021444566839
 32
0.0
 13
111.7003737947981
 23
110.1021444566839
 33
0.0
  0
POINT
  5
F66
330
F54
100
AcDbEntity
  8
Defpoints
 62
     0
100
AcDbPoint
 10
111.7003737947981
 20
110.1021444566839
 30
0.0
  0
POINT
  5
F67
330
F54
100
AcDbEntity
  8
Defpoints
 62
     0
100
AcDbPoint
 10
105.6971836783822
 20
99.0241614080344
 30
0.0
  0
ENDBLK
  5
F5E
330
F54
100
AcDbEntity
  8
0
100
AcDbBlockEnd
  0
BLOCK
  5
F73
330
F6A
100
AcDbEntity
  8
0
100
AcDbBlockBegin
  2
*D47
 70
     1
 10
0.0
 20
0.0
 30
0.0
  3
*D47
  1

  0
LINE
  5
F76
330
F6A
100
AcDbEntity
  8
Cotas
 62
     0
370
    -2
100
AcDbLine
 10
92.44470321322157
 20
242.8934569191329
 30
0.0
 11
85.19011503393659
 21
234.0629259685143
 31
0.0
  0
LINE
  5
F77
330
F6A
100
AcDbEntity
  8
Cotas
 62
     0
370
    -2
100
AcDbLine
 10
78.2074424392438
 20
225.563379896204
 30
0.0
 11
76.62047139499543
 21
223.6316648797699
 31
0.0
  0
MTEXT
  5
F78
330
F6A
100
AcDbEntity
  8
Cotas
 62
     0
100
AcDbMText
 10
89.2766983196269
 20
241.9909939345154
 30
0.0
 40
2.5
 41
0.0
 71
     5
 72
     1
  1
\U+22056
 11
0.6347884176993459
 21
0.7726860065736668
 31
0.0
 73
     1
 44
1.0
1001
ACAD
1000
MTEXTBEGIN
1070
    73
1070
     1
1070
    44
1040
1.0
1070
    74
1070
     0
1000
MTEXTEND
  0
LINE
  5
F79
330
F6A
100
AcDbEntity
  8
Cotas
 62
     0
370
    -2
100
AcDbLine
 10
79.79441348349218
 20
227.4950949126382
 30
0.0
 11
83.60314398968823
 21
232.1312109520802
 31
0.0
  0
SOLID
  5
F7A
330
F6A
100
AcDbEntity
  8
Cotas
 62
     0
100
AcDbTrace
 10
77.88548993650478
 20
225.8278750702454
 30
0.0
 11
78.52939494198285
 21
225.2988847221626
 31
0.0
 12
79.79441348349218
 22
227.4950949126382
 32
0.0
 13
79.79441348349218
 23
227.4950949126382
 33
0.0
  0
SOLID
  5
F7B
330
F6A
100
AcDbEntity
  8
Cotas
 62
     0
100
AcDbTrace
 10
84.86816253119757
 20
234.3274211425557
 30
0.0
 11
85.51206753667562
 21
233.7984307944729
 31
0.0
 12
83.60314398968823
 22
232.1312109520802
 32
0.0
 13
83.60314398968823
 23
232.1312109520802
 33
0.0
  0
POINT
  5
F7C
330
F6A
100
AcDbEntity
  8
Defpoints
 62
     0
100
AcDbPoint
 10
83.60314398968823
 20
232.1312109520802
 30
0.0
  0
POINT
  5
F7D
330
F6A
100
AcDbEntity
  8
Defpoints
 62
     0
100
AcDbPoint
 10
79.79441348349218
 20
227.4950949126382
 30
0.0
  0
ENDBLK
  5
F74
330
F6A
100
AcDbEntity
  8
0
100
AcDbBlockEnd
  0
BLOCK
  5
FA2
330
F98
100
AcDbEntity
  8
0
100
AcDbBlockBegin
  2
*D49
 70
     1
 10
0.0
 20
0.0
 30
0.0
  3
*D49
  1

  0
LINE
  5
FA5
330
F98
100
AcDbEntity
  8
Cotas
 62
     0
370
    -2
100
AcDbLine
 10
419.3237787365901
 20
150.8131529323591
 30
0.0
 11
467.0007967932869
 21
150.8131529323591
 31
0.0
  0
LINE
  5
FA6
330
F98
100
AcDbEntity
  8
Cotas
 62
     0
370
    -2
100
AcDbLine
 10
350.3237787365902
 20
191.8131529323591
 30
0.0
 11
467.0007967932869
 21
191.8131529323591
 31
0.0
  0
LINE
  5
FA7
330
F98
100
AcDbEntity
  8
Cotas
 62
     0
370
    -2
100
AcDbLine
 10
465.750796793287
 20
153.3131529323591
 30
0.0
 11
465.750796793287
 21
189.3131529323591
 31
0.0
  0
SOLID
  5
FA8
330
F98
100
AcDbEntity
  8
Cotas
 62
     0
100
AcDbTrace
 10
465.3341301266203
 20
153.3131529323591
 30
0.0
 11
466.1674634599537
 21
153.3131529323591
 31
0.0
 12
465.750796793287
 22
150.8131529323591
 32
0.0
 13
465.750796793287
 23
150.8131529323591
 33
0.0
  0
SOLID
  5
FA9
330
F98
100
AcDbEntity
  8
Cotas
 62
     0
100
AcDbTrace
 10
465.3341301266203
 20
189.3131529323591
 30
0.0
 11
466.1674634599537
 21
189.3131529323591
 31
0.0
 12
465.750796793287
 22
191.8131529323591
 32
0.0
 13
465.750796793287
 23
191.8131529323591
 33
0.0
  0
MTEXT
  5
FAA
330
F98
100
AcDbEntity
  8
Cotas
 62
     0
100
AcDbMText
 10
463.8757967932869
 20
171.3131529323591
 30
0.0
 40
2.5
 41
0.0
 71
     5
 72
     1
  1
41
 11
0.0000000000000001
 21
1.0
 31
0.0
 73
     1
 44
1.0
1001
ACAD
1000
MTEXTBEGIN
1070
    73
1070
     1
1070
    44
1040
1.0
1070
    74
1070
     0
1000
MTEXTEND
  0
POINT
  5
FAB
330
F98
100
AcDbEntity
  8
Defpoints
 62
     0
100
AcDbPoint
 10
418.6987787365901
 20
150.8131529323591
 30
0.0
  0
POINT
  5
FAC
330
F98
100
AcDbEntity
  8
Defpoints
 62
     0
100
AcDbPoint
 10
349.6987787365902
 20
191.8131529323591
 30
0.0
  0
POINT
  5
FAD
330
F98
100
AcDbEntity
  8
Defpoints
 62
     0
100
AcDbPoint
 10
465.750796793287
 20
191.8131529323591
 30
0.0
  0
ENDBLK
  5
FA3
330
F98
100
AcDbEntity
  8
0
100
AcDbBlockEnd
  0
BLOCK
  5
FBA
330
FB0
100
AcDbEntity
  8
0
100
AcDbBlockBegin
  2
*D50
 70
     1
 10
0.0
 20
0.0
 30
0.0
  3
*D50
  1

  0
LINE
  5
FBD
330
FB0
100
AcDbEntity
  8
Cotas
 62
     0
370
    -2
100
AcDbLine
 10
419.3237787365901
 20
150.8131529323591
 30
0.0
 11
492.1978203465433
 21
150.8131529323591
 31
0.0
  0
LINE
  5
FBE
330
FB0
100
AcDbEntity
  8
Cotas
 62
     0
370
    -2
100
AcDbLine
 10
350.3237787365902
 20
229.8131529323591
 30
0.0
 11
492.1978203465433
 21
229.8131529323591
 31
0.0
  0
LINE
  5
FBF
330
FB0
100
AcDbEntity
  8
Cotas
 62
     0
370
    -2
100
AcDbLine
 10
490.9478203465432
 20
153.3131529323591
 30
0.0
 11
490.9478203465432
 21
227.3131529323591
 31
0.0
  0
SOLID
  5
FC0
330
FB0
100
AcDbEntity
  8
Cotas
 62
     0
100
AcDbTrace
 10
490.5311536798765
 20
153.3131529323591
 30
0.0
 11
491.3644870132099
 21
153.3131529323591
 31
0.0
 12
490.9478203465432
 22
150.8131529323591
 32
0.0
 13
490.9478203465432
 23
150.8131529323591
 33
0.0
  0
SOLID
  5
FC1
330
FB0
100
AcDbEntity
  8
Cotas
 62
     0
100
AcDbTrace
 10
490.5311536798765
 20
227.3131529323591
 30
0.0
 11
491.3644870132099
 21
227.3131529323591
 31
0.0
 12
490.9478203465432
 22
229.8131529323591
 32
0.0
 13
490.9478203465432
 23
229.8131529323591
 33
0.0
  0
MTEXT
  5
FC2
330
FB0
100
AcDbEntity
  8
Cotas
 62
     0
100
AcDbMText
 10
489.0728203465432
 20
190.3131529323592
 30
0.0
 40
2.5
 41
0.0
 71
     5
 72
     1
  1
79
 11
0.0000000000000001
 21
1.0
 31
0.0
 73
     1
 44
1.0
1001
ACAD
1000
MTEXTBEGIN
1070
    73
1070
     1
1070
    44
1040
1.0
1070
    74
1070
     0
1000
MTEXTEND
  0
POINT
  5
FC3
330
FB0
100
AcDbEntity
  8
Defpoints
 62
     0
100
AcDbPoint
 10
418.6987787365901
 20
150.8131529323591
 30
0.0
  0
POINT
  5
FC4
330
FB0
100
AcDbEntity
  8
Defpoints
 62
     0
100
AcDbPoint
 10
349.6987787365902
 20
229.8131529323591
 30
0.0
  0
POINT
  5
FC5
330
FB0
100
AcDbEntity
  8
Defpoints
 62
     0
100
AcDbPoint
 10
490.9478203465432
 20
229.8131529323591
 30
0.0
  0
ENDBLK
  5
FBB
330
FB0
100
AcDbEntity
  8
0
100
AcDbBlockEnd
  0
BLOCK
  5
FD2
330
FC8
100
AcDbEntity
  8
0
100
AcDbBlockBegin
  2
*D51
 70
     1
 10
0.0
 20
0.0
 30
0.0
  3
*D51
  1

  0
LINE
  5
FD5
330
FC8
100
AcDbEntity
  8
Cotas
 62
     0
370
    -2
100
AcDbLine
 10
419.3237787365901
 20
150.8131529323591
 30
0.0
 11
513.5771149055772
 21
150.8131529323591
 31
0.0
  0
LINE
  5
FD6
330
FC8
100
AcDbEntity
  8
Cotas
 62
     0
370
    -2
100
AcDbLine
 10
371.3237787365902
 20
238.3131529323591
 30
0.0
 11
513.5771149055772
 21
238.3131529323591
 31
0.0
  0
LINE
  5
FD7
330
FC8
100
AcDbEntity
  8
Cotas
 62
     0
370
    -2
100
AcDbLine
 10
512.3271149055772
 20
153.3131529323591
 30
0.0
 11
512.3271149055772
 21
235.8131529323591
 31
0.0
  0
SOLID
  5
FD8
330
FC8
100
AcDbEntity
  8
Cotas
 62
     0
100
AcDbTrace
 10
511.9104482389105
 20
153.3131529323591
 30
0.0
 11
512.7437815722438
 21
153.3131529323591
 31
0.0
 12
512.3271149055772
 22
150.8131529323591
 32
0.0
 13
512.3271149055772
 23
150.8131529323591
 33
0.0
  0
SOLID
  5
FD9
330
FC8
100
AcDbEntity
  8
Cotas
 62
     0
100
AcDbTrace
 10
511.9104482389105
 20
235.8131529323591
 30
0.0
 11
512.7437815722438
 21
235.8131529323591
 31
0.0
 12
512.3271149055772
 22
238.3131529323591
 32
0.0
 13
512.3271149055772
 23
238.3131529323591
 33
0.0
  0
MTEXT
  5
FDA
330
FC8
100
AcDbEntity
  8
Cotas
 62
     0
100
AcDbMText
 10
510.2437815722439
 20
194.5631529323591
 30
0.0
 40
2.5
 41
0.0
 71
     5
 72
     1
  1
87,5
 11
0.0000000000000001
 21
1.0
 31
0.0
 73
     1
 44
1.0
1001
ACAD
1000
MTEXTBEGIN
1070
    73
1070
     1
1070
    44
1040
1.0
1070
    74
1070
     0
1000
MTEXTEND
  0
POINT
  5
FDB
330
FC8
100
AcDbEntity
  8
Defpoints
 62
     0
100
AcDbPoint
 10
418.6987787365901
 20
150.8131529323591
 30
0.0
  0
POINT
  5
FDC
330
FC8
100
AcDbEntity
  8
Defpoints
 62
     0
100
AcDbPoint
 10
370.6987787365902
 20
238.3131529323591
 30
0.0
  0
POINT
  5
FDD
330
FC8
100
AcDbEntity
  8
Defpoints
 62
     0
100
AcDbPoint
 10
512.3271149055772
 20
238.3131529323591
 30
0.0
  0
ENDBLK
  5
FD3
330
FC8
100
AcDbEntity
  8
0
100
AcDbBlockEnd
  0
BLOCK
  5
FEA
330
FE0
100
AcDbEntity
  8
0
100
AcDbBlockBegin
  2
*D52
 70
     1
 10
0.0
 20
0.0
 30
0.0
  3
*D52
  1

  0
LINE
  5
FED
330
FE0
100
AcDbEntity
  8
Cotas
 62
     0
370
    -2
100
AcDbLine
 10
419.9487787365901
 20
150.8131529323591
 30
0.0
 11
531.5204491497143
 21
150.8131529323591
 31
0.0
  0
LINE
  5
FEE
330
FE0
100
AcDbEntity
  8
Cotas
 62
     0
370
    -2
100
AcDbLine
 10
411.5237787365901
 20
266.9131529323591
 30
0.0
 11
531.5204491497143
 21
266.9131529323591
 31
0.0
  0
LINE
  5
FEF
330
FE0
100
AcDbEntity
  8
Cotas
 62
     0
370
    -2
100
AcDbLine
 10
530.2704491497142
 20
153.3131529323591
 30
0.0
 11
530.2704491497144
 21
264.4131529323591
 31
0.0
  0
SOLID
  5
FF0
330
FE0
100
AcDbEntity
  8
Cotas
 62
     0
100
AcDbTrace
 10
529.8537824830476
 20
153.3131529323591
 30
0.0
 11
530.6871158163809
 21
153.3131529323591
 31
0.0
 12
530.2704491497142
 22
150.8131529323591
 32
0.0
 13
530.2704491497142
 23
150.8131529323591
 33
0.0
  0
SOLID
  5
FF1
330
FE0
100
AcDbEntity
  8
Cotas
 62
     0
100
AcDbTrace
 10
529.8537824830478
 20
264.4131529323591
 30
0.0
 11
530.687115816381
 21
264.4131529323591
 31
0.0
 12
530.2704491497144
 22
266.9131529323591
 32
0.0
 13
530.2704491497144
 23
266.9131529323591
 33
0.0
  0
MTEXT
  5
FF2
330
FE0
100
AcDbEntity
  8
Cotas
 62
     0
100
AcDbMText
 10
528.1871158163808
 20
208.8631529323592
 30
0.0
 40
2.5
 41
0.0
 71
     5
 72
     1
  1
116,1
 11
0.0000000000000001
 21
1.0
 31
0.0
 73
     1
 44
1.0
1001
ACAD
1000
MTEXTBEGIN
1070
    73
1070
     1
1070
    44
1040
1.0
1070
    74
1070
     0
1000
MTEXTEND
  0
POINT
  5
FF3
330
FE0
100
AcDbEntity
  8
Defpoints
 62
     0
100
AcDbPoint
 10
419.3237787365901
 20
150.8131529323591
 30
0.0
  0
POINT
  5
FF4
330
FE0
100
AcDbEntity
  8
Defpoints
 62
     0
100
AcDbPoint
 10
410.8987787365901
 20
266.9131529323591
 30
0.0
  0
POINT
  5
FF5
330
FE0
100
AcDbEntity
  8
Defpoints
 62
     0
100
AcDbPoint
 10
530.2704491497144
 20
266.9131529323591
 30
0.0
  0
ENDBLK
  5
FEB
330
FE0
100
AcDbEntity
  8
0
100
AcDbBlockEnd
  0
BLOCK
  5
1002
330
FF8
100
AcDbEntity
  8
0
100
AcDbBlockBegin
  2
*D53
 70
     1
 10
0.0
 20
0.0
 30
0.0
  3
*D53
  1

  0
LINE
  5
1005
330
FF8
100
AcDbEntity
  8
Cotas
 62
     0
370
    -2
100
AcDbLine
 10
419.3237787365901
 20
150.8131529323591
 30
0.0
 11
549.8455567621731
 21
150.8131529323591
 31
0.0
  0
LINE
  5
1006
330
FF8
100
AcDbEntity
  8
Cotas
 62
     0
370
    -2
100
AcDbLine
 10
404.3237787365901
 20
275.8131529323591
 30
0.0
 11
549.8455567621732
 21
275.8131529323591
 31
0.0
  0
LINE
  5
1007
330
FF8
100
AcDbEntity
  8
Cotas
 62
     0
370
    -2
100
AcDbLine
 10
548.5955567621731
 20
153.3131529323591
 30
0.0
 11
548.5955567621732
 21
273.3131529323591
 31
0.0
  0
SOLID
  5
1008
330
FF8
100
AcDbEntity
  8
Cotas
 62
     0
100
AcDbTrace
 10
548.1788900955065
 20
153.3131529323591
 30
0.0
 11
549.0122234288397
 21
153.3131529323591
 31
0.0
 12
548.5955567621731
 22
150.8131529323591
 32
0.0
 13
548.5955567621731
 23
150.8131529323591
 33
0.0
  0
SOLID
  5
1009
330
FF8
100
AcDbEntity
  8
Cotas
 62
     0
100
AcDbTrace
 10
548.1788900955065
 20
273.3131529323591
 30
0.0
 11
549.0122234288398
 21
273.3131529323591
 31
0.0
 12
548.5955567621732
 22
275.8131529323591
 32
0.0
 13
548.5955567621732
 23
275.8131529323591
 33
0.0
  0
MTEXT
  5
100A
330
FF8
100
AcDbEntity
  8
Cotas
 62
     0
100
AcDbMText
 10
546.7205567621731
 20
213.3131529323592
 30
0.0
 40
2.5
 41
0.0
 71
     5
 72
     1
  1
125
 11
0.0000000000000001
 21
1.0
 31
0.0
 73
     1
 44
1.0
1001
ACAD
1000
MTEXTBEGIN
1070
    73
1070
     1
1070
    44
1040
1.0
1070
    74
1070
     0
1000
MTEXTEND
  0
POINT
  5
100B
330
FF8
100
AcDbEntity
  8
Defpoints
 62
     0
100
AcDbPoint
 10
418.6987787365901
 20
150.8131529323591
 30
0.0
  0
POINT
  5
100C
330
FF8
100
AcDbEntity
  8
Defpoints
 62
     0
100
AcDbPoint
 10
403.6987787365901
 20
275.8131529323591
 30
0.0
  0
POINT
  5
100D
330
FF8
100
AcDbEntity
  8
Defpoints
 62
     0
100
AcDbPoint
 10
548.5955567621732
 20
275.8131529323591
 30
0.0
  0
ENDBLK
  5
1003
330
FF8
100
AcDbEntity
  8
0
100
AcDbBlockEnd
  0
BLOCK
  5
101A
330
1010
100
AcDbEntity
  8
0
100
AcDbBlockBegin
  2
*D54
 70
     1
 10
0.0
 20
0.0
 30
0.0
  3
*D54
  1

  0
LINE
  5
101D
330
1010
100
AcDbEntity
  8
Cotas
 62
     0
370
    -2
100
AcDbLine
 10
419.3237787365901
 20
150.8131529323591
 30
0.0
 11
567.4071223269846
 21
150.8131529323591
 31
0.0
  0
LINE
  5
101E
330
1010
100
AcDbEntity
  8
Cotas
 62
     0
370
    -2
100
AcDbLine
 10
397.1237787365902
 20
284.7131529323591
 30
0.0
 11
567.4071223269847
 21
284.7131529323591
 31
0.0
  0
LINE
  5
101F
330
1010
100
AcDbEntity
  8
Cotas
 62
     0
370
    -2
100
AcDbLine
 10
566.1571223269846
 20
153.3131529323591
 30
0.0
 11
566.1571223269848
 21
282.2131529323591
 31
0.0
  0
SOLID
  5
1020
330
1010
100
AcDbEntity
  8
Cotas
 62
     0
100
AcDbTrace
 10
565.740455660318
 20
153.3131529323591
 30
0.0
 11
566.5737889936512
 21
153.3131529323591
 31
0.0
 12
566.1571223269846
 22
150.8131529323591
 32
0.0
 13
566.1571223269846
 23
150.8131529323591
 33
0.0
  0
SOLID
  5
1021
330
1010
100
AcDbEntity
  8
Cotas
 62
     0
100
AcDbTrace
 10
565.7404556603181
 20
282.2131529323591
 30
0.0
 11
566.5737889936514
 21
282.2131529323591
 31
0.0
 12
566.1571223269848
 22
284.7131529323591
 32
0.0
 13
566.1571223269848
 23
284.7131529323591
 33
0.0
  0
MTEXT
  5
1022
330
1010
100
AcDbEntity
  8
Cotas
 62
     0
100
AcDbMText
 10
564.0737889936513
 20
217.7631529323592
 30
0.0
 40
2.5
 41
0.0
 71
     5
 72
     1
  1
133,9
 11
0.0000000000000001
 21
1.0
 31
0.0
 73
     1
 44
1.0
1001
ACAD
1000
MTEXTBEGIN
1070
    73
1070
     1
1070
    44
1040
1.0
1070
    74
1070
     0
1000
MTEXTEND
  0
POINT
  5
1023
330
1010
100
AcDbEntity
  8
Defpoints
 62
     0
100
AcDbPoint
 10
418.6987787365901
 20
150.8131529323591
 30
0.0
  0
POINT
  5
1024
330
1010
100
AcDbEntity
  8
Defpoints
 62
     0
100
AcDbPoint
 10
396.4987787365902
 20
284.7131529323591
 30
0.0
  0
POINT
  5
1025
330
1010
100
AcDbEntity
  8
Defpoints
 62
     0
100
AcDbPoint
 10
566.1571223269848
 20
284.7131529323591
 30
0.0
  0
ENDBLK
  5
101B
330
1010
100
AcDbEntity
  8
0
100
AcDbBlockEnd
  0
BLOCK
  5
1032
330
1028
100
AcDbEntity
  8
0
100
AcDbBlockBegin
  2
*D55
 70
     1
 10
0.0
 20
0.0
 30
0.0
  3
*D55
  1

  0
LINE
  5
1035
330
1028
100
AcDbEntity
  8
Cotas
 62
     0
370
    -2
100
AcDbLine
 10
349.6987787365902
 20
230.4381529323591
 30
0.0
 11
349.6987787365902
 21
267.8389709051844
 31
0.0
  0
LINE
  5
1036
330
1028
100
AcDbEntity
  8
Cotas
 62
     0
370
    -2
100
AcDbLine
 10
370.6987787365902
 20
238.9381529323591
 30
0.0
 11
370.6987787365902
 21
267.8389709051844
 31
0.0
  0
LINE
  5
1037
330
1028
100
AcDbEntity
  8
Cotas
 62
     0
370
    -2
100
AcDbLine
 10
352.1987787365902
 20
266.5889709051844
 30
0.0
 11
368.1987787365902
 21
266.5889709051844
 31
0.0
  0
SOLID
  5
1038
330
1028
100
AcDbEntity
  8
Cotas
 62
     0
100
AcDbTrace
 10
352.1987787365902
 20
267.0056375718511
 30
0.0
 11
352.1987787365902
 21
266.1723042385177
 31
0.0
 12
349.6987787365902
 22
266.5889709051844
 32
0.0
 13
349.6987787365902
 23
266.5889709051844
 33
0.0
  0
SOLID
  5
1039
330
1028
100
AcDbEntity
  8
Cotas
 62
     0
100
AcDbTrace
 10
368.1987787365902
 20
267.0056375718511
 30
0.0
 11
368.1987787365902
 21
266.1723042385177
 31
0.0
 12
370.6987787365902
 22
266.5889709051844
 32
0.0
 13
370.6987787365902
 23
266.5889709051844
 33
0.0
  0
MTEXT
  5
103A
330
1028
100
AcDbEntity
  8
Cotas
 62
     0
100
AcDbMText
 10
360.1987787365902
 20
268.4639709051844
 30
0.0
 40
2.5
 41
0.0
 71
     5
 72
     1
  1
21
 73
     1
 44
1.0
1001
ACAD
1000
MTEXTBEGIN
1070
    73
1070
     1
1070
    44
1040
1.0
1070
    74
1070
     0
1000
MTEXTEND
  0
POINT
  5
103B
330
1028
100
AcDbEntity
  8
Defpoints
 62
     0
100
AcDbPoint
 10
349.6987787365902
 20
229.8131529323591
 30
0.0
  0
POINT
  5
103C
330
1028
100
AcDbEntity
  8
Defpoints
 62
     0
100
AcDbPoint
 10
370.6987787365902
 20
238.3131529323591
 30
0.0
  0
POINT
  5
103D
330
1028
100
AcDbEntity
  8
Defpoints
 62
     0
100
AcDbPoint
 10
370.6987787365902
 20
266.5889709051844
 30
0.0
  0
ENDBLK
  5
1033
330
1028
100
AcDbEntity
  8
0
100
AcDbBlockEnd
  0
BLOCK
  5
1092
330
1088
100
AcDbEntity
  8
0
100
AcDbBlockBegin
  2
*D59
 70
     1
 10
0.0
 20
0.0
 30
0.0
  3
*D59
  1

  0
LINE
  5
1095
330
1088
100
AcDbEntity
  8
Cotas
 62
     0
370
    -2
100
AcDbLine
 10
410.8987787365901
 20
266.2881529323591
 30
0.0
 11
410.8987787365901
 21
247.7559456624199
 31
0.0
  0
LINE
  5
1096
330
1088
100
AcDbEntity
  8
Cotas
 62
     0
370
    -2
100
AcDbLine
 10
418.6987787365901
 20
275.1881529323591
 30
0.0
 11
418.6987787365901
 21
247.7559456624199
 31
0.0
  0
LINE
  5
1097
330
1088
100
AcDbEntity
  8
Cotas
 62
     0
370
    -2
100
AcDbLine
 10
413.3987787365901
 20
249.0059456624199
 30
0.0
 11
416.1987787365901
 21
249.0059456624199
 31
0.0
  0
SOLID
  5
1098
330
1088
100
AcDbEntity
  8
Cotas
 62
     0
100
AcDbTrace
 10
413.3987787365901
 20
249.4226123290865
 30
0.0
 11
413.3987787365901
 21
248.5892789957532
 31
0.0
 12
410.8987787365901
 22
249.0059456624199
 32
0.0
 13
410.8987787365901
 23
249.0059456624199
 33
0.0
  0
SOLID
  5
1099
330
1088
100
AcDbEntity
  8
Cotas
 62
     0
100
AcDbTrace
 10
416.1987787365901
 20
249.4226123290865
 30
0.0
 11
416.1987787365901
 21
248.5892789957532
 31
0.0
 12
418.6987787365901
 22
249.0059456624199
 32
0.0
 13
418.6987787365901
 23
249.0059456624199
 33
0.0
  0
MTEXT
  5
109A
330
1088
100
AcDbEntity
  8
Cotas
 62
     0
100
AcDbMText
 10
414.7987787365901
 20
251.0892789957532
 30
0.0
 40
2.5
 41
0.0
 71
     5
 72
     1
  1
7,8
 73
     1
 44
1.0
1001
ACAD
1000
MTEXTBEGIN
1070
    73
1070
     1
1070
    44
1040
1.0
1070
    74
1070
     0
1000
MTEXTEND
  0
POINT
  5
109B
330
1088
100
AcDbEntity
  8
Defpoints
 62
     0
100
AcDbPoint
 10
410.8987787365901
 20
266.9131529323591
 30
0.0
  0
POINT
  5
109C
330
1088
100
AcDbEntity
  8
Defpoints
 62
     0
100
AcDbPoint
 10
418.6987787365901
 20
275.8131529323591
 30
0.0
  0
POINT
  5
109D
330
1088
100
AcDbEntity
  8
Defpoints
 62
     0
100
AcDbPoint
 10
418.6987787365901
 20
249.0059456624199
 30
0.0
  0
ENDBLK
  5
1093
330
1088
100
AcDbEntity
  8
0
100
AcDbBlockEnd
  0
BLOCK
  5
10AA
330
10A0
100
AcDbEntity
  8
0
100
AcDbBlockBegin
  2
*D60
 70
     1
 10
0.0
 20
0.0
 30
0.0
  3
*D60
  1

  0
LINE
  5
10AD
330
10A0
100
AcDbEntity
  8
Cotas
 62
     0
370
    -2
100
AcDbLine
 10
410.8987787365901
 20
266.2881529323591
 30
0.0
 11
410.8987787365901
 21
247.5251789775739
 31
0.0
  0
LINE
  5
10AE
330
10A0
100
AcDbEntity
  8
Cotas
 62
     0
370
    -2
100
AcDbLine
 10
403.6987787365901
 20
275.1881529323591
 30
0.0
 11
403.6987787365901
 21
247.5251789775739
 31
0.0
  0
LINE
  5
10AF
330
10A0
100
AcDbEntity
  8
Cotas
 62
     0
370
    -2
100
AcDbLine
 10
408.3987787365901
 20
248.7751789775739
 30
0.0
 11
406.1987787365901
 21
248.7751789775739
 31
0.0
  0
SOLID
  5
10B0
330
10A0
100
AcDbEntity
  8
Cotas
 62
     0
100
AcDbTrace
 10
408.3987787365901
 20
249.1918456442405
 30
0.0
 11
408.3987787365901
 21
248.3585123109072
 31
0.0
 12
410.8987787365901
 22
248.7751789775739
 32
0.0
 13
410.8987787365901
 23
248.7751789775739
 33
0.0
  0
SOLID
  5
10B1
330
10A0
100
AcDbEntity
  8
Cotas
 62
     0
100
AcDbTrace
 10
406.1987787365901
 20
249.1918456442405
 30
0.0
 11
406.1987787365901
 21
248.3585123109072
 31
0.0
 12
403.6987787365901
 22
248.7751789775739
 32
0.0
 13
403.6987787365901
 23
248.7751789775739
 33
0.0
  0
MTEXT
  5
10B2
330
10A0
100
AcDbEntity
  8
Cotas
 62
     0
100
AcDbMText
 10
407.2987787365901
 20
250.8585123109072
 30
0.0
 40
2.5
 41
0.0
 71
     5
 72
     1
  1
7,2
 73
     1
 44
1.0
1001
ACAD
1000
MTEXTBEGIN
1070
    73
1070
     1
1070
    44
1040
1.0
1070
    74
1070
     0
1000
MTEXTEND
  0
POINT
  5
10B3
330
10A0
100
AcDbEntity
  8
Defpoints
 62
     0
100
AcDbPoint
 10
410.8987787365901
 20
266.9131529323591
 30
0.0
  0
POINT
  5
10B4
330
10A0
100
AcDbEntity
  8
Defpoints
 62
     0
100
AcDbPoint
 10
403.6987787365901
 20
275.8131529323591
 30
0.0
  0
POINT
  5
10B5
330
10A0
100
AcDbEntity
  8
Defpoints
 62
     0
100
AcDbPoint
 10
403.6987787365901
 20
248.7751789775739
 30
0.0
  0
ENDBLK
  5
10AB
330
10A0
100
AcDbEntity
  8
0
100
AcDbBlockEnd
  0
BLOCK
  5
10C2
330
10B8
100
AcDbEntity
  8
0
100
AcDbBlockBegin
  2
*D61
 70
     1
 10
0.0
 20
0.0
 30
0.0
  3
*D61
  1

  0
LINE
  5
10C5
330
10B8
100
AcDbEntity
  8
Cotas
 62
     0
370
    -2
100
AcDbLine
 10
403.6987787365901
 20
275.1881529323591
 30
0.0
 11
403.6987787365901
 21
247.2944145965939
 31
0.0
  0
LINE
  5
10C6
330
10B8
100
AcDbEntity
  8
Cotas
 62
     0
370
    -2
100
AcDbLine
 10
396.4987787365902
 20
284.0881529323591
 30
0.0
 11
396.4987787365902
 21
247.2944145965939
 31
0.0
  0
LINE
  5
10C7
330
10B8
100
AcDbEntity
  8
Cotas
 62
     0
370
    -2
100
AcDbLine
 10
401.1987787365901
 20
248.5444145965939
 30
0.0
 11
398.9987787365902
 21
248.5444145965939
 31
0.0
  0
SOLID
  5
10C8
330
10B8
100
AcDbEntity
  8
Cotas
 62
     0
100
AcDbTrace
 10
401.1987787365901
 20
248.9610812632606
 30
0.0
 11
401.1987787365901
 21
248.1277479299273
 31
0.0
 12
403.6987787365901
 22
248.5444145965939
 32
0.0
 13
403.6987787365901
 23
248.5444145965939
 33
0.0
  0
SOLID
  5
10C9
330
10B8
100
AcDbEntity
  8
Cotas
 62
     0
100
AcDbTrace
 10
398.9987787365902
 20
248.9610812632606
 30
0.0
 11
398.9987787365902
 21
248.1277479299273
 31
0.0
 12
396.4987787365902
 22
248.5444145965939
 32
0.0
 13
396.4987787365902
 23
248.5444145965939
 33
0.0
  0
MTEXT
  5
10CA
330
10B8
100
AcDbEntity
  8
Cotas
 62
     0
100
AcDbMText
 10
400.0987787365901
 20
250.6277479299273
 30
0.0
 40
2.5
 41
0.0
 71
     5
 72
     1
  1
7,2
 73
     1
 44
1.0
1001
ACAD
1000
MTEXTBEGIN
1070
    73
1070
     1
1070
    44
1040
1.0
1070
    74
1070
     0
1000
MTEXTEND
  0
POINT
  5
10CB
330
10B8
100
AcDbEntity
  8
Defpoints
 62
     0
100
AcDbPoint
 10
403.6987787365901
 20
275.8131529323591
 30
0.0
  0
POINT
  5
10CC
330
10B8
100
AcDbEntity
  8
Defpoints
 62
     0
100
AcDbPoint
 10
396.4987787365902
 20
284.7131529323591
 30
0.0
  0
POINT
  5
10CD
330
10B8
100
AcDbEntity
  8
Defpoints
 62
     0
100
AcDbPoint
 10
396.4987787365902
 20
248.5444145965939
 30
0.0
  0
ENDBLK
  5
10C3
330
10B8
100
AcDbEntity
  8
0
100
AcDbBlockEnd
  0
BLOCK
  5
10D9
330
10D0
100
AcDbEntity
  8
0
100
AcDbBlockBegin
  2
*D62
 70
     1
 10
0.0
 20
0.0
 30
0.0
  3
*D62
  1

  0
LINE
  5
10DC
330
10D0
100
AcDbEntity
  8
Cotas
 62
     0
370
    -2
100
AcDbLine
 10
430.8466652283358
 20
298.3440288569802
 30
0.0
 11
412.1633588102503
 21
282.8381713790675
 31
0.0
  0
LINE
  5
10DD
330
10D0
100
AcDbEntity
  8
Cotas
 62
     0
370
    -2
100
AcDbLine
 10
395.2341986629299
 20
268.7881344856506
 30
0.0
 11
393.3104304643707
 21
267.191539384126
 31
0.0
  0
MTEXT
  5
10DE
330
10D0
100
AcDbEntity
  8
Cotas
 62
     0
100
AcDbMText
 10
426.9238806209002
 20
297.5250119454063
 30
0.0
 40
2.5
 41
0.0
 71
     5
 72
     1
  1
\U+220517
 11
0.7695072794236603
 21
0.6386380406098567
 31
0.0
 73
     1
 44
1.0
1001
ACAD
1000
MTEXTBEGIN
1070
    73
1070
     1
1070
    44
1040
1.0
1070
    74
1070
     0
1000
MTEXTEND
  0
LINE
  5
10DF
330
10D0
100
AcDbEntity
  8
Cotas
 62
     0
370
    -2
100
AcDbLine
 10
397.157966861489
 20
270.3847295871753
 30
0.0
 11
410.2395906116912
 21
281.2415762775428
 31
0.0
  0
SOLID
  5
10E0
330
10D0
100
AcDbEntity
  8
Cotas
 62
     0
100
AcDbTrace
 10
394.9680994793424
 20
269.1087625187438
 30
0.0
 11
395.5002978465173
 21
268.4675064525574
 31
0.0
 12
397.157966861489
 22
270.3847295871753
 32
0.0
 13
397.157966861489
 23
270.3847295871753
 33
0.0
  0
SOLID
  5
10E1
330
10D0
100
AcDbEntity
  8
Cotas
 62
     0
100
AcDbTrace
 10
411.8972596266629
 20
283.1587994121607
 30
0.0
 11
412.4294579938378
 21
282.5175433459743
 31
0.0
 12
410.2395906116912
 22
281.2415762775428
 32
0.0
 13
410.2395906116912
 23
281.2415762775428
 33
0.0
  0
POINT
  5
10E2
330
10D0
100
AcDbEntity
  8
Defpoints
 62
     0
100
AcDbPoint
 10
410.2395906116912
 20
281.2415762775428
 30
0.0
  0
POINT
  5
10E3
330
10D0
100
AcDbEntity
  8
Defpoints
 62
     0
100
AcDbPoint
 10
397.157966861489
 20
270.3847295871753
 30
0.0
  0
ENDBLK
  5
10DA
330
10D0
100
AcDbEntity
  8
0
100
AcDbBlockEnd
  0
BLOCK
  5
10EF
330
10E6
100
AcDbEntity
  8
0
100
AcDbBlockBegin
  2
*D63
 70
     1
 10
0.0
 20
0.0
 30
0.0
  3
*D63
  1

  0
LINE
  5
10F2
330
10E6
100
AcDbEntity
  8
Cotas
 62
     0
370
    -2
100
AcDbLine
 10
407.1370343265073
 20
295.7221169032698
 30
0.0
 11
399.2783615324041
 21
287.5895950891242
 31
0.0
  0
LINE
  5
10F3
330
10E6
100
AcDbEntity
  8
Cotas
 62
     0
370
    -2
100
AcDbLine
 10
393.7191959407762
 20
281.8367107755941
 30
0.0
 11
391.9819566933925
 21
280.0389344276159
 31
0.0
  0
MTEXT
  5
10F4
330
10E6
100
AcDbEntity
  8
Cotas
 62
     0
100
AcDbMText
 10
403.9066928808579
 20
295.0774552951646
 30
0.0
 40
2.5
 41
0.0
 71
     5
 72
     1
  1
\U+22053
 11
0.6948956989534883
 21
0.7191105391912589
 31
0.0
 73
     1
 44
1.0
1001
ACAD
1000
MTEXTBEGIN
1070
    73
1070
     1
1070
    44
1040
1.0
1070
    74
1070
     0
1000
MTEXTEND
  0
LINE
  5
10F5
330
10E6
100
AcDbEntity
  8
Cotas
 62
     0
370
    -2
100
AcDbLine
 10
395.45643518816
 20
283.6344871235722
 30
0.0
 11
397.5411222850204
 21
285.791818741146
 31
0.0
  0
SOLID
  5
10F6
330
10E6
100
AcDbEntity
  8
Cotas
 62
     0
100
AcDbTrace
 10
393.4195665494465
 20
282.1262506501581
 30
0.0
 11
394.0188253321059
 21
281.5471709010301
 31
0.0
 12
395.45643518816
 22
283.6344871235722
 32
0.0
 13
395.45643518816
 23
283.6344871235722
 33
0.0
  0
SOLID
  5
10F7
330
10E6
100
AcDbEntity
  8
Cotas
 62
     0
100
AcDbTrace
 10
398.9787321410744
 20
287.8791349636881
 30
0.0
 11
399.5779909237338
 21
287.3000552145602
 31
0.0
 12
397.5411222850204
 22
285.791818741146
 32
0.0
 13
397.5411222850204
 23
285.791818741146
 33
0.0
  0
POINT
  5
10F8
330
10E6
100
AcDbEntity
  8
Defpoints
 62
     0
100
AcDbPoint
 10
397.5411222850204
 20
285.791818741146
 30
0.0
  0
POINT
  5
10F9
330
10E6
100
AcDbEntity
  8
Defpoints
 62
     0
100
AcDbPoint
 10
395.45643518816
 20
283.6344871235722
 30
0.0
  0
ENDBLK
  5
10F0
330
10E6
100
AcDbEntity
  8
0
100
AcDbBlockEnd
  0
BLOCK
  5
111E
330
1114
100
AcDbEntity
  8
0
100
AcDbBlockBegin
  2
*D65
 70
     1
 10
0.0
 20
0.0
 30
0.0
  3
*D65
  1

  0
LINE
  5
1121
330
1114
100
AcDbEntity
  8
Cotas
 62
     0
370
    -2
100
AcDbLine
 10
371.3237787365902
 20
163.3131529323591
 30
0.0
 11
448.0899022839403
 21
163.313152932359
 31
0.0
  0
LINE
  5
1122
330
1114
100
AcDbEntity
  8
Cotas
 62
     0
370
    -2
100
AcDbLine
 10
420.5737787365901
 20
150.8131529323591
 30
0.0
 11
448.0899022839403
 21
150.8131529323591
 31
0.0
  0
LINE
  5
1123
330
1114
100
AcDbEntity
  8
Cotas
 62
     0
370
    -2
100
AcDbLine
 10
446.8399022839403
 20
160.8131529323591
 30
0.0
 11
446.8399022839403
 21
153.3131529323591
 31
0.0
  0
SOLID
  5
1124
330
1114
100
AcDbEntity
  8
Cotas
 62
     0
100
AcDbTrace
 10
446.4232356172736
 20
160.8131529323591
 30
0.0
 11
447.256568950607
 21
160.8131529323591
 31
0.0
 12
446.8399022839403
 22
163.3131529323591
 32
0.0
 13
446.8399022839403
 23
163.3131529323591
 33
0.0
  0
SOLID
  5
1125
330
1114
100
AcDbEntity
  8
Cotas
 62
     0
100
AcDbTrace
 10
446.4232356172736
 20
153.3131529323591
 30
0.0
 11
447.256568950607
 21
153.3131529323591
 31
0.0
 12
446.8399022839403
 22
150.8131529323591
 32
0.0
 13
446.8399022839403
 23
150.8131529323591
 33
0.0
  0
MTEXT
  5
1126
330
1114
100
AcDbEntity
  8
Cotas
 62
     0
100
AcDbMText
 10
444.756568950607
 20
157.0631529323591
 30
0.0
 40
2.5
 41
0.0
 71
     5
 72
     1
  1
12,5
 11
0.0000000000000001
 21
1.0
 31
0.0
 73
     1
 44
1.0
1001
ACAD
1000
MTEXTBEGIN
1070
    73
1070
     1
1070
    44
1040
1.0
1070
    74
1070
     0
1000
MTEXTEND
  0
POINT
  5
1127
330
1114
100
AcDbEntity
  8
Defpoints
 62
     0
100
AcDbPoint
 10
370.6987787365902
 20
163.3131529323591
 30
0.0
  0
POINT
  5
1128
330
1114
100
AcDbEntity
  8
Defpoints
 62
     0
100
AcDbPoint
 10
419.9487787365901
 20
150.8131529323591
 30
0.0
  0
POINT
  5
1129
330
1114
100
AcDbEntity
  8
Defpoints
 62
     0
100
AcDbPoint
 10
446.8399022839403
 20
150.8131529323591
 30
0.0
  0
ENDBLK
  5
111F
330
1114
100
AcDbEntity
  8
0
100
AcDbBlockEnd
  0
BLOCK
  5
1136
330
112C
100
AcDbEntity
  8
0
100
AcDbBlockBegin
  2
*D66
 70
     1
 10
0.0
 20
0.0
 30
0.0
  3
*D66
  1

  0
LINE
  5
1139
330
112C
100
AcDbEntity
  8
Cotas
 62
     0
370
    -2
100
AcDbLine
 10
370.6987787365902
 20
162.6881529323591
 30
0.0
 11
370.6987787365902
 21
79.87700339808043
 31
0.0
  0
LINE
  5
113A
330
112C
100
AcDbEntity
  8
Cotas
 62
     0
370
    -2
100
AcDbLine
 10
380.6987787365902
 20
111.5631529323591
 30
0.0
 11
380.6987787365902
 21
79.87700339808043
 31
0.0
  0
LINE
  5
113B
330
112C
100
AcDbEntity
  8
Cotas
 62
     0
370
    -2
100
AcDbLine
 10
373.1987787365901
 20
81.12700339808043
 30
0.0
 11
378.1987787365902
 21
81.12700339808043
 31
0.0
  0
SOLID
  5
113C
330
112C
100
AcDbEntity
  8
Cotas
 62
     0
100
AcDbTrace
 10
373.1987787365901
 20
81.54367006474711
 30
0.0
 11
373.1987787365901
 21
80.71033673141377
 31
0.0
 12
370.6987787365902
 22
81.12700339808043
 32
0.0
 13
370.6987787365902
 23
81.12700339808043
 33
0.0
  0
SOLID
  5
113D
330
112C
100
AcDbEntity
  8
Cotas
 62
     0
100
AcDbTrace
 10
378.1987787365902
 20
81.54367006474711
 30
0.0
 11
378.1987787365902
 21
80.71033673141377
 31
0.0
 12
380.6987787365902
 22
81.12700339808043
 32
0.0
 13
380.6987787365902
 23
81.12700339808043
 33
0.0
  0
MTEXT
  5
113E
330
112C
100
AcDbEntity
  8
Cotas
 62
     0
100
AcDbMText
 10
375.6987787365901
 20
83.00200339808043
 30
0.0
 40
2.5
 41
0.0
 71
     5
 72
     1
  1
10
 73
     1
 44
1.0
1001
ACAD
1000
MTEXTBEGIN
1070
    73
1070
     1
1070
    44
1040
1.0
1070
    74
1070
     0
1000
MTEXTEND
  0
POINT
  5
113F
330
112C
100
AcDbEntity
  8
Defpoints
 62
     0
100
AcDbPoint
 10
370.6987787365902
 20
163.3131529323591
 30
0.0
  0
POINT
  5
1140
330
112C
100
AcDbEntity
  8
Defpoints
 62
     0
100
AcDbPoint
 10
380.6987787365902
 20
112.1881529323591
 30
0.0
  0
POINT
  5
1141
330
112C
100
AcDbEntity
  8
Defpoints
 62
     0
100
AcDbPoint
 10
380.6987787365902
 20
81.12700339808043
 30
0.0
  0
ENDBLK
  5
1137
330
112C
100
AcDbEntity
  8
0
100
AcDbBlockEnd
  0
BLOCK
  5
1168
330
115C
100
AcDbEntity
  8
0
100
AcDbBlockBegin
  2
*D68
 70
     1
 10
0.0
 20
0.0
 30
0.0
  3
*D68
  1

  0
LINE
  5
116B
330
115C
100
AcDbEntity
  8
Cotas
 62
     0
370
    -2
100
AcDbLine
 10
48.69877873659016
 20
150.1881529323591
 30
0.0
 11
48.69877873659015
 21
58.97873878202108
 31
0.0
  0
LINE
  5
116C
330
115C
100
AcDbEntity
  8
Cotas
 62
     0
370
    -2
100
AcDbLine
 10
50.69877873659016
 20
150.1881529323591
 30
0.0
 11
50.69877873659015
 21
58.97873878202108
 31
0.0
  0
LINE
  5
116D
330
115C
100
AcDbEntity
  8
Cotas
 62
     0
370
    -2
100
AcDbLine
 10
46.19877873659015
 20
60.22873878202108
 30
0.0
 11
43.69877873659015
 21
60.22873878202108
 31
0.0
  0
LINE
  5
116E
330
115C
100
AcDbEntity
  8
Cotas
 62
     0
370
    -2
100
AcDbLine
 10
53.19877873659015
 20
60.22873878202108
 30
0.0
 11
58.61544540325681
 21
60.22873878202108
 31
0.0
  0
LINE
  5
116F
330
115C
100
AcDbEntity
  8
Cotas
 62
     0
370
    -2
100
AcDbLine
 10
48.69877873659015
 20
60.22873878202108
 30
0.0
 11
50.69877873659015
 21
60.22873878202108
 31
0.0
  0
SOLID
  5
1170
330
115C
100
AcDbEntity
  8
Cotas
 62
     0
100
AcDbTrace
 10
46.19877873659015
 20
60.64540544868775
 30
0.0
 11
46.19877873659015
 21
59.81207211535441
 31
0.0
 12
48.69877873659015
 22
60.22873878202108
 32
0.0
 13
48.69877873659015
 23
60.22873878202108
 33
0.0
  0
SOLID
  5
1171
330
115C
100
AcDbEntity
  8
Cotas
 62
     0
100
AcDbTrace
 10
53.19877873659015
 20
60.64540544868775
 30
0.0
 11
53.19877873659015
 21
59.81207211535441
 31
0.0
 12
50.69877873659015
 22
60.22873878202108
 32
0.0
 13
50.69877873659015
 23
60.22873878202108
 33
0.0
  0
MTEXT
  5
1172
330
115C
100
AcDbEntity
  8
Cotas
 62
     0
100
AcDbMText
 10
57.15711206992349
 20
62.10373878202108
 30
0.0
 40
2.5
 41
0.0
 71
     5
 72
     1
  1
2
 73
     1
 44
1.0
1001
ACAD
1000
MTEXTBEGIN
1070
    73
1070
     1
1070
    44
1040
1.0
1070
    74
1070
     0
1000
MTEXTEND
  0
POINT
  5
1173
330
115C
100
AcDbEntity
  8
Defpoints
 62
     0
100
AcDbPoint
 10
48.69877873659016
 20
150.8131529323591
 30
0.0
  0
POINT
  5
1174
330
115C
100
AcDbEntity
  8
Defpoints
 62
     0
100
AcDbPoint
 10
50.69877873659016
 20
150.8131529323591
 30
0.0
  0
POINT
  5
1175
330
115C
100
AcDbEntity
  8
Defpoints
 62
     0
100
AcDbPoint
 10
50.69877873659015
 20
60.22873878202108
 30
0.0
  0
ENDBLK
  5
1169
330
115C
100
AcDbEntity
  8
0
100
AcDbBlockEnd
  0
BLOCK
  5
1182
330
1178
100
AcDbEntity
  8
0
100
AcDbBlockBegin
  2
*D69
 70
     1
 10
0.0
 20
0.0
 30
0.0
  3
*D69
  1

  0
LINE
  5
1185
330
1178
100
AcDbEntity
  8
Cotas
 62
     0
370
    -2
100
AcDbLine
 10
12.69877873659015
 20
150.1881529323591
 30
0.0
 11
12.69877873659015
 21
58.63484999871161
 31
0.0
  0
LINE
  5
1186
330
1178
100
AcDbEntity
  8
Cotas
 62
     0
370
    -2
100
AcDbLine
 10
48.69877873659016
 20
150.1881529323591
 30
0.0
 11
48.69877873659015
 21
58.63484999871161
 31
0.0
  0
LINE
  5
1187
330
1178
100
AcDbEntity
  8
Cotas
 62
     0
370
    -2
100
AcDbLine
 10
15.19877873659015
 20
59.88484999871161
 30
0.0
 11
46.19877873659015
 21
59.88484999871161
 31
0.0
  0
SOLID
  5
1188
330
1178
100
AcDbEntity
  8
Cotas
 62
     0
100
AcDbTrace
 10
15.19877873659015
 20
60.30151666537828
 30
0.0
 11
15.19877873659015
 21
59.46818333204495
 31
0.0
 12
12.69877873659015
 22
59.88484999871161
 32
0.0
 13
12.69877873659015
 23
59.88484999871161
 33
0.0
  0
SOLID
  5
1189
330
1178
100
AcDbEntity
  8
Cotas
 62
     0
100
AcDbTrace
 10
46.19877873659015
 20
60.30151666537828
 30
0.0
 11
46.19877873659015
 21
59.46818333204495
 31
0.0
 12
48.69877873659015
 22
59.88484999871161
 32
0.0
 13
48.69877873659015
 23
59.88484999871161
 33
0.0
  0
MTEXT
  5
118A
330
1178
100
AcDbEntity
  8
Cotas
 62
     0
100
AcDbMText
 10
30.69877873659015
 20
61.75984999871161
 30
0.0
 40
2.5
 41
0.0
 71
     5
 72
     1
  1
36
 73
     1
 44
1.0
1001
ACAD
1000
MTEXTBEGIN
1070
    73
1070
     1
1070
    44
1040
1.0
1070
    74
1070
     0
1000
MTEXTEND
  0
POINT
  5
118B
330
1178
100
AcDbEntity
  8
Defpoints
 62
     0
100
AcDbPoint
 10
12.69877873659015
 20
150.8131529323591
 30
0.0
  0
POINT
  5
118C
330
1178
100
AcDbEntity
  8
Defpoints
 62
     0
100
AcDbPoint
 10
48.69877873659016
 20
150.8131529323591
 30
0.0
  0
POINT
  5
118D
330
1178
100
AcDbEntity
  8
Defpoints
 62
     0
100
AcDbPoint
 10
48.69877873659015
 20
59.88484999871161
 30
0.0
  0
ENDBLK
  5
1183
330
1178
100
AcDbEntity
  8
0
100
AcDbBlockEnd
  0
BLOCK
  5
11CA
330
11C0
100
AcDbEntity
  8
0
100
AcDbBlockBegin
  2
*D72
 70
     1
 10
0.0
 20
0.0
 30
0.0
  3
*D72
  1

  0
LINE
  5
11CD
330
11C0
100
AcDbEntity
  8
Cotas
 62
     0
370
    -2
100
AcDbLine
 10
61.32377873659016
 20
163.313152932359
 30
0.0
 11
68.88162579908293
 21
163.313152932359
 31
0.0
  0
LINE
  5
11CE
330
11C0
100
AcDbEntity
  8
Cotas
 62
     0
370
    -2
100
AcDbLine
 10
61.32377873659018
 20
238.3131529323591
 30
0.0
 11
68.88162579908294
 21
238.3131529323591
 31
0.0
  0
LINE
  5
11CF
330
11C0
100
AcDbEntity
  8
Cotas
 62
     0
370
    -2
100
AcDbLine
 10
67.63162579908293
 20
165.813152932359
 30
0.0
 11
67.63162579908294
 21
235.813152932359
 31
0.0
  0
SOLID
  5
11D0
330
11C0
100
AcDbEntity
  8
Cotas
 62
     0
100
AcDbTrace
 10
67.21495913241625
 20
165.813152932359
 30
0.0
 11
68.0482924657496
 21
165.813152932359
 31
0.0
 12
67.63162579908293
 22
163.313152932359
 32
0.0
 13
67.63162579908293
 23
163.313152932359
 33
0.0
  0
SOLID
  5
11D1
330
11C0
100
AcDbEntity
  8
Cotas
 62
     0
100
AcDbTrace
 10
67.21495913241627
 20
235.813152932359
 30
0.0
 11
68.04829246574961
 21
235.813152932359
 31
0.0
 12
67.63162579908294
 22
238.3131529323591
 32
0.0
 13
67.63162579908294
 23
238.3131529323591
 33
0.0
  0
MTEXT
  5
11D2
330
11C0
100
AcDbEntity
  8
Cotas
 62
     0
100
AcDbMText
 10
65.75662579908289
 20
200.8131529323591
 30
0.0
 40
2.5
 41
0.0
 71
     5
 72
     1
  1
75
 11
0.0000000000000001
 21
1.0
 31
0.0
 73
     1
 44
1.0
1001
ACAD
1000
MTEXTBEGIN
1070
    73
1070
     1
1070
    44
1040
1.0
1070
    74
1070
     0
1000
MTEXTEND
  0
POINT
  5
11D3
330
11C0
100
AcDbEntity
  8
Defpoints
 62
     0
100
AcDbPoint
 10
60.69877873659016
 20
163.313152932359
 30
0.0
  0
POINT
  5
11D4
330
11C0
100
AcDbEntity
  8
Defpoints
 62
     0
100
AcDbPoint
 10
60.69877873659018
 20
238.3131529323591
 30
0.0
  0
POINT
  5
11D5
330
11C0
100
AcDbEntity
  8
Defpoints
 62
     0
100
AcDbPoint
 10
67.63162579908294
 20
238.3131529323591
 30
0.0
  0
ENDBLK
  5
11CB
330
11C0
100
AcDbEntity
  8
0
100
AcDbBlockEnd
  0
BLOCK
  5
11E2
330
11D8
100
AcDbEntity
  8
0
100
AcDbBlockBegin
  2
*D73
 70
     1
 10
0.0
 20
0.0
 30
0.0
  3
*D73
  1

  0
LINE
  5
11E5
330
11D8
100
AcDbEntity
  8
Cotas
 62
     0
370
    -2
100
AcDbLine
 10
61.32377873659018
 20
238.3131529323591
 30
0.0
 11
68.51656401263699
 21
238.3131529323591
 31
0.0
  0
LINE
  5
11E6
330
11D8
100
AcDbEntity
  8
Cotas
 62
     0
370
    -2
100
AcDbLine
 10
51.32377873659016
 20
275.8131529323591
 30
0.0
 11
68.51656401263699
 21
275.8131529323591
 31
0.0
  0
LINE
  5
11E7
330
11D8
100
AcDbEntity
  8
Cotas
 62
     0
370
    -2
100
AcDbLine
 10
67.26656401263699
 20
240.8131529323591
 30
0.0
 11
67.26656401263699
 21
273.3131529323591
 31
0.0
  0
SOLID
  5
11E8
330
11D8
100
AcDbEntity
  8
Cotas
 62
     0
100
AcDbTrace
 10
66.84989734597031
 20
240.8131529323591
 30
0.0
 11
67.68323067930366
 21
240.8131529323591
 31
0.0
 12
67.26656401263699
 22
238.3131529323591
 32
0.0
 13
67.26656401263699
 23
238.3131529323591
 33
0.0
  0
SOLID
  5
11E9
330
11D8
100
AcDbEntity
  8
Cotas
 62
     0
100
AcDbTrace
 10
66.84989734597031
 20
273.3131529323591
 30
0.0
 11
67.68323067930366
 21
273.3131529323591
 31
0.0
 12
67.26656401263699
 22
275.8131529323591
 32
0.0
 13
67.26656401263699
 23
275.8131529323591
 33
0.0
  0
MTEXT
  5
11EA
330
11D8
100
AcDbEntity
  8
Cotas
 62
     0
100
AcDbMText
 10
65.18323067930362
 20
257.0631529323591
 30
0.0
 40
2.5
 41
0.0
 71
     5
 72
     1
  1
37,5
 11
0.0000000000000001
 21
1.0
 31
0.0
 73
     1
 44
1.0
1001
ACAD
1000
MTEXTBEGIN
1070
    73
1070
     1
1070
    44
1040
1.0
1070
    74
1070
     0
1000
MTEXTEND
  0
POINT
  5
11EB
330
11D8
100
AcDbEntity
  8
Defpoints
 62
     0
100
AcDbPoint
 10
60.69877873659018
 20
238.3131529323591
 30
0.0
  0
POINT
  5
11EC
330
11D8
100
AcDbEntity
  8
Defpoints
 62
     0
100
AcDbPoint
 10
50.69877873659016
 20
275.8131529323591
 30
0.0
  0
POINT
  5
11ED
330
11D8
100
AcDbEntity
  8
Defpoints
 62
     0
100
AcDbPoint
 10
67.26656401263699
 20
275.8131529323591
 30
0.0
  0
ENDBLK
  5
11E3
330
11D8
100
AcDbEntity
  8
0
100
AcDbBlockEnd
  0
BLOCK
  5
1243
330
1239
100
AcDbEntity
  8
0
100
AcDbBlockBegin
  2
*D77
 70
     1
 10
0.0
 20
0.0
 30
0.0
  3
*D77
  1

  0
LINE
  5
1246
330
1239
100
AcDbEntity
  8
Cotas
 62
     0
370
    -2
100
AcDbLine
 10
60.07377873659016
 20
138.8131529323591
 30
0.0
 11
-14.54496436005683
 21
138.8131529323591
 31
0.0
  0
LINE
  5
1247
330
1239
100
AcDbEntity
  8
Cotas
 62
     0
370
    -2
100
AcDbLine
 10
50.07377873659016
 20
112.8131529323591
 30
0.0
 11
-14.54496436005684
 21
112.8131529323591
 31
0.0
  0
LINE
  5
1248
330
1239
100
AcDbEntity
  8
Cotas
 62
     0
370
    -2
100
AcDbLine
 10
-13.29496436005684
 20
136.3131529323591
 30
0.0
 11
-13.29496436005684
 21
115.3131529323591
 31
0.0
  0
SOLID
  5
1249
330
1239
100
AcDbEntity
  8
Cotas
 62
     0
100
AcDbTrace
 10
-13.7116310267235
 20
136.3131529323591
 30
0.0
 11
-12.87829769339017
 21
136.3131529323591
 31
0.0
 12
-13.29496436005684
 22
138.8131529323591
 32
0.0
 13
-13.29496436005684
 23
138.8131529323591
 33
0.0
  0
SOLID
  5
124A
330
1239
100
AcDbEntity
  8
Cotas
 62
     0
100
AcDbTrace
 10
-13.7116310267235
 20
115.3131529323591
 30
0.0
 11
-12.87829769339017
 21
115.3131529323591
 31
0.0
 12
-13.29496436005684
 22
112.8131529323591
 32
0.0
 13
-13.29496436005684
 23
112.8131529323591
 33
0.0
  0
MTEXT
  5
124B
330
1239
100
AcDbEntity
  8
Cotas
 62
     0
100
AcDbMText
 10
-15.16996436005686
 20
125.8131529323591
 30
0.0
 40
2.5
 41
0.0
 71
     5
 72
     1
  1
26
 11
0.0000000000000001
 21
1.0
 31
0.0
 73
     1
 44
1.0
1001
ACAD
1000
MTEXTBEGIN
1070
    73
1070
     1
1070
    44
1040
1.0
1070
    74
1070
     0
1000
MTEXTEND
  0
POINT
  5
124C
330
1239
100
AcDbEntity
  8
Defpoints
 62
     0
100
AcDbPoint
 10
60.69877873659016
 20
138.8131529323591
 30
0.0
  0
POINT
  5
124D
330
1239
100
AcDbEntity
  8
Defpoints
 62
     0
100
AcDbPoint
 10
50.69877873659016
 20
112.8131529323591
 30
0.0
  0
POINT
  5
124E
330
1239
100
AcDbEntity
  8
Defpoints
 62
     0
100
AcDbPoint
 10
-13.29496436005684
 20
112.8131529323591
 30
0.0
  0
ENDBLK
  5
1244
330
1239
100
AcDbEntity
  8
0
100
AcDbBlockEnd
  0
BLOCK
  5
125B
330
1251
100
AcDbEntity
  8
0
100
AcDbBlockBegin
  2
*D78
 70
     1
 10
0.0
 20
0.0
 30
0.0
  3
*D78
  1

  0
LINE
  5
125E
330
1251
100
AcDbEntity
  8
Cotas
 62
     0
370
    -2
100
AcDbLine
 10
60.07377873659016
 20
138.8131529323591
 30
0.0
 11
-15.14702862302253
 21
138.8131529323591
 31
0.0
  0
LINE
  5
125F
330
1251
100
AcDbEntity
  8
Cotas
 62
     0
370
    -2
100
AcDbLine
 10
50.07377873659016
 20
148.8131529323591
 30
0.0
 11
-15.14702862302252
 21
148.8131529323591
 31
0.0
  0
LINE
  5
1260
330
1251
100
AcDbEntity
  8
Cotas
 62
     0
370
    -2
100
AcDbLine
 10
-13.89702862302253
 20
141.3131529323591
 30
0.0
 11
-13.89702862302253
 21
146.3131529323591
 31
0.0
  0
SOLID
  5
1261
330
1251
100
AcDbEntity
  8
Cotas
 62
     0
100
AcDbTrace
 10
-14.31369528968919
 20
141.3131529323591
 30
0.0
 11
-13.48036195635586
 21
141.3131529323591
 31
0.0
 12
-13.89702862302253
 22
138.8131529323591
 32
0.0
 13
-13.89702862302253
 23
138.8131529323591
 33
0.0
  0
SOLID
  5
1262
330
1251
100
AcDbEntity
  8
Cotas
 62
     0
100
AcDbTrace
 10
-14.31369528968919
 20
146.3131529323591
 30
0.0
 11
-13.48036195635586
 21
146.3131529323591
 31
0.0
 12
-13.89702862302253
 22
148.8131529323591
 32
0.0
 13
-13.89702862302253
 23
148.8131529323591
 33
0.0
  0
MTEXT
  5
1263
330
1251
100
AcDbEntity
  8
Cotas
 62
     0
100
AcDbMText
 10
-15.77202862302255
 20
143.8131529323591
 30
0.0
 40
2.5
 41
0.0
 71
     5
 72
     1
  1
10
 11
0.0000000000000001
 21
1.0
 31
0.0
 73
     1
 44
1.0
1001
ACAD
1000
MTEXTBEGIN
1070
    73
1070
     1
1070
    44
1040
1.0
1070
    74
1070
     0
1000
MTEXTEND
  0
POINT
  5
1264
330
1251
100
AcDbEntity
  8
Defpoints
 62
     0
100
AcDbPoint
 10
60.69877873659016
 20
138.8131529323591
 30
0.0
  0
POINT
  5
1265
330
1251
100
AcDbEntity
  8
Defpoints
 62
     0
100
AcDbPoint
 10
50.69877873659016
 20
148.8131529323591
 30
0.0
  0
POINT
  5
1266
330
1251
100
AcDbEntity
  8
Defpoints
 62
     0
100
AcDbPoint
 10
-13.89702862302253
 20
148.8131529323591
 30
0.0
  0
ENDBLK
  5
125C
330
1251
100
AcDbEntity
  8
0
100
AcDbBlockEnd
  0
BLOCK
  5
128B
330
1281
100
AcDbEntity
  8
0
100
AcDbBlockBegin
  2
*D80
 70
     1
 10
0.0
 20
0.0
 30
0.0
  3
*D80
  1

  0
LINE
  5
128E
330
1281
100
AcDbEntity
  8
Cotas
 62
     0
370
    -2
100
AcDbLine
 10
39.32377873659016
 20
163.313152932359
 30
0.0
 11
69.36362645769259
 21
163.313152932359
 31
0.0
  0
LINE
  5
128F
330
1281
100
AcDbEntity
  8
Cotas
 62
     0
370
    -2
100
AcDbLine
 10
51.32377873659016
 20
150.8131529323591
 30
0.0
 11
69.36362645769257
 21
150.8131529323591
 31
0.0
  0
LINE
  5
1290
330
1281
100
AcDbEntity
  8
Cotas
 62
     0
370
    -2
100
AcDbLine
 10
68.11362645769259
 20
160.813152932359
 30
0.0
 11
68.11362645769257
 21
153.3131529323591
 31
0.0
  0
SOLID
  5
1291
330
1281
100
AcDbEntity
  8
Cotas
 62
     0
100
AcDbTrace
 10
67.69695979102592
 20
160.813152932359
 30
0.0
 11
68.53029312435926
 21
160.813152932359
 31
0.0
 12
68.11362645769259
 22
163.313152932359
 32
0.0
 13
68.11362645769259
 23
163.313152932359
 33
0.0
  0
SOLID
  5
1292
330
1281
100
AcDbEntity
  8
Cotas
 62
     0
100
AcDbTrace
 10
67.6969597910259
 20
153.3131529323591
 30
0.0
 11
68.53029312435925
 21
153.3131529323591
 31
0.0
 12
68.11362645769257
 22
150.8131529323591
 32
0.0
 13
68.11362645769257
 23
150.8131529323591
 33
0.0
  0
MTEXT
  5
1293
330
1281
100
AcDbEntity
  8
Cotas
 62
     0
100
AcDbMText
 10
66.03029312435923
 20
157.0631529323591
 30
0.0
 40
2.5
 41
0.0
 71
     5
 72
     1
  1
12,5
 11
0.0000000000000001
 21
1.0
 31
0.0
 73
     1
 44
1.0
1001
ACAD
1000
MTEXTBEGIN
1070
    73
1070
     1
1070
    44
1040
1.0
1070
    74
1070
     0
1000
MTEXTEND
  0
POINT
  5
1294
330
1281
100
AcDbEntity
  8
Defpoints
 62
     0
100
AcDbPoint
 10
38.69877873659016
 20
163.313152932359
 30
0.0
  0
POINT
  5
1295
330
1281
100
AcDbEntity
  8
Defpoints
 62
     0
100
AcDbPoint
 10
50.69877873659016
 20
150.8131529323591
 30
0.0
  0
POINT
  5
1296
330
1281
100
AcDbEntity
  8
Defpoints
 62
     0
100
AcDbPoint
 10
68.11362645769257
 20
150.8131529323591
 30
0.0
  0
ENDBLK
  5
128C
330
1281
100
AcDbEntity
  8
0
100
AcDbBlockEnd
  0
BLOCK
  5
12A3
330
1299
100
AcDbEntity
  8
0
100
AcDbBlockBegin
  2
*D81
 70
     1
 10
0.0
 20
0.0
 30
0.0
  3
*D81
  1

  0
LINE
  5
12A6
330
1299
100
AcDbEntity
  8
Cotas
 62
     0
370
    -2
100
AcDbLine
 10
60.69877873659016
 20
139.4381529323591
 30
0.0
 11
60.69877873659016
 21
140.0631529323591
 31
0.0
  0
LINE
  5
12A7
330
1299
100
AcDbEntity
  8
Cotas
 62
     0
370
    -2
100
AcDbLine
 10
186.1987787365902
 20
139.4381529323591
 30
0.0
 11
186.1987787365902
 21
140.0631529323591
 31
0.0
  0
LINE
  5
12A8
330
1299
100
AcDbEntity
  8
Cotas
 62
     0
370
    -2
100
AcDbLine
 10
63.19877873659016
 20
138.8131529323591
 30
0.0
 11
183.6987787365902
 21
138.8131529323591
 31
0.0
  0
SOLID
  5
12A9
330
1299
100
AcDbEntity
  8
Cotas
 62
     0
100
AcDbTrace
 10
63.19877873659016
 20
139.2298195990258
 30
0.0
 11
63.19877873659016
 21
138.3964862656924
 31
0.0
 12
60.69877873659016
 22
138.8131529323591
 32
0.0
 13
60.69877873659016
 23
138.8131529323591
 33
0.0
  0
SOLID
  5
12AA
330
1299
100
AcDbEntity
  8
Cotas
 62
     0
100
AcDbTrace
 10
183.6987787365902
 20
139.2298195990258
 30
0.0
 11
183.6987787365902
 21
138.3964862656924
 31
0.0
 12
186.1987787365902
 22
138.8131529323591
 32
0.0
 13
186.1987787365902
 23
138.8131529323591
 33
0.0
  0
MTEXT
  5
12AB
330
1299
100
AcDbEntity
  8
Cotas
 62
     0
100
AcDbMText
 10
123.4487787365901
 20
140.8964862656924
 30
0.0
 40
2.5
 41
0.0
 71
     5
 72
     1
  1
125,5
 73
     1
 44
1.0
1001
ACAD
1000
MTEXTBEGIN
1070
    73
1070
     1
1070
    44
1040
1.0
1070
    74
1070
     0
1000
MTEXTEND
  0
POINT
  5
12AC
330
1299
100
AcDbEntity
  8
Defpoints
 62
     0
100
AcDbPoint
 10
60.69877873659016
 20
138.8131529323591
 30
0.0
  0
POINT
  5
12AD
330
1299
100
AcDbEntity
  8
Defpoints
 62
     0
100
AcDbPoint
 10
186.1987787365902
 20
138.8131529323591
 30
0.0
  0
POINT
  5
12AE
330
1299
100
AcDbEntity
  8
Defpoints
 62
     0
100
AcDbPoint
 10
186.1987787365902
 20
138.8131529323591
 30
0.0
  0
ENDBLK
  5
12A4
330
1299
100
AcDbEntity
  8
0
100
AcDbBlockEnd
  0
BLOCK
  5
12BB
330
12B1
100
AcDbEntity
  8
0
100
AcDbBlockBegin
  2
*D82
 70
     1
 10
0.0
 20
0.0
 30
0.0
  3
*D82
  1

  0
LINE
  5
12BE
330
12B1
100
AcDbEntity
  8
Cotas
 62
     0
370
    -2
100
AcDbLine
 10
392.6987787365902
 20
162.6881529323591
 30
0.0
 11
392.6987787365902
 21
138.4788742602272
 31
0.0
  0
LINE
  5
12BF
330
12B1
100
AcDbEntity
  8
Cotas
 62
     0
370
    -2
100
AcDbLine
 10
418.6987787365901
 20
150.1881529323591
 30
0.0
 11
418.6987787365901
 21
138.4788742602272
 31
0.0
  0
LINE
  5
12C0
330
12B1
100
AcDbEntity
  8
Cotas
 62
     0
370
    -2
100
AcDbLine
 10
395.1987787365902
 20
139.7288742602272
 30
0.0
 11
416.1987787365901
 21
139.7288742602272
 31
0.0
  0
SOLID
  5
12C1
330
12B1
100
AcDbEntity
  8
Cotas
 62
     0
100
AcDbTrace
 10
395.1987787365902
 20
140.1455409268939
 30
0.0
 11
395.1987787365902
 21
139.3122075935606
 31
0.0
 12
392.6987787365902
 22
139.7288742602272
 32
0.0
 13
392.6987787365902
 23
139.7288742602272
 33
0.0
  0
SOLID
  5
12C2
330
12B1
100
AcDbEntity
  8
Cotas
 62
     0
100
AcDbTrace
 10
416.1987787365901
 20
140.1455409268939
 30
0.0
 11
416.1987787365901
 21
139.3122075935606
 31
0.0
 12
418.6987787365901
 22
139.7288742602272
 32
0.0
 13
418.6987787365901
 23
139.7288742602272
 33
0.0
  0
MTEXT
  5
12C3
330
12B1
100
AcDbEntity
  8
Cotas
 62
     0
100
AcDbMText
 10
405.6987787365901
 20
141.6038742602272
 30
0.0
 40
2.5
 41
0.0
 71
     5
 72
     1
  1
26
 73
     1
 44
1.0
1001
ACAD
1000
MTEXTBEGIN
1070
    73
1070
     1
1070
    44
1040
1.0
1070
    74
1070
     0
1000
MTEXTEND
  0
POINT
  5
12C4
330
12B1
100
AcDbEntity
  8
Defpoints
 62
     0
100
AcDbPoint
 10
392.6987787365902
 20
163.3131529323591
 30
0.0
  0
POINT
  5
12C5
330
12B1
100
AcDbEntity
  8
Defpoints
 62
     0
100
AcDbPoint
 10
418.6987787365901
 20
150.8131529323591
 30
0.0
  0
POINT
  5
12C6
330
12B1
100
AcDbEntity
  8
Defpoints
 62
     0
100
AcDbPoint
 10
418.6987787365901
 20
139.7288742602272
 30
0.0
  0
ENDBLK
  5
12BC
330
12B1
100
AcDbEntity
  8
0
100
AcDbBlockEnd
  0
BLOCK
  5
12D3
330
12C9
100
AcDbEntity
  8
0
100
AcDbBlockBegin
  2
*D83
 70
     1
 10
0.0
 20
0.0
 30
0.0
  3
*D83
  1

  0
LINE
  5
12D6
330
12C9
100
AcDbEntity
  8
Cotas
 62
     0
370
    -2
100
AcDbLine
 10
370.6987787365902
 20
238.9381529323591
 30
0.0
 11
370.6987787365902
 21
267.9969699991466
 31
0.0
  0
LINE
  5
12D7
330
12C9
100
AcDbEntity
  8
Cotas
 62
     0
370
    -2
100
AcDbLine
 10
380.6987787365902
 20
275.1881529323591
 30
0.0
 11
380.6987787365902
 21
265.4969699991466
 31
0.0
  0
LINE
  5
12D8
330
12C9
100
AcDbEntity
  8
Cotas
 62
     0
370
    -2
100
AcDbLine
 10
373.1987787365901
 20
266.7469699991466
 30
0.0
 11
378.1987787365902
 21
266.7469699991466
 31
0.0
  0
SOLID
  5
12D9
330
12C9
100
AcDbEntity
  8
Cotas
 62
     0
100
AcDbTrace
 10
373.1987787365901
 20
267.1636366658133
 30
0.0
 11
373.1987787365901
 21
266.3303033324799
 31
0.0
 12
370.6987787365902
 22
266.7469699991466
 32
0.0
 13
370.6987787365902
 23
266.7469699991466
 33
0.0
  0
SOLID
  5
12DA
330
12C9
100
AcDbEntity
  8
Cotas
 62
     0
100
AcDbTrace
 10
378.1987787365902
 20
267.1636366658133
 30
0.0
 11
378.1987787365902
 21
266.3303033324799
 31
0.0
 12
380.6987787365902
 22
266.7469699991466
 32
0.0
 13
380.6987787365902
 23
266.7469699991466
 33
0.0
  0
MTEXT
  5
12DB
330
12C9
100
AcDbEntity
  8
Cotas
 62
     0
100
AcDbMText
 10
375.6987787365901
 20
268.6219699991466
 30
0.0
 40
2.5
 41
0.0
 71
     5
 72
     1
  1
10
 73
     1
 44
1.0
1001
ACAD
1000
MTEXTBEGIN
1070
    73
1070
     1
1070
    44
1040
1.0
1070
    74
1070
     0
1000
MTEXTEND
  0
POINT
  5
12DC
330
12C9
100
AcDbEntity
  8
Defpoints
 62
     0
100
AcDbPoint
 10
370.6987787365902
 20
238.3131529323591
 30
0.0
  0
POINT
  5
12DD
330
12C9
100
AcDbEntity
  8
Defpoints
 62
     0
100
AcDbPoint
 10
380.6987787365902
 20
275.8131529323591
 30
0.0
  0
POINT
  5
12DE
330
12C9
100
AcDbEntity
  8
Defpoints
 62
     0
100
AcDbPoint
 10
380.6987787365902
 20
266.7469699991466
 30
0.0
  0
ENDBLK
  5
12D4
330
12C9
100
AcDbEntity
  8
0
100
AcDbBlockEnd
  0
BLOCK
  5
12EB
330
12E1
100
AcDbEntity
  8
0
100
AcDbBlockBegin
  2
*D84
 70
     1
 10
0.0
 20
0.0
 30
0.0
  3
*D84
  1

  0
LINE
  5
12EE
330
12E1
100
AcDbEntity
  8
Cotas
 62
     0
370
    -2
100
AcDbLine
 10
12.69877873659015
 20
150.1881529323591
 30
0.0
 11
12.69877873659015
 21
72.22317755977702
 31
0.0
  0
LINE
  5
12EF
330
12E1
100
AcDbEntity
  8
Cotas
 62
     0
370
    -2
100
AcDbLine
 10
38.69877873659016
 20
162.688152932359
 30
0.0
 11
38.69877873659015
 21
72.22317755977702
 31
0.0
  0
LINE
  5
12F0
330
12E1
100
AcDbEntity
  8
Cotas
 62
     0
370
    -2
100
AcDbLine
 10
15.19877873659015
 20
73.47317755977702
 30
0.0
 11
36.19877873659015
 21
73.47317755977702
 31
0.0
  0
SOLID
  5
12F1
330
12E1
100
AcDbEntity
  8
Cotas
 62
     0
100
AcDbTrace
 10
15.19877873659015
 20
73.88984422644369
 30
0.0
 11
15.19877873659015
 21
73.05651089311034
 31
0.0
 12
12.69877873659015
 22
73.47317755977702
 32
0.0
 13
12.69877873659015
 23
73.47317755977702
 33
0.0
  0
SOLID
  5
12F2
330
12E1
100
AcDbEntity
  8
Cotas
 62
     0
100
AcDbTrace
 10
36.19877873659015
 20
73.88984422644369
 30
0.0
 11
36.19877873659015
 21
73.05651089311034
 31
0.0
 12
38.69877873659015
 22
73.47317755977702
 32
0.0
 13
38.69877873659015
 23
73.47317755977702
 33
0.0
  0
MTEXT
  5
12F3
330
12E1
100
AcDbEntity
  8
Cotas
 62
     0
100
AcDbMText
 10
25.69877873659015
 20
75.34817755977702
 30
0.0
 40
2.5
 41
0.0
 71
     5
 72
     1
  1
26
 73
     1
 44
1.0
1001
ACAD
1000
MTEXTBEGIN
1070
    73
1070
     1
1070
    44
1040
1.0
1070
    74
1070
     0
1000
MTEXTEND
  0
POINT
  5
12F4
330
12E1
100
AcDbEntity
  8
Defpoints
 62
     0
100
AcDbPoint
 10
12.69877873659015
 20
150.8131529323591
 30
0.0
  0
POINT
  5
12F5
330
12E1
100
AcDbEntity
  8
Defpoints
 62
     0
100
AcDbPoint
 10
38.69877873659016
 20
163.313152932359
 30
0.0
  0
POINT
  5
12F6
330
12E1
100
AcDbEntity
  8
Defpoints
 62
     0
100
AcDbPoint
 10
38.69877873659015
 20
73.47317755977702
 30
0.0
  0
ENDBLK
  5
12EC
330
12E1
100
AcDbEntity
  8
0
100
AcDbBlockEnd
  0
ENDSEC
  0
SECTION
  2
ENTITIES
  0
LINE
  5
EA
102
{ACAD_REACTORS
330
11EE
102
}
330
1F
100
AcDbEntity
  8
0
100
AcDbLine
 10
50.69877873659016
 20
400.813152932359
 30
0.0
 11
50.69877873659016
 21
150.8131529323591
 31
0.0
  0
LINE
  5
EB
102
{ACAD_REACTORS
330
12DF
102
}
330
1F
100
AcDbEntity
  8
0
100
AcDbLine
 10
380.6987787365902
 20
400.813152932359
 30
0.0
 11
380.6987787365902
 21
150.8131529323591
 31
0.0
  0
LINE
  5
F2
330
1F
100
AcDbEntity
  8
0
100
AcDbLine
 10
50.69877873659016
 20
150.8131529323591
 30
0.0
 11
380.6987787365902
 21
150.8131529323591
 31
0.0
  0
CIRCLE
  5
234
102
{ACAD_REACTORS
330
AB5
330
ACD
330
F68
102
}
330
1F
100
AcDbEntity
  8
0
100
AcDbCircle
 10
108.6987787365901
 20
104.5631529323591
 30
0.0
 40
6.299999999999999
  0
CIRCLE
  5
23D
330
1F
100
AcDbEntity
  8
0
100
AcDbCircle
 10
93.19877873659015
 20
111.8131529323591
 30
0.0
 40
1.75
  0
CIRCLE
  5
23E
102
{ACAD_REACTORS
330
F52
102
}
330
1F
100
AcDbEntity
  8
0
100
AcDbCircle
 10
124.1987787365901
 20
111.8131529323591
 30
0.0
 40
1.75
  0
CIRCLE
  5
273
330
1F
100
AcDbEntity
  8
0
100
AcDbCircle
 10
100.9487787365901
 20
125.2365466910179
 30
0.0
 40
1.75
  0
CIRCLE
  5
28D
102
{ACAD_REACTORS
330
995
330
A3F
330
A59
330
A85
102
}
330
1F
100
AcDbEntity
  8
0
100
AcDbCircle
 10
322.6987787365902
 20
104.5631529323591
 30
0.0
 40
6.299999999999999
  0
CIRCLE
  5
28E
102
{ACAD_REACTORS
330
9AF
330
9DF
330
A27
330
A3F
102
}
330
1F
100
AcDbEntity
  8
0
100
AcDbCircle
 10
338.1987787365902
 20
111.8131529323591
 30
0.0
 40
1.75
  0
CIRCLE
  5
28F
102
{ACAD_REACTORS
330
A73
102
}
330
1F
100
AcDbEntity
  8
0
100
AcDbCircle
 10
307.1987787365902
 20
111.8131529323591
 30
0.0
 40
1.75
  0
CIRCLE
  5
293
102
{ACAD_REACTORS
330
9DF
330
A59
330
A73
102
}
330
1F
100
AcDbEntity
  8
0
100
AcDbCircle
 10
314.9487787365901
 20
125.2365466910179
 30
0.0
 40
1.75
  0
LINE
  5
2A6
330
1F
100
AcDbEntity
  8
0
100
AcDbLine
 10
50.69877873659016
 20
112.8131529323591
 30
0.0
 11
70.69877873659016
 21
92.81315293235911
 31
0.0
  0
LINE
  5
2A8
102
{ACAD_REACTORS
330
8BD
330
AB5
330
E17
102
}
330
1F
100
AcDbEntity
  8
0
100
AcDbLine
 10
70.69877873659016
 20
92.81315293235911
 30
0.0
 11
360.6987787365901
 21
92.81315293235911
 31
0.0
  0
LINE
  5
2A9
102
{ACAD_REACTORS
330
995
102
}
330
1F
100
AcDbEntity
  8
0
100
AcDbLine
 10
360.6987787365901
 20
92.81315293235911
 30
0.0
 11
380.6987787365902
 21
112.8131529323591
 31
0.0
  0
CIRCLE
  5
30D
102
{ACAD_REACTORS
330
BBD
330
BED
102
}
330
1F
100
AcDbEntity
  8
0
100
AcDbCircle
 10
186.1987787365902
 20
238.3131529323591
 30
0.0
 40
1.75
  0
CIRCLE
  5
30E
330
1F
100
AcDbEntity
  8
0
100
AcDbCircle
 10
186.1987787365902
 20
313.3131529323591
 30
0.0
 40
1.75
  0
CIRCLE
  5
30F
330
1F
100
AcDbEntity
  8
0
100
AcDbCircle
 10
245.1987787365902
 20
313.3131529323591
 30
0.0
 40
1.75
  0
CIRCLE
  5
310
102
{ACAD_REACTORS
330
BA5
330
BBD
102
}
330
1F
100
AcDbEntity
  8
0
100
AcDbCircle
 10
245.1987787365902
 20
238.3131529323591
 30
0.0
 40
1.75
  0
CIRCLE
  5
370
330
1F
100
AcDbEntity
  8
0
100
AcDbCircle
 10
186.1987787365901
 20
163.3131529323591
 30
0.0
 40
1.75
  0
CIRCLE
  5
37E
330
1F
100
AcDbEntity
  8
0
100
AcDbCircle
 10
245.1987787365902
 20
163.3131529323591
 30
0.0
 40
1.75
  0
CIRCLE
  5
3BF
330
1F
100
AcDbEntity
  8
0
100
AcDbCircle
 10
245.1987787365901
 20
388.313152932359
 30
0.0
 40
1.75
  0
CIRCLE
  5
3CB
330
1F
100
AcDbEntity
  8
0
100
AcDbCircle
 10
186.1987787365902
 20
388.3131529323591
 30
0.0
 40
1.75
  0
LINE
  5
5F9
102
{ACAD_REACTORS
330
8F1
102
}
330
1F
100
AcDbEntity
  8
0
100
AcDbLine
 10
50.69877873659016
 20
150.8131529323591
 30
0.0
 11
50.69877873659016
 21
148.8131529323591
 31
0.0
  0
LINE
  5
5FA
102
{ACAD_REACTORS
330
8BD
330
E17
330
E2F
330
124F
102
}
330
1F
100
AcDbEntity
  8
0
100
AcDbLine
 10
50.69877873659016
 20
148.8131529323591
 30
0.0
 11
50.69877873659016
 21
112.8131529323591
 31
0.0
  0
LINE
  5
5FB
330
1F
100
AcDbEntity
  8
0
100
AcDbLine
 10
380.6987787365902
 20
150.8131529323591
 30
0.0
 11
380.6987787365902
 21
148.8131529323591
 31
0.0
  0
LINE
  5
5FC
102
{ACAD_REACTORS
330
E2F
102
}
330
1F
100
AcDbEntity
  8
0
100
AcDbLine
 10
380.6987787365902
 20
148.8131529323591
 30
0.0
 11
380.6987787365902
 21
112.8131529323591
 31
0.0
  0
LINE
  5
5FD
102
{ACAD_REACTORS
330
8F1
330
1267
102
}
330
1F
100
AcDbEntity
  8
0
100
AcDbLine
 10
50.69877873659016
 20
148.8131529323591
 30
0.0
 11
380.6987787365902
 21
148.8131529323591
 31
0.0
  0
LINE
  5
617
330
1F
100
AcDbEntity
  8
0
100
AcDbLine
 10
50.69877873659016
 20
400.813152932359
 30
0.0
 11
380.6987787365902
 21
400.813152932359
 31
0.0
  0
CIRCLE
  5
618
330
1F
100
AcDbEntity
  8
0
100
AcDbCircle
 10
108.6987787365901
 20
447.0631529323591
 30
0.0
 40
6.299999999999999
  0
CIRCLE
  5
619
330
1F
100
AcDbEntity
  8
0
100
AcDbCircle
 10
93.19877873659015
 20
439.8131529323591
 30
0.0
 40
1.75
  0
CIRCLE
  5
61A
330
1F
100
AcDbEntity
  8
0
100
AcDbCircle
 10
124.1987787365901
 20
439.8131529323591
 30
0.0
 40
1.75
  0
CIRCLE
  5
61E
330
1F
100
AcDbEntity
  8
0
100
AcDbCircle
 10
116.4487787365902
 20
426.3897591737003
 30
0.0
 40
1.75
  0
CIRCLE
  5
61F
330
1F
100
AcDbEntity
  8
0
100
AcDbCircle
 10
322.6987787365902
 20
447.0631529323591
 30
0.0
 40
6.299999999999999
  0
CIRCLE
  5
620
330
1F
100
AcDbEntity
  8
0
100
AcDbCircle
 10
338.1987787365902
 20
439.8131529323591
 30
0.0
 40
1.75
  0
CIRCLE
  5
621
330
1F
100
AcDbEntity
  8
0
100
AcDbCircle
 10
307.1987787365902
 20
439.8131529323591
 30
0.0
 40
1.75
  0
CIRCLE
  5
624
330
1F
100
AcDbEntity
  8
0
100
AcDbCircle
 10
330.4487787365903
 20
426.3897591737003
 30
0.0
 40
1.75
  0
LINE
  5
626
330
1F
100
AcDbEntity
  8
0
100
AcDbLine
 10
50.69877873659016
 20
438.8131529323591
 30
0.0
 11
70.69877873659016
 21
458.813152932359
 31
0.0
  0
LINE
  5
627
330
1F
100
AcDbEntity
  8
0
100
AcDbLine
 10
70.69877873659016
 20
458.813152932359
 30
0.0
 11
360.6987787365901
 21
458.813152932359
 31
0.0
  0
LINE
  5
628
330
1F
100
AcDbEntity
  8
0
100
AcDbLine
 10
360.6987787365901
 20
458.813152932359
 30
0.0
 11
380.6987787365902
 21
438.8131529323591
 31
0.0
  0
LINE
  5
629
330
1F
100
AcDbEntity
  8
0
100
AcDbLine
 10
50.69877873659016
 20
400.813152932359
 30
0.0
 11
50.69877873659016
 21
402.8131529323591
 31
0.0
  0
LINE
  5
62A
330
1F
100
AcDbEntity
  8
0
100
AcDbLine
 10
50.69877873659016
 20
402.8131529323591
 30
0.0
 11
50.69877873659016
 21
438.8131529323591
 31
0.0
  0
LINE
  5
62B
330
1F
100
AcDbEntity
  8
0
100
AcDbLine
 10
380.6987787365902
 20
400.813152932359
 30
0.0
 11
380.6987787365902
 21
402.8131529323591
 31
0.0
  0
LINE
  5
62C
330
1F
100
AcDbEntity
  8
0
100
AcDbLine
 10
380.6987787365902
 20
402.8131529323591
 30
0.0
 11
380.6987787365902
 21
438.8131529323591
 31
0.0
  0
LINE
  5
62D
330
1F
100
AcDbEntity
  8
0
100
AcDbLine
 10
50.69877873659016
 20
402.8131529323591
 30
0.0
 11
380.6987787365902
 21
402.8131529323591
 31
0.0
  0
CIRCLE
  5
7B7
102
{ACAD_REACTORS
330
ACD
102
}
330
1F
100
AcDbEntity
  8
0
100
AcDbCircle
 10
215.6987787365902
 20
104.5631529323591
 30
0.0
 40
6.299999999999999
  0
CIRCLE
  5
7B8
330
1F
100
AcDbEntity
  8
0
100
AcDbCircle
 10
200.1987787365901
 20
111.8131529323591
 30
0.0
 40
1.75
  0
CIRCLE
  5
7B9
330
1F
100
AcDbEntity
  8
0
100
AcDbCircle
 10
231.1987787365902
 20
111.8131529323591
 30
0.0
 40
1.75
  0
CIRCLE
  5
7BC
330
1F
100
AcDbEntity
  8
0
100
AcDbCircle
 10
207.9487787365901
 20
125.2365466910179
 30
0.0
 40
1.75
  0
CIRCLE
  5
7BE
330
1F
100
AcDbEntity
  8
0
100
AcDbCircle
 10
215.6987787365902
 20
447.0631529323591
 30
0.0
 40
6.299999999999999
  0
CIRCLE
  5
7BF
330
1F
100
AcDbEntity
  8
0
100
AcDbCircle
 10
200.1987787365901
 20
439.8131529323591
 30
0.0
 40
1.75
  0
CIRCLE
  5
7C0
330
1F
100
AcDbEntity
  8
0
100
AcDbCircle
 10
231.1987787365902
 20
439.8131529323591
 30
0.0
 40
1.75
  0
CIRCLE
  5
7C4
330
1F
100
AcDbEntity
  8
0
100
AcDbCircle
 10
223.4487787365902
 20
426.3897591737003
 30
0.0
 40
1.75
  0
CIRCLE
  5
7F8
102
{ACAD_REACTORS
330
112A
330
1142
102
}
330
1F
100
AcDbEntity
  8
0
100
AcDbCircle
 10
370.6987787365902
 20
163.3131529323591
 30
0.0
 40
1.75
  0
CIRCLE
  5
7F9
102
{ACAD_REACTORS
330
11D6
102
}
330
1F
100
AcDbEntity
  8
0
100
AcDbCircle
 10
60.69877873659016
 20
163.313152932359
 30
0.0
 40
1.75
  0
CIRCLE
  5
85E
330
1F
100
AcDbEntity
  8
0
100
AcDbCircle
 10
81.69877873659016
 20
321.8131529323591
 30
0.0
 40
3.0
  0
CIRCLE
  5
85F
330
1F
100
AcDbEntity
  8
0
100
AcDbCircle
 10
135.6987787365901
 20
321.8131529323591
 30
0.0
 40
3.0
  0
CIRCLE
  5
863
330
1F
100
AcDbEntity
  8
0
100
AcDbCircle
 10
295.6987787365902
 20
321.8131529323591
 30
0.0
 40
3.0
  0
CIRCLE
  5
864
330
1F
100
AcDbEntity
  8
0
100
AcDbCircle
 10
295.6987787365902
 20
359.8131529323591
 30
0.0
 40
3.0
  0
CIRCLE
  5
865
330
1F
100
AcDbEntity
  8
0
100
AcDbCircle
 10
349.6987787365902
 20
359.8131529323591
 30
0.0
 40
3.0
  0
CIRCLE
  5
866
330
1F
100
AcDbEntity
  8
0
100
AcDbCircle
 10
349.6987787365902
 20
321.8131529323591
 30
0.0
 40
3.0
  0
CIRCLE
  5
86C
102
{ACAD_REACTORS
330
B8D
330
FC6
330
103E
102
}
330
1F
100
AcDbEntity
  8
0
100
AcDbCircle
 10
349.6987787365902
 20
229.8131529323591
 30
0.0
 40
3.0
  0
CIRCLE
  5
86D
102
{ACAD_REACTORS
330
B8D
330
BA5
102
}
330
1F
100
AcDbEntity
  8
0
100
AcDbCircle
 10
295.6987787365902
 20
229.8131529323591
 30
0.0
 40
3.0
  0
CIRCLE
  5
86E
102
{ACAD_REACTORS
330
C05
330
F7E
102
}
330
1F
100
AcDbEntity
  8
0
100
AcDbCircle
 10
81.69877873659016
 20
229.8131529323591
 30
0.0
 40
3.0
  0
CIRCLE
  5
86F
102
{ACAD_REACTORS
330
BED
330
C05
102
}
330
1F
100
AcDbEntity
  8
0
100
AcDbCircle
 10
135.6987787365901
 20
229.8131529323591
 30
0.0
 40
3.0
  0
CIRCLE
  5
870
330
1F
100
AcDbEntity
  8
0
100
AcDbCircle
 10
295.6987787365902
 20
191.8131529323591
 30
0.0
 40
3.0
  0
CIRCLE
  5
871
102
{ACAD_REACTORS
330
FAE
102
}
330
1F
100
AcDbEntity
  8
0
100
AcDbCircle
 10
349.6987787365902
 20
191.8131529323591
 30
0.0
 40
3.0
  0
CIRCLE
  5
880
102
{ACAD_REACTORS
330
124F
330
1267
330
12AF
102
}
330
1F
100
AcDbEntity
  8
0
100
AcDbCircle
 10
60.69877873659016
 20
138.8131529323591
 30
0.0
 40
1.75
  0
CIRCLE
  5
881
102
{ACAD_REACTORS
330
AFD
330
12AF
102
}
330
1F
100
AcDbEntity
  8
0
100
AcDbCircle
 10
186.1987787365902
 20
138.8131529323591
 30
0.0
 40
1.75
  0
CIRCLE
  5
882
330
1F
100
AcDbEntity
  8
0
100
AcDbCircle
 10
245.1987787365901
 20
138.8131529323591
 30
0.0
 40
1.75
  0
CIRCLE
  5
883
102
{ACAD_REACTORS
330
A27
102
}
330
1F
100
AcDbEntity
  8
0
100
AcDbCircle
 10
370.6987787365902
 20
138.8131529323591
 30
0.0
 40
1.75
  0
CIRCLE
  5
884
330
1F
100
AcDbEntity
  8
0
100
AcDbCircle
 10
370.6987787365902
 20
412.813152932359
 30
0.0
 40
1.75
  0
CIRCLE
  5
885
330
1F
100
AcDbEntity
  8
0
100
AcDbCircle
 10
245.1987787365901
 20
412.813152932359
 30
0.0
 40
1.75
  0
CIRCLE
  5
886
330
1F
100
AcDbEntity
  8
0
100
AcDbCircle
 10
186.1987787365902
 20
412.813152932359
 30
0.0
 40
1.75
  0
CIRCLE
  5
887
330
1F
100
AcDbEntity
  8
0
100
AcDbCircle
 10
60.69877873659016
 20
412.813152932359
 30
0.0
 40
1.75
  0
DIMENSION
  5
8A6
102
{ACAD_XDICTIONARY
360
8B3
102
}
102
{ACAD_REACTORS
330
8BD
102
}
330
1F
100
AcDbEntity
  8
Cotas
100
AcDbDimension
  2
*D1
 10
-13.48036195635586
 20
112.8131529323591
 30
0.0
 11
-15.35536195635588
 21
102.8131529323591
 31
0.0
 70
    32
 71
     5
 42
20.0
  3
ISO-25
100
AcDbAlignedDimension
 13
70.69877873659016
 23
92.81315293235911
 33
0.0
 14
50.69877873659016
 24
112.8131529323591
 34
0.0
 50
90.0
100
AcDbRotatedDimension
  0
DIMENSION
  5
8D6
102
{ACAD_XDICTIONARY
360
8E5
102
}
102
{ACAD_REACTORS
330
8F1
102
}
330
1F
100
AcDbEntity
  8
Cotas
100
AcDbDimension
  2
*D3
 10
-13.48036195635586
 20
150.8131529323591
 30
0.0
 11
-15.35536195635589
 21
157.2714862656924
 31
0.0
 70
    32
 71
     5
 42
2.0
  3
ISO-25
100
AcDbAlignedDimension
 13
50.69877873659016
 23
148.8131529323591
 33
0.0
 14
50.69877873659016
 24
150.8131529323591
 34
0.0
 50
90.0
100
AcDbRotatedDimension
  0
DIMENSION
  5
8F9
330
1F
100
AcDbEntity
  8
Cotas
100
AcDbDimension
  2
*D4
 10
-40.1358004018757
 20
275.8131529323591
 30
0.0
 11
-42.01080040187576
 21
184.3131529323591
 31
0.0
 70
    32
 71
     5
 42
183.0
  3
ISO-25
100
AcDbAlignedDimension
 13
70.07377873659016
 23
92.81315293235911
 33
0.0
 14
50.69877873659016
 24
275.8131529323591
 34
0.0
 50
90.0
100
AcDbRotatedDimension
  0
DIMENSION
  5
97E
102
{ACAD_XDICTIONARY
360
98B
102
}
102
{ACAD_REACTORS
330
995
102
}
330
1F
100
AcDbEntity
  8
Cotas
100
AcDbDimension
  2
*D9
 10
428.9070992661395
 20
92.81315293235911
 30
0.0
 11
426.8237659328062
 21
98.68815293235918
 31
0.0
 70
    32
 71
     5
 42
11.74999999999998
  3
ISO-25
100
AcDbAlignedDimension
 13
322.6987787365902
 23
104.5631529323591
 33
0.0
 14
360.6987787365901
 24
92.81315293235911
 34
0.0
 50
90.0
100
AcDbRotatedDimension
  0
DIMENSION
  5
996
102
{ACAD_XDICTIONARY
360
9A4
102
}
102
{ACAD_REACTORS
330
9AF
102
}
330
1F
100
AcDbEntity
  8
Cotas
100
AcDbDimension
  2
*D10
 10
439.7335889829073
 20
111.8131529323591
 30
0.0
 11
437.650255649574
 21
118.8964862656925
 31
0.0
 70
    32
 71
     5
 42
7.25
  3
ISO-25
100
AcDbAlignedDimension
 13
323.3237787365902
 23
104.5631529323591
 33
0.0
 14
338.1987787365902
 24
111.8131529323591
 34
0.0
 50
90.0
100
AcDbRotatedDimension
  0
DIMENSION
  5
9C8
102
{ACAD_XDICTIONARY
360
9D5
102
}
102
{ACAD_REACTORS
330
9DF
102
}
330
1F
100
AcDbEntity
  8
Cotas
100
AcDbDimension
  2
*D11
 10
414.7318846051835
 20
125.2365466910179
 30
0.0
 11
412.6485512718502
 21
118.5248498116885
 31
0.0
 70
    32
 71
     5
 42
13.42339375865879
  3
ISO-25
100
AcDbAlignedDimension
 13
338.1987787365902
 23
111.8131529323591
 33
0.0
 14
314.9487787365901
 24
125.2365466910179
 34
0.0
 50
90.0
100
AcDbRotatedDimension
  0
DIMENSION
  5
A10
102
{ACAD_XDICTIONARY
360
A1D
102
}
102
{ACAD_REACTORS
330
A27
102
}
330
1F
100
AcDbEntity
  8
Cotas
100
AcDbDimension
  2
*D13
 10
338.1987787365902
 20
81.00686376365548
 30
0.0
 11
354.4487787365901
 21
83.0901970969888
 31
0.0
 70
    32
 71
     5
 42
32.49999999999995
  3
ISO-25
100
AcDbAlignedDimension
 13
370.6987787365902
 23
138.8131529323591
 33
0.0
 14
338.1987787365902
 24
111.8131529323591
 34
0.0
100
AcDbRotatedDimension
  0
DIMENSION
  5
A28
102
{ACAD_XDICTIONARY
360
A35
102
}
102
{ACAD_REACTORS
330
A3F
102
}
330
1F
100
AcDbEntity
  8
Cotas
100
AcDbDimension
  2
*D14
 10
322.6987787365902
 20
81.00686376365548
 30
0.0
 11
330.4487787365902
 21
83.0901970969888
 31
0.0
 70
    32
 71
     5
 42
15.5
  3
ISO-25
100
AcDbAlignedDimension
 13
338.1987787365902
 23
111.8131529323591
 33
0.0
 14
322.6987787365902
 24
104.5631529323591
 34
0.0
100
AcDbRotatedDimension
  0
DIMENSION
  5
A40
102
{ACAD_XDICTIONARY
360
A4E
102
}
102
{ACAD_REACTORS
330
A59
102
}
330
1F
100
AcDbEntity
  8
Cotas
100
AcDbDimension
  2
*D15
 10
314.9487787365901
 20
66.67565114677234
 30
0.0
 11
307.8654454032569
 21
68.75898448010566
 31
0.0
 70
    32
 71
     5
 42
7.750000000000056
  3
ISO-25
100
AcDbAlignedDimension
 13
322.6987787365902
 23
104.5631529323591
 33
0.0
 14
314.9487787365901
 24
125.2365466910179
 34
0.0
100
AcDbRotatedDimension
  0
DIMENSION
  5
A5A
102
{ACAD_XDICTIONARY
360
A68
102
}
102
{ACAD_REACTORS
330
A73
102
}
330
1F
100
AcDbEntity
  8
Cotas
100
AcDbDimension
  2
*D16
 10
307.1987787365902
 20
80.38376770262448
 30
0.0
 11
300.1154454032569
 21
82.46710103595781
 31
0.0
 70
    32
 71
     5
 42
7.749999999999943
  3
ISO-25
100
AcDbAlignedDimension
 13
314.9487787365901
 23
125.2365466910179
 33
0.0
 14
307.1987787365902
 24
111.8131529323591
 34
0.0
100
AcDbRotatedDimension
  0
DIMENSION
  5
A74
102
{ACAD_XDICTIONARY
360
A7E
102
}
102
{ACAD_REACTORS
330
A85
102
}
330
1F
100
AcDbEntity
  8
Cotas
100
AcDbDimension
  2
*D17
 10
322.6987787365904
 20
104.5631529323593
 30
0.0
 11
333.4488879767482
 21
117.3541422018983
 31
0.0
 70
   164
 71
     5
 42
6.299999999999727
  3
ISO-25
100
AcDbRadialDimension
 15
326.7521440234767
 25
109.3860389823362
 35
0.0
 40
0.0
1001
ACAD
1000
DSTYLE
1002
{
1070
   288
1070
     1
1002
}
  0
DIMENSION
  5
A9E
102
{ACAD_XDICTIONARY
360
AAB
102
}
102
{ACAD_REACTORS
330
AB5
102
}
330
1F
100
AcDbEntity
  8
Cotas
100
AcDbDimension
  2
*D19
 10
108.6987787365901
 20
45.59370995424479
 30
0.0
 11
89.69877873659015
 21
47.46870995424479
 31
0.0
 70
    32
 71
     5
 42
38.0
  3
ISO-25
100
AcDbAlignedDimension
 13
70.69877873659016
 23
92.81315293235911
 33
0.0
 14
108.6987787365901
 24
104.5631529323591
 34
0.0
100
AcDbRotatedDimension
  0
DIMENSION
  5
AB6
102
{ACAD_XDICTIONARY
360
AC3
102
}
102
{ACAD_REACTORS
330
ACD
102
}
330
1F
100
AcDbEntity
  8
Cotas
100
AcDbDimension
  2
*D20
 10
108.6987787365901
 20
45.57796113002337
 30
0.0
 11
162.1987787365901
 21
47.45296113002337
 31
0.0
 70
    32
 71
     5
 42
107.0
  3
ISO-25
100
AcDbAlignedDimension
 13
215.6987787365902
 23
104.5631529323591
 33
0.0
 14
108.6987787365901
 24
104.5631529323591
 34
0.0
100
AcDbRotatedDimension
  0
DIMENSION
  5
AE6
102
{ACAD_XDICTIONARY
360
AF3
102
}
102
{ACAD_REACTORS
330
AFD
102
}
330
1F
100
AcDbEntity
  8
Cotas
100
AcDbDimension
  2
*D22
 10
186.1987787365902
 20
138.7739890701582
 30
0.0
 11
215.6987787365902
 21
140.6489890701582
 31
0.0
 70
    32
 71
     5
 42
58.99999999999991
  3
ISO-25
100
AcDbAlignedDimension
 13
245.1987787365901
 23
138.8131529323591
 33
0.0
 14
186.1987787365902
 24
138.8131529323591
 34
0.0
100
AcDbRotatedDimension
  0
DIMENSION
  5
B76
102
{ACAD_XDICTIONARY
360
B83
102
}
102
{ACAD_REACTORS
330
B8D
102
}
330
1F
100
AcDbEntity
  8
Cotas
100
AcDbDimension
  2
*D28
 10
295.6987787365902
 20
267.1303777708472
 30
0.0
 11
322.6987787365902
 21
269.0053777708472
 31
0.0
 70
    32
 71
     5
 42
54.0
  3
ISO-25
100
AcDbAlignedDimension
 13
349.6987787365902
 23
229.8131529323591
 33
0.0
 14
295.6987787365902
 24
229.8131529323591
 34
0.0
100
AcDbRotatedDimension
  0
DIMENSION
  5
B8E
102
{ACAD_XDICTIONARY
360
B9B
102
}
102
{ACAD_REACTORS
330
BA5
102
}
330
1F
100
AcDbEntity
  8
Cotas
100
AcDbDimension
  2
*D29
 10
245.1987787365902
 20
267.1303777708472
 30
0.0
 11
270.4487787365902
 21
269.2137111041805
 31
0.0
 70
    32
 71
     5
 42
50.49999999999997
  3
ISO-25
100
AcDbAlignedDimension
 13
295.6987787365902
 23
229.8131529323591
 33
0.0
 14
245.1987787365902
 24
238.3131529323591
 34
0.0
100
AcDbRotatedDimension
  0
DIMENSION
  5
BA6
102
{ACAD_XDICTIONARY
360
BB3
102
}
102
{ACAD_REACTORS
330
BBD
102
}
330
1F
100
AcDbEntity
  8
Cotas
100
AcDbDimension
  2
*D30
 10
186.1987787365902
 20
266.8742869370494
 30
0.0
 11
215.6987787365902
 21
268.7492869370494
 31
0.0
 70
    32
 71
     5
 42
59.0
  3
ISO-25
100
AcDbAlignedDimension
 13
245.1987787365902
 23
238.3131529323591
 33
0.0
 14
186.1987787365902
 24
238.3131529323591
 34
0.0
100
AcDbRotatedDimension
  0
DIMENSION
  5
BD6
102
{ACAD_XDICTIONARY
360
BE3
102
}
102
{ACAD_REACTORS
330
BED
102
}
330
1F
100
AcDbEntity
  8
Cotas
100
AcDbDimension
  2
*D32
 10
135.6987787365901
 20
266.8108417961639
 30
0.0
 11
160.9487787365901
 21
268.8941751294972
 31
0.0
 70
    32
 71
     5
 42
50.50000000000003
  3
ISO-25
100
AcDbAlignedDimension
 13
186.1987787365902
 23
238.3131529323591
 33
0.0
 14
135.6987787365901
 24
229.8131529323591
 34
0.0
100
AcDbRotatedDimension
  0
DIMENSION
  5
BEE
102
{ACAD_XDICTIONARY
360
BFB
102
}
102
{ACAD_REACTORS
330
C05
102
}
330
1F
100
AcDbEntity
  8
Cotas
100
AcDbDimension
  2
*D33
 10
81.69877873659016
 20
266.6815791228227
 30
0.0
 11
108.6987787365901
 21
268.5565791228228
 31
0.0
 70
    32
 71
     5
 42
54.0
  3
ISO-25
100
AcDbAlignedDimension
 13
135.6987787365901
 23
229.8131529323591
 33
0.0
 14
81.69877873659016
 24
229.8131529323591
 34
0.0
100
AcDbRotatedDimension
  0
DIMENSION
  5
E00
102
{ACAD_XDICTIONARY
360
E0D
102
}
102
{ACAD_REACTORS
330
E17
102
}
330
1F
100
AcDbEntity
  8
Cotas
100
AcDbDimension
  2
*D39
 10
70.69877873659016
 20
45.49168105086232
 30
0.0
 11
60.69877873659016
 21
47.36668105086232
 31
0.0
 70
    32
 71
     5
 42
20.0
  3
ISO-25
100
AcDbAlignedDimension
 13
50.69877873659016
 23
112.8131529323591
 33
0.0
 14
70.69877873659016
 24
92.81315293235911
 34
0.0
100
AcDbRotatedDimension
  0
DIMENSION
  5
E18
102
{ACAD_XDICTIONARY
360
E25
102
}
102
{ACAD_REACTORS
330
E2F
102
}
330
1F
100
AcDbEntity
  8
Cotas
100
AcDbDimension
  2
*D40
 10
380.6987787365902
 20
23.93682207452116
 30
0.0
 11
215.6987787365902
 21
25.81182207452116
 31
0.0
 70
    32
 71
     5
 42
330.0
  3
ISO-25
100
AcDbAlignedDimension
 13
50.69877873659016
 23
112.8131529323591
 33
0.0
 14
380.6987787365902
 24
112.8131529323591
 34
0.0
100
AcDbRotatedDimension
  0
LINE
  5
E72
102
{ACAD_REACTORS
330
1176
330
1297
102
}
330
1F
100
AcDbEntity
  8
0
100
AcDbLine
 10
50.69877873659016
 20
150.8131529323591
 30
0.0
 11
48.69877873659016
 21
150.8131529323591
 31
0.0
  0
LINE
  5
E73
330
1F
100
AcDbEntity
  8
0
100
AcDbLine
 10
48.69877873659016
 20
150.8131529323591
 30
0.0
 11
12.69877873659015
 21
150.8131529323591
 31
0.0
  0
LINE
  5
E74
330
1F
100
AcDbEntity
  8
0
100
AcDbLine
 10
50.69877873659016
 20
400.813152932359
 30
0.0
 11
48.69877873659016
 21
400.813152932359
 31
0.0
  0
LINE
  5
E75
330
1F
100
AcDbEntity
  8
0
100
AcDbLine
 10
48.69877873659016
 20
400.813152932359
 30
0.0
 11
12.69877873659015
 21
400.813152932359
 31
0.0
  0
LINE
  5
E76
102
{ACAD_REACTORS
330
118E
330
12F7
102
}
330
1F
100
AcDbEntity
  8
0
100
AcDbLine
 10
12.69877873659015
 20
400.813152932359
 30
0.0
 11
12.69877873659015
 21
150.8131529323591
 31
0.0
  0
LINE
  5
E77
330
1F
100
AcDbEntity
  8
0
100
AcDbLine
 10
380.6987787365902
 20
150.8131529323591
 30
0.0
 11
382.6987787365902
 21
150.8131529323591
 31
0.0
  0
LINE
  5
E78
330
1F
100
AcDbEntity
  8
0
100
AcDbLine
 10
382.6987787365902
 20
150.8131529323591
 30
0.0
 11
418.6987787365901
 21
150.8131529323591
 31
0.0
  0
LINE
  5
E79
330
1F
100
AcDbEntity
  8
0
100
AcDbLine
 10
380.6987787365902
 20
400.813152932359
 30
0.0
 11
382.6987787365902
 21
400.813152932359
 31
0.0
  0
LINE
  5
E7A
330
1F
100
AcDbEntity
  8
0
100
AcDbLine
 10
382.6987787365902
 20
400.813152932359
 30
0.0
 11
418.6987787365901
 21
400.813152932359
 31
0.0
  0
LINE
  5
E7B
102
{ACAD_REACTORS
330
FAE
330
FC6
330
FDE
330
100E
330
1026
330
12C7
102
}
330
1F
100
AcDbEntity
  8
0
100
AcDbLine
 10
418.6987787365901
 20
400.813152932359
 30
0.0
 11
418.6987787365901
 21
150.8131529323591
 31
0.0
  0
LINE
  5
E7C
330
1F
100
AcDbEntity
  8
0
100
AcDbLine
 10
382.6987787365902
 20
150.8131529323591
 30
0.0
 11
382.6987787365902
 21
400.813152932359
 31
0.0
  0
LINE
  5
E7D
102
{ACAD_REACTORS
330
1176
330
118E
102
}
330
1F
100
AcDbEntity
  8
0
100
AcDbLine
 10
48.69877873659016
 20
400.813152932359
 30
0.0
 11
48.69877873659016
 21
150.8131529323591
 31
0.0
  0
CIRCLE
  5
E81
102
{ACAD_REACTORS
330
1297
330
12F7
102
}
330
1F
100
AcDbEntity
  8
0
100
AcDbCircle
 10
38.69877873659016
 20
163.313152932359
 30
0.0
 40
1.75
  0
CIRCLE
  5
E83
330
1F
100
AcDbEntity
  8
0
100
AcDbCircle
 10
38.69877873659016
 20
388.3131529323591
 30
0.0
 40
1.75
  0
CIRCLE
  5
E87
330
1F
100
AcDbEntity
  8
0
100
AcDbCircle
 10
392.6987787365902
 20
388.3131529323591
 30
0.0
 40
1.75
  0
CIRCLE
  5
E88
102
{ACAD_REACTORS
330
12C7
102
}
330
1F
100
AcDbEntity
  8
0
100
AcDbCircle
 10
392.6987787365902
 20
163.3131529323591
 30
0.0
 40
1.75
  0
CIRCLE
  5
EA1
102
{ACAD_REACTORS
330
BBD
330
BED
330
11D6
330
11EE
102
}
330
1F
100
AcDbEntity
  8
0
100
AcDbCircle
 10
60.69877873659018
 20
238.3131529323591
 30
0.0
 40
1.75
  0
CIRCLE
  5
EA2
330
1F
100
AcDbEntity
  8
0
100
AcDbCircle
 10
60.69877873659018
 20
313.3131529323591
 30
0.0
 40
1.75
  0
CIRCLE
  5
EA4
330
1F
100
AcDbEntity
  8
0
100
AcDbCircle
 10
60.69877873659018
 20
388.3131529323591
 30
0.0
 40
1.75
  0
CIRCLE
  5
EA5
102
{ACAD_REACTORS
330
BBD
330
BED
330
FDE
330
103E
330
12DF
102
}
330
1F
100
AcDbEntity
  8
0
100
AcDbCircle
 10
370.6987787365902
 20
238.3131529323591
 30
0.0
 40
1.75
  0
CIRCLE
  5
EA6
330
1F
100
AcDbEntity
  8
0
100
AcDbCircle
 10
370.6987787365902
 20
313.3131529323591
 30
0.0
 40
1.75
  0
CIRCLE
  5
EA8
330
1F
100
AcDbEntity
  8
0
100
AcDbCircle
 10
370.6987787365902
 20
388.3131529323591
 30
0.0
 40
1.75
  0
CIRCLE
  5
F02
330
1F
100
AcDbEntity
  8
0
100
AcDbCircle
 10
27.69877873659016
 20
275.8131529323591
 30
0.0
 40
8.5
  0
XLINE
  5
F09
102
{ACAD_REACTORS
330
11EE
330
12DF
102
}
330
1F
100
AcDbEntity
  8
0
100
AcDbXline
 10
27.69877873659016
 20
275.8131529323591
 30
0.0
 11
1.0
 21
0.0
 31
0.0
  0
CIRCLE
  5
F1A
330
1F
100
AcDbEntity
  8
0
100
AcDbCircle
 10
34.89877873659016
 20
284.7131529323591
 30
0.0
 40
1.5
  0
CIRCLE
  5
F1C
330
1F
100
AcDbEntity
  8
0
100
AcDbCircle
 10
20.49877873659015
 20
266.9131529323591
 30
0.0
 40
1.5
  0
CIRCLE
  5
F22
102
{ACAD_REACTORS
330
100E
330
10B6
330
10CE
330
10E4
102
}
330
1F
100
AcDbEntity
  8
0
100
AcDbCircle
 10
403.6987787365901
 20
275.8131529323591
 30
0.0
 40
8.5
  0
CIRCLE
  5
F24
102
{ACAD_REACTORS
330
1026
330
10CE
330
10FA
102
}
330
1F
100
AcDbEntity
  8
0
100
AcDbCircle
 10
396.4987787365902
 20
284.7131529323591
 30
0.0
 40
1.5
  0
CIRCLE
  5
F25
102
{ACAD_REACTORS
330
FF6
330
109E
330
10B6
102
}
330
1F
100
AcDbEntity
  8
0
100
AcDbCircle
 10
410.8987787365901
 20
266.9131529323591
 30
0.0
 40
1.5
  0
DIMENSION
  5
F3D
102
{ACAD_XDICTIONARY
360
F49
102
}
102
{ACAD_REACTORS
330
F52
102
}
330
1F
100
AcDbEntity
  8
Cotas
100
AcDbDimension
  2
*D45
 10
122.855810079412
 20
110.691130122503
 30
0.0
 11
131.5603581237243
 21
120.6783585785436
 31
0.0
 70
    35
 71
     5
 42
3.500000000000028
  3
ISO-25
100
AcDbDiametricDimension
 15
125.5417473937682
 25
112.9351757422152
 35
0.0
 40
0.0
1001
ACAD
1000
DSTYLE
1002
{
1070
   288
1070
     1
1002
}
  0
DIMENSION
  5
F53
102
{ACAD_XDICTIONARY
360
F5F
102
}
102
{ACAD_REACTORS
330
F68
102
}
330
1F
100
AcDbEntity
  8
Cotas
100
AcDbDimension
  2
*D46
 10
105.6971836783822
 20
99.0241614080344
 30
0.0
 11
119.8620150455026
 21
125.1632239279507
 31
0.0
 70
   163
 71
     5
 42
12.59999999999996
  3
ISO-25
100
AcDbDiametricDimension
 15
111.7003737947981
 25
110.1021444566839
 35
0.0
 40
0.0
1001
ACAD
1000
DSTYLE
1002
{
1070
   288
1070
     1
1002
}
  0
DIMENSION
  5
F69
102
{ACAD_XDICTIONARY
360
F75
102
}
102
{ACAD_REACTORS
330
F7E
102
}
330
1F
100
AcDbEntity
  8
Cotas
100
AcDbDimension
  2
*D47
 10
79.79441348349218
 20
227.4950949126382
 30
0.0
 11
90.72548458195253
 21
240.8007656513291
 31
0.0
 70
   163
 71
     5
 42
5.999999999999971
  3
ISO-25
100
AcDbDiametricDimension
 15
83.60314398968823
 25
232.1312109520802
 35
0.0
 40
0.0
1001
ACAD
1000
DSTYLE
1002
{
1070
   288
1070
     1
1002
}
  0
DIMENSION
  5
F97
102
{ACAD_XDICTIONARY
360
FA4
102
}
102
{ACAD_REACTORS
330
FAE
102
}
330
1F
100
AcDbEntity
  8
Cotas
100
AcDbDimension
  2
*D49
 10
465.750796793287
 20
191.8131529323591
 30
0.0
 11
463.8757967932869
 21
171.3131529323591
 31
0.0
 70
    32
 71
     5
 42
41.0
  3
ISO-25
100
AcDbAlignedDimension
 13
418.6987787365901
 23
150.8131529323591
 33
0.0
 14
349.6987787365902
 24
191.8131529323591
 34
0.0
 50
90.0
100
AcDbRotatedDimension
  0
DIMENSION
  5
FAF
102
{ACAD_XDICTIONARY
360
FBC
102
}
102
{ACAD_REACTORS
330
FC6
102
}
330
1F
100
AcDbEntity
  8
Cotas
100
AcDbDimension
  2
*D50
 10
490.9478203465432
 20
229.8131529323591
 30
0.0
 11
489.0728203465432
 21
190.3131529323592
 31
0.0
 70
    32
 71
     5
 42
79.0
  3
ISO-25
100
AcDbAlignedDimension
 13
418.6987787365901
 23
150.8131529323591
 33
0.0
 14
349.6987787365902
 24
229.8131529323591
 34
0.0
 50
90.0
100
AcDbRotatedDimension
  0
DIMENSION
  5
FC7
102
{ACAD_XDICTIONARY
360
FD4
102
}
102
{ACAD_REACTORS
330
FDE
102
}
330
1F
100
AcDbEntity
  8
Cotas
100
AcDbDimension
  2
*D51
 10
512.3271149055772
 20
238.3131529323591
 30
0.0
 11
510.2437815722439
 21
194.5631529323591
 31
0.0
 70
    32
 71
     5
 42
87.5
  3
ISO-25
100
AcDbAlignedDimension
 13
418.6987787365901
 23
150.8131529323591
 33
0.0
 14
370.6987787365902
 24
238.3131529323591
 34
0.0
 50
90.0
100
AcDbRotatedDimension
  0
DIMENSION
  5
FDF
102
{ACAD_XDICTIONARY
360
FEC
102
}
102
{ACAD_REACTORS
330
FF6
102
}
330
1F
100
AcDbEntity
  8
Cotas
100
AcDbDimension
  2
*D52
 10
530.2704491497144
 20
266.9131529323591
 30
0.0
 11
528.1871158163808
 21
208.8631529323592
 31
0.0
 70
    32
 71
     5
 42
116.1
  3
ISO-25
100
AcDbAlignedDimension
 13
419.3237787365901
 23
150.8131529323591
 33
0.0
 14
410.8987787365901
 24
266.9131529323591
 34
0.0
 50
90.0
100
AcDbRotatedDimension
  0
DIMENSION
  5
FF7
102
{ACAD_XDICTIONARY
360
1004
102
}
102
{ACAD_REACTORS
330
100E
102
}
330
1F
100
AcDbEntity
  8
Cotas
100
AcDbDimension
  2
*D53
 10
548.5955567621732
 20
275.8131529323591
 30
0.0
 11
546.7205567621731
 21
213.3131529323592
 31
0.0
 70
    32
 71
     5
 42
125.0
  3
ISO-25
100
AcDbAlignedDimension
 13
418.6987787365901
 23
150.8131529323591
 33
0.0
 14
403.6987787365901
 24
275.8131529323591
 34
0.0
 50
90.0
100
AcDbRotatedDimension
  0
DIMENSION
  5
100F
102
{ACAD_XDICTIONARY
360
101C
102
}
102
{ACAD_REACTORS
330
1026
102
}
330
1F
100
AcDbEntity
  8
Cotas
100
AcDbDimension
  2
*D54
 10
566.1571223269848
 20
284.7131529323591
 30
0.0
 11
564.0737889936513
 21
217.7631529323592
 31
0.0
 70
    32
 71
     5
 42
133.9
  3
ISO-25
100
AcDbAlignedDimension
 13
418.6987787365901
 23
150.8131529323591
 33
0.0
 14
396.4987787365902
 24
284.7131529323591
 34
0.0
 50
90.0
100
AcDbRotatedDimension
  0
DIMENSION
  5
1027
102
{ACAD_XDICTIONARY
360
1034
102
}
102
{ACAD_REACTORS
330
103E
102
}
330
1F
100
AcDbEntity
  8
Cotas
100
AcDbDimension
  2
*D55
 10
370.6987787365902
 20
266.5889709051844
 30
0.0
 11
360.1987787365902
 21
268.4639709051844
 31
0.0
 70
    32
 71
     5
 42
21.0
  3
ISO-25
100
AcDbAlignedDimension
 13
349.6987787365902
 23
229.8131529323591
 33
0.0
 14
370.6987787365902
 24
238.3131529323591
 34
0.0
100
AcDbRotatedDimension
  0
DIMENSION
  5
1087
102
{ACAD_XDICTIONARY
360
1094
102
}
102
{ACAD_REACTORS
330
109E
102
}
330
1F
100
AcDbEntity
  8
Cotas
100
AcDbDimension
  2
*D59
 10
418.6987787365901
 20
249.0059456624199
 30
0.0
 11
414.7987787365901
 21
251.0892789957532
 31
0.0
 70
    32
 71
     5
 42
7.800000000000011
  3
ISO-25
100
AcDbAlignedDimension
 13
410.8987787365901
 23
266.9131529323591
 33
0.0
 14
418.6987787365901
 24
275.8131529323591
 34
0.0
100
AcDbRotatedDimension
  0
DIMENSION
  5
109F
102
{ACAD_XDICTIONARY
360
10AC
102
}
102
{ACAD_REACTORS
330
10B6
102
}
330
1F
100
AcDbEntity
  8
Cotas
100
AcDbDimension
  2
*D60
 10
403.6987787365901
 20
248.7751789775739
 30
0.0
 11
407.2987787365901
 21
250.8585123109072
 31
0.0
 70
    32
 71
     5
 42
7.199999999999988
  3
ISO-25
100
AcDbAlignedDimension
 13
410.8987787365901
 23
266.9131529323591
 33
0.0
 14
403.6987787365901
 24
275.8131529323591
 34
0.0
100
AcDbRotatedDimension
  0
DIMENSION
  5
10B7
102
{ACAD_XDICTIONARY
360
10C4
102
}
102
{ACAD_REACTORS
330
10CE
102
}
330
1F
100
AcDbEntity
  8
Cotas
100
AcDbDimension
  2
*D61
 10
396.4987787365902
 20
248.5444145965939
 30
0.0
 11
400.0987787365901
 21
250.6277479299273
 31
0.0
 70
    32
 71
     5
 42
7.199999999999988
  3
ISO-25
100
AcDbAlignedDimension
 13
403.6987787365901
 23
275.8131529323591
 33
0.0
 14
396.4987787365902
 24
284.7131529323591
 34
0.0
100
AcDbRotatedDimension
  0
DIMENSION
  5
10CF
102
{ACAD_XDICTIONARY
360
10DB
102
}
102
{ACAD_REACTORS
330
10E4
102
}
330
1F
100
AcDbEntity
  8
Cotas
100
AcDbDimension
  2
*D62
 10
397.157966861489
 20
270.3847295871753
 30
0.0
 11
428.1213269470438
 21
296.0821857964869
 31
0.0
 70
   163
 71
     5
 42
17.0
  3
ISO-25
100
AcDbDiametricDimension
 15
410.2395906116912
 25
281.2415762775428
 35
0.0
 40
0.0
1001
ACAD
1000
DSTYLE
1002
{
1070
   288
1070
     1
1002
}
  0
DIMENSION
  5
10E5
102
{ACAD_XDICTIONARY
360
10F1
102
}
102
{ACAD_REACTORS
330
10FA
102
}
330
1F
100
AcDbEntity
  8
Cotas
100
AcDbDimension
  2
*D63
 10
395.45643518816
 20
283.6344871235722
 30
0.0
 11
405.2550251418415
 21
293.7745258596268
 31
0.0
 70
   163
 71
     5
 42
2.999999999999943
  3
ISO-25
100
AcDbDiametricDimension
 15
397.5411222850204
 25
285.791818741146
 35
0.0
 40
0.0
1001
ACAD
1000
DSTYLE
1002
{
1070
   288
1070
     1
1002
}
  0
DIMENSION
  5
1113
102
{ACAD_XDICTIONARY
360
1120
102
}
102
{ACAD_REACTORS
330
112A
102
}
330
1F
100
AcDbEntity
  8
Cotas
100
AcDbDimension
  2
*D65
 10
446.8399022839403
 20
150.8131529323591
 30
0.0
 11
444.756568950607
 21
157.0631529323591
 31
0.0
 70
    32
 71
     5
 42
12.49999999999997
  3
ISO-25
100
AcDbAlignedDimension
 13
370.6987787365902
 23
163.3131529323591
 33
0.0
 14
419.9487787365901
 24
150.8131529323591
 34
0.0
 50
90.0
100
AcDbRotatedDimension
  0
DIMENSION
  5
112B
102
{ACAD_XDICTIONARY
360
1138
102
}
102
{ACAD_REACTORS
330
1142
102
}
330
1F
100
AcDbEntity
  8
Cotas
100
AcDbDimension
  2
*D66
 10
380.6987787365902
 20
81.12700339808043
 30
0.0
 11
375.6987787365901
 21
83.00200339808043
 31
0.0
 70
    32
 71
     5
 42
10.0
  3
ISO-25
100
AcDbAlignedDimension
 13
370.6987787365902
 23
163.3131529323591
 33
0.0
 14
380.6987787365902
 24
112.1881529323591
 34
0.0
100
AcDbRotatedDimension
  0
DIMENSION
  5
115B
102
{ACAD_XDICTIONARY
360
116A
102
}
102
{ACAD_REACTORS
330
1176
102
}
330
1F
100
AcDbEntity
  8
Cotas
100
AcDbDimension
  2
*D68
 10
50.69877873659015
 20
60.22873878202108
 30
0.0
 11
57.15711206992349
 21
62.10373878202108
 31
0.0
 70
    32
 71
     5
 42
2.0
  3
ISO-25
100
AcDbAlignedDimension
 13
48.69877873659016
 23
150.8131529323591
 33
0.0
 14
50.69877873659016
 24
150.8131529323591
 34
0.0
100
AcDbRotatedDimension
  0
DIMENSION
  5
1177
102
{ACAD_XDICTIONARY
360
1184
102
}
102
{ACAD_REACTORS
330
118E
102
}
330
1F
100
AcDbEntity
  8
Cotas
100
AcDbDimension
  2
*D69
 10
48.69877873659015
 20
59.88484999871161
 30
0.0
 11
30.69877873659015
 21
61.75984999871161
 31
0.0
 70
    32
 71
     5
 42
36.0
  3
ISO-25
100
AcDbAlignedDimension
 13
12.69877873659015
 23
150.8131529323591
 33
0.0
 14
48.69877873659016
 24
150.8131529323591
 34
0.0
100
AcDbRotatedDimension
  0
DIMENSION
  5
11BF
102
{ACAD_XDICTIONARY
360
11CC
102
}
102
{ACAD_REACTORS
330
11D6
102
}
330
1F
100
AcDbEntity
  8
Cotas
100
AcDbDimension
  2
*D72
 10
67.63162579908294
 20
238.3131529323591
 30
0.0
 11
65.75662579908289
 21
200.8131529323591
 31
0.0
 70
    32
 71
     5
 42
75.00000000000003
  3
ISO-25
100
AcDbAlignedDimension
 13
60.69877873659016
 23
163.313152932359
 33
0.0
 14
60.69877873659018
 24
238.3131529323591
 34
0.0
 50
90.0
100
AcDbRotatedDimension
  0
DIMENSION
  5
11D7
102
{ACAD_XDICTIONARY
360
11E4
102
}
102
{ACAD_REACTORS
330
11EE
102
}
330
1F
100
AcDbEntity
  8
Cotas
100
AcDbDimension
  2
*D73
 10
67.26656401263699
 20
275.8131529323591
 30
0.0
 11
65.18323067930362
 21
257.0631529323591
 31
0.0
 70
    32
 71
     5
 42
37.50000000000003
  3
ISO-25
100
AcDbAlignedDimension
 13
60.69877873659018
 23
238.3131529323591
 33
0.0
 14
50.69877873659016
 24
275.8131529323591
 34
0.0
 50
90.0
100
AcDbRotatedDimension
  0
DIMENSION
  5
1238
102
{ACAD_XDICTIONARY
360
1245
102
}
102
{ACAD_REACTORS
330
124F
102
}
330
1F
100
AcDbEntity
  8
Cotas
100
AcDbDimension
  2
*D77
 10
-13.29496436005684
 20
112.8131529323591
 30
0.0
 11
-15.16996436005686
 21
125.8131529323591
 31
0.0
 70
    32
 71
     5
 42
25.99999999999999
  3
ISO-25
100
AcDbAlignedDimension
 13
60.69877873659016
 23
138.8131529323591
 33
0.0
 14
50.69877873659016
 24
112.8131529323591
 34
0.0
 50
90.0
100
AcDbRotatedDimension
  0
DIMENSION
  5
1250
102
{ACAD_XDICTIONARY
360
125D
102
}
102
{ACAD_REACTORS
330
1267
102
}
330
1F
100
AcDbEntity
  8
Cotas
100
AcDbDimension
  2
*D78
 10
-13.89702862302253
 20
148.8131529323591
 30
0.0
 11
-15.77202862302255
 21
143.8131529323591
 31
0.0
 70
    32
 71
     5
 42
10.0
  3
ISO-25
100
AcDbAlignedDimension
 13
60.69877873659016
 23
138.8131529323591
 33
0.0
 14
50.69877873659016
 24
148.8131529323591
 34
0.0
 50
90.0
100
AcDbRotatedDimension
  0
DIMENSION
  5
1280
102
{ACAD_XDICTIONARY
360
128D
102
}
102
{ACAD_REACTORS
330
1297
102
}
330
1F
100
AcDbEntity
  8
Cotas
100
AcDbDimension
  2
*D80
 10
68.11362645769257
 20
150.8131529323591
 30
0.0
 11
66.03029312435923
 21
157.0631529323591
 31
0.0
 70
    32
 71
     5
 42
12.49999999999994
  3
ISO-25
100
AcDbAlignedDimension
 13
38.69877873659016
 23
163.313152932359
 33
0.0
 14
50.69877873659016
 24
150.8131529323591
 34
0.0
 50
90.0
100
AcDbRotatedDimension
  0
DIMENSION
  5
1298
102
{ACAD_XDICTIONARY
360
12A5
102
}
102
{ACAD_REACTORS
330
12AF
102
}
330
1F
100
AcDbEntity
  8
Cotas
100
AcDbDimension
  2
*D81
 10
186.1987787365902
 20
138.8131529323591
 30
0.0
 11
123.4487787365901
 21
140.8964862656924
 31
0.0
 70
    32
 71
     5
 42
125.5
  3
ISO-25
100
AcDbAlignedDimension
 13
60.69877873659016
 23
138.8131529323591
 33
0.0
 14
186.1987787365902
 24
138.8131529323591
 34
0.0
100
AcDbRotatedDimension
  0
DIMENSION
  5
12B0
102
{ACAD_XDICTIONARY
360
12BD
102
}
102
{ACAD_REACTORS
330
12C7
102
}
330
1F
100
AcDbEntity
  8
Cotas
100
AcDbDimension
  2
*D82
 10
418.6987787365901
 20
139.7288742602272
 30
0.0
 11
405.6987787365901
 21
141.6038742602272
 31
0.0
 70
    32
 71
     5
 42
26.0
  3
ISO-25
100
AcDbAlignedDimension
 13
392.6987787365902
 23
163.3131529323591
 33
0.0
 14
418.6987787365901
 24
150.8131529323591
 34
0.0
100
AcDbRotatedDimension
  0
DIMENSION
  5
12C8
102
{ACAD_XDICTIONARY
360
12D5
102
}
102
{ACAD_REACTORS
330
12DF
102
}
330
1F
100
AcDbEntity
  8
Cotas
100
AcDbDimension
  2
*D83
 10
380.6987787365902
 20
266.7469699991466
 30
0.0
 11
375.6987787365901
 21
268.6219699991466
 31
0.0
 70
    32
 71
     5
 42
10.0
  3
ISO-25
100
AcDbAlignedDimension
 13
370.6987787365902
 23
238.3131529323591
 33
0.0
 14
380.6987787365902
 24
275.8131529323591
 34
0.0
100
AcDbRotatedDimension
  0
DIMENSION
  5
12E0
102
{ACAD_XDICTIONARY
360
12ED
102
}
102
{ACAD_REACTORS
330
12F7
102
}
330
1F
100
AcDbEntity
  8
Cotas
100
AcDbDimension
  2
*D84
 10
38.69877873659015
 20
73.47317755977702
 30
0.0
 11
25.69877873659015
 21
75.34817755977702
 31
0.0
 70
    32
 71
     5
 42
26.0
  3
ISO-25
100
AcDbAlignedDimension
 13
12.69877873659015
 23
150.8131529323591
 33
0.0
 14
38.69877873659016
 24
163.313152932359
 34
0.0
100
AcDbRotatedDimension
  0
CIRCLE
  5
130E
330
1F
100
AcDbEntity
  8
0
100
AcDbCircle
 10
38.69877873659016
 20
313.3131529323591
 30
0.0
 40
1.75
  0
CIRCLE
  5
130F
330
1F
100
AcDbEntity
  8
0
100
AcDbCircle
 10
38.69877873659016
 20
238.3131529323591
 30
0.0
 40
1.75
  0
CIRCLE
  5
1310
330
1F
100
AcDbEntity
  8
0
100
AcDbCircle
 10
392.6987787365902
 20
313.3131529323591
 30
0.0
 40
1.75
  0
CIRCLE
  5
1311
330
1F
100
AcDbEntity
  8
0
100
AcDbCircle
 10
392.6987787365902
 20
238.3131529323591
 30
0.0
 40
1.75
  0
ENDSEC
  0
SECTION
  2
OBJECTS
  0
DICTIONARY
  5
C
330
0
100
AcDbDictionary
281
     1
  3
ACAD_COLOR
350
6B
  3
ACAD_GROUP
350
D
  3
ACAD_LAYOUT
350
1A
  3
ACAD_MATERIAL
350
6A
  3
ACAD_MLINESTYLE
350
17
  3
ACAD_PLOTSETTINGS
350
19
  3
ACAD_PLOTSTYLENAME
350
E
  3
ACAD_TABLESTYLE
350
7E
  3
ACAD_VISUALSTYLE
350
1349
  3
AcDbVariableDictionary
350
5E
  3
DWGPROPS
350
136F
  0
DICTIONARY
  5
436
330
2
100
AcDbDictionary
280
     1
281
     1
  3
ACAD_LAYERFILTERS
360
DDF
  3
ACLYDICTIONARY
360
DDE
  0
DICTIONARY
  5
8B3
330
8A6
100
AcDbDictionary
280
     1
281
     1
  3
ACAD_DIMASSOC
360
8BD
  0
DICTIONARY
  5
8E5
330
8D6
100
AcDbDictionary
280
     1
281
     1
  3
ACAD_DIMASSOC
360
8F1
  0
DICTIONARY
  5
98B
330
97E
100
AcDbDictionary
280
     1
281
     1
  3
ACAD_DIMASSOC
360
995
  0
DICTIONARY
  5
9A4
330
996
100
AcDbDictionary
280
     1
281
     1
  3
ACAD_DIMASSOC
360
9AF
  0
DICTIONARY
  5
9D5
330
9C8
100
AcDbDictionary
280
     1
281
     1
  3
ACAD_DIMASSOC
360
9DF
  0
DICTIONARY
  5
A1D
330
A10
100
AcDbDictionary
280
     1
281
     1
  3
ACAD_DIMASSOC
360
A27
  0
DICTIONARY
  5
A35
330
A28
100
AcDbDictionary
280
     1
281
     1
  3
ACAD_DIMASSOC
360
A3F
  0
DICTIONARY
  5
A4E
330
A40
100
AcDbDictionary
280
     1
281
     1
  3
ACAD_DIMASSOC
360
A59
  0
DICTIONARY
  5
A68
330
A5A
100
AcDbDictionary
280
     1
281
     1
  3
ACAD_DIMASSOC
360
A73
  0
DICTIONARY
  5
A7E
330
A74
100
AcDbDictionary
280
     1
281
     1
  3
ACAD_DIMASSOC
360
A85
  0
DICTIONARY
  5
AAB
330
A9E
100
AcDbDictionary
280
     1
281
     1
  3
ACAD_DIMASSOC
360
AB5
  0
DICTIONARY
  5
AC3
330
AB6
100
AcDbDictionary
280
     1
281
     1
  3
ACAD_DIMASSOC
360
ACD
  0
DICTIONARY
  5
AF3
330
AE6
100
AcDbDictionary
280
     1
281
     1
  3
ACAD_DIMASSOC
360
AFD
  0
DICTIONARY
  5
B83
330
B76
100
AcDbDictionary
280
     1
281
     1
  3
ACAD_DIMASSOC
360
B8D
  0
DICTIONARY
  5
B9B
330
B8E
100
AcDbDictionary
280
     1
281
     1
  3
ACAD_DIMASSOC
360
BA5
  0
DICTIONARY
  5
BB3
330
BA6
100
AcDbDictionary
280
     1
281
     1
  3
ACAD_DIMASSOC
360
BBD
  0
DICTIONARY
  5
BE3
330
BD6
100
AcDbDictionary
280
     1
281
     1
  3
ACAD_DIMASSOC
360
BED
  0
DICTIONARY
  5
BFB
330
BEE
100
AcDbDictionary
280
     1
281
     1
  3
ACAD_DIMASSOC
360
C05
  0
DICTIONARY
  5
E0D
330
E00
100
AcDbDictionary
280
     1
281
     1
  3
ACAD_DIMASSOC
360
E17
  0
DICTIONARY
  5
E25
330
E18
100
AcDbDictionary
280
     1
281
     1
  3
ACAD_DIMASSOC
360
E2F
  0
DICTIONARY
  5
F49
330
F3D
100
AcDbDictionary
280
     1
281
     1
  3
ACAD_DIMASSOC
360
F52
  0
DICTIONARY
  5
F5F
330
F53
100
AcDbDictionary
280
     1
281
     1
  3
ACAD_DIMASSOC
360
F68
  0
DICTIONARY
  5
F75
330
F69
100
AcDbDictionary
280
     1
281
     1
  3
ACAD_DIMASSOC
360
F7E
  0
DICTIONARY
  5
FA4
330
F97
100
AcDbDictionary
280
     1
281
     1
  3
ACAD_DIMASSOC
360
FAE
  0
DICTIONARY
  5
FBC
330
FAF
100
AcDbDictionary
280
     1
281
     1
  3
ACAD_DIMASSOC
360
FC6
  0
DICTIONARY
  5
FD4
330
FC7
100
AcDbDictionary
280
     1
281
     1
  3
ACAD_DIMASSOC
360
FDE
  0
DICTIONARY
  5
FEC
330
FDF
100
AcDbDictionary
280
     1
281
     1
  3
ACAD_DIMASSOC
360
FF6
  0
DICTIONARY
  5
1004
330
FF7
100
AcDbDictionary
280
     1
281
     1
  3
ACAD_DIMASSOC
360
100E
  0
DICTIONARY
  5
101C
330
100F
100
AcDbDictionary
280
     1
281
     1
  3
ACAD_DIMASSOC
360
1026
  0
DICTIONARY
  5
1034
330
1027
100
AcDbDictionary
280
     1
281
     1
  3
ACAD_DIMASSOC
360
103E
  0
DICTIONARY
  5
1094
330
1087
100
AcDbDictionary
280
     1
281
     1
  3
ACAD_DIMASSOC
360
109E
  0
DICTIONARY
  5
10AC
330
109F
100
AcDbDictionary
280
     1
281
     1
  3
ACAD_DIMASSOC
360
10B6
  0
DICTIONARY
  5
10C4
330
10B7
100
AcDbDictionary
280
     1
281
     1
  3
ACAD_DIMASSOC
360
10CE
  0
DICTIONARY
  5
10DB
330
10CF
100
AcDbDictionary
280
     1
281
     1
  3
ACAD_DIMASSOC
360
10E4
  0
DICTIONARY
  5
10F1
330
10E5
100
AcDbDictionary
280
     1
281
     1
  3
ACAD_DIMASSOC
360
10FA
  0
DICTIONARY
  5
1120
330
1113
100
AcDbDictionary
280
     1
281
     1
  3
ACAD_DIMASSOC
360
112A
  0
DICTIONARY
  5
1138
330
112B
100
AcDbDictionary
280
     1
281
     1
  3
ACAD_DIMASSOC
360
1142
  0
DICTIONARY
  5
116A
330
115B
100
AcDbDictionary
280
     1
281
     1
  3
ACAD_DIMASSOC
360
1176
  0
DICTIONARY
  5
1184
330
1177
100
AcDbDictionary
280
     1
281
     1
  3
ACAD_DIMASSOC
360
118E
  0
DICTIONARY
  5
11CC
330
11BF
100
AcDbDictionary
280
     1
281
     1
  3
ACAD_DIMASSOC
360
11D6
  0
DICTIONARY
  5
11E4
330
11D7
100
AcDbDictionary
280
     1
281
     1
  3
ACAD_DIMASSOC
360
11EE
  0
DICTIONARY
  5
1245
330
1238
100
AcDbDictionary
280
     1
281
     1
  3
ACAD_DIMASSOC
360
124F
  0
DICTIONARY
  5
125D
330
1250
100
AcDbDictionary
280
     1
281
     1
  3
ACAD_DIMASSOC
360
1267
  0
DICTIONARY
  5
128D
330
1280
100
AcDbDictionary
280
     1
281
     1
  3
ACAD_DIMASSOC
360
1297
  0
DICTIONARY
  5
12A5
330
1298
100
AcDbDictionary
280
     1
281
     1
  3
ACAD_DIMASSOC
360
12AF
  0
DICTIONARY
  5
12BD
330
12B0
100
AcDbDictionary
280
     1
281
     1
  3
ACAD_DIMASSOC
360
12C7
  0
DICTIONARY
  5
12D5
330
12C8
100
AcDbDictionary
280
     1
281
     1
  3
ACAD_DIMASSOC
360
12DF
  0
DICTIONARY
  5
12ED
330
12E0
100
AcDbDictionary
280
     1
281
     1
  3
ACAD_DIMASSOC
360
12F7
  0
DICTIONARY
  5
6B
102
{ACAD_REACTORS
330
C
102
}
330
C
100
AcDbDictionary
281
     1
  0
DICTIONARY
  5
D
102
{ACAD_REACTORS
330
C
102
}
330
C
100
AcDbDictionary
281
     1
  0
DICTIONARY
  5
1A
102
{ACAD_REACTORS
330
C
102
}
330
C
100
AcDbDictionary
281
     1
  3
Layout1
350
D3
  3
Layout2
350
D7
  3
Model
350
22
  0
DICTIONARY
  5
6A
102
{ACAD_REACTORS
330
C
102
}
330
C
100
AcDbDictionary
281
     1
  3
ByBlock
350
1347
  3
ByLayer
350
1346
  3
Global
350
1348
  0
DICTIONARY
  5
17
102
{ACAD_REACTORS
330
C
102
}
330
C
100
AcDbDictionary
281
     1
  3
Standard
350
18
  0
DICTIONARY
  5
19
102
{ACAD_REACTORS
330
C
102
}
330
C
100
AcDbDictionary
281
     1
  0
ACDBDICTIONARYWDFLT
  5
E
102
{ACAD_REACTORS
330
C
102
}
330
C
100
AcDbDictionary
281
     1
  3
Normal
350
F
100
AcDbDictionaryWithDefault
340
F
  0
DICTIONARY
  5
7E
102
{ACAD_REACTORS
330
C
102
}
330
C
100
AcDbDictionary
281
     1
  3
Standard
350
7F
  0
DICTIONARY
  5
1349
102
{ACAD_REACTORS
330
C
102
}
330
C
100
AcDbDictionary
281
     1
  3
2dWireframe
350
134F
  3
3D Hidden
350
1351
  3
3dWireframe
350
1350
  3
Basic
350
134E
  3
Brighten
350
1355
  3
ColorChange
350
1359
  3
Conceptual
350
1352
  3
Dim
350
1354
  3
Facepattern
350
1358
  3
Flat
350
134A
  3
FlatWithEdges
350
134B
  3
Gouraud
350
134C
  3
GouraudWithEdges
350
134D
  3
Linepattern
350
1357
  3
Realistic
350
1353
  3
Thicken
350
1356
  0
DICTIONARY
  5
5E
102
{ACAD_REACTORS
330
C
102
}
330
C
100
AcDbDictionary
281
     1
  3
CTABLESTYLE
350
84
  3
DIMASSOC
350
5F
  3
HIDETEXT
350
63
  3
INDEXCTL
350
135F
  3
SORTENTS
350
135E
  0
XRECORD
  5
136F
102
{ACAD_REACTORS
330
C
102
}
330
C
100
AcDbXrecord
280
     1
  1
DWGPROPS COOKIE
  2

  3

  4

  6

  7

  8
aprieto
  9

300
=
301
=
302
=
303
=
304
=
305
=
306
=
307
=
308
=
309
=
 40
0.6094070370370371
 41
2454646.347022743
 42
2454676.065128391
  1

 90
        0
  0
DICTIONARY
  5
DDF
102
{ACAD_REACTORS
330
436
102
}
330
436
100
AcDbDictionary
281
     1
  0
DICTIONARY
  5
DDE
102
{ACAD_REACTORS
330
436
102
}
330
436
100
AcDbDictionary
281
     1
1001
ACAD
1000
<All
  0
DIMASSOC
  5
8BD
102
{ACAD_REACTORS
330
8B3
102
}
330
8B3
100
AcDbDimAssoc
330
8A6
 90
        3
 70
     0
 71
     0
  1
AcDbOsnapPointRef
 72
    13
331
2A8
 73
     2
 91
        0
 40
0.0
 10
0.0
 20
0.0
 30
2.000000000000000E+50
 75
     0
  1
AcDbOsnapPointRef
 72
     1
331
5FA
 73
     2
 91
        0
 40
1.0
 10
0.0
 20
0.0
 30
2.000000000000000E+50
 75
     0
  0
DIMASSOC
  5
8F1
102
{ACAD_REACTORS
330
8E5
102
}
330
8E5
100
AcDbDimAssoc
330
8D6
 90
        3
 70
     0
 71
     0
  1
AcDbOsnapPointRef
 72
    13
331
5FD
 73
     2
 91
        0
 40
0.0
 10
0.0
 20
0.0
 30
2.000000000000000E+50
 75
     0
  1
AcDbOsnapPointRef
 72
    13
331
5F9
 73
     2
 91
        0
 40
0.0
 10
0.0
 20
0.0
 30
2.000000000000000E+50
 75
     0
  0
DIMASSOC
  5
995
102
{ACAD_REACTORS
330
98B
102
}
330
98B
100
AcDbDimAssoc
330
97E
 90
        3
 70
     0
 71
     0
  1
AcDbOsnapPointRef
 72
     3
331
28D
 73
     2
 91
        0
 40
0.0
 10
0.0
 20
0.0
 30
0.0
 75
     0
  1
AcDbOsnapPointRef
 72
    13
331
2A9
 73
     2
 91
        0
 40
0.0
 10
0.0
 20
0.0
 30
2.000000000000000E+50
 75
     0
  0
DIMASSOC
  5
9AF
102
{ACAD_REACTORS
330
9A4
102
}
330
9A4
100
AcDbDimAssoc
330
996
 90
        2
 70
     0
 71
     0
  1
AcDbOsnapPointRef
 72
     3
331
28E
 73
     2
 91
        0
 40
0.0
 10
0.0
 20
0.0
 30
0.0
 75
     0
  0
DIMASSOC
  5
9DF
102
{ACAD_REACTORS
330
9D5
102
}
330
9D5
100
AcDbDimAssoc
330
9C8
 90
        3
 70
     0
 71
     0
  1
AcDbOsnapPointRef
 72
     3
331
28E
 73
     2
 91
        0
 40
0.0
 10
0.0
 20
0.0
 30
0.0
 75
     0
  1
AcDbOsnapPointRef
 72
     3
331
293
 73
     2
 91
        0
 40
0.0
 10
0.0
 20
0.0
 30
0.0
 75
     0
  0
DIMASSOC
  5
A27
102
{ACAD_REACTORS
330
A1D
102
}
330
A1D
100
AcDbDimAssoc
330
A10
 90
        3
 70
     0
 71
     0
  1
AcDbOsnapPointRef
 72
     3
331
883
 73
     2
 91
        0
 40
0.0
 10
0.0
 20
0.0
 30
0.0
 75
     0
  1
AcDbOsnapPointRef
 72
     3
331
28E
 73
     2
 91
        0
 40
0.0
 10
0.0
 20
0.0
 30
0.0
 75
     0
  0
DIMASSOC
  5
A3F
102
{ACAD_REACTORS
330
A35
102
}
330
A35
100
AcDbDimAssoc
330
A28
 90
        3
 70
     0
 71
     0
  1
AcDbOsnapPointRef
 72
     3
331
28E
 73
     2
 91
        0
 40
0.0
 10
0.0
 20
0.0
 30
0.0
 75
     0
  1
AcDbOsnapPointRef
 72
     3
331
28D
 73
     2
 91
        0
 40
0.0
 10
0.0
 20
0.0
 30
0.0
 75
     0
  0
DIMASSOC
  5
A59
102
{ACAD_REACTORS
330
A4E
102
}
330
A4E
100
AcDbDimAssoc
330
A40
 90
        3
 70
     0
 71
     0
  1
AcDbOsnapPointRef
 72
     3
331
28D
 73
     2
 91
        0
 40
0.0
 10
0.0
 20
0.0
 30
0.0
 75
     0
  1
AcDbOsnapPointRef
 72
     3
331
293
 73
     2
 91
        0
 40
0.0
 10
0.0
 20
0.0
 30
0.0
 75
     0
  0
DIMASSOC
  5
A73
102
{ACAD_REACTORS
330
A68
102
}
330
A68
100
AcDbDimAssoc
330
A5A
 90
        3
 70
     0
 71
     0
  1
AcDbOsnapPointRef
 72
     3
331
293
 73
     2
 91
        0
 40
0.0
 10
0.0
 20
0.0
 30
0.0
 75
     0
  1
AcDbOsnapPointRef
 72
     3
331
28F
 73
     2
 91
        0
 40
0.0
 10
0.0
 20
0.0
 30
0.0
 75
     0
  0
DIMASSOC
  5
A85
102
{ACAD_REACTORS
330
A7E
102
}
330
A7E
100
AcDbDimAssoc
330
A74
 90
        2
 70
     0
 71
     0
  1
AcDbOsnapPointRef
 72
     3
331
28D
 73
     2
 91
        0
 40
0.0
 10
0.0
 20
0.0
 30
0.0
 75
     0
  0
DIMASSOC
  5
AB5
102
{ACAD_REACTORS
330
AAB
102
}
330
AAB
100
AcDbDimAssoc
330
A9E
 90
        3
 70
     0
 71
     0
  1
AcDbOsnapPointRef
 72
    13
331
2A8
 73
     2
 91
        0
 40
0.0
 10
0.0
 20
0.0
 30
2.000000000000000E+50
 75
     0
  1
AcDbOsnapPointRef
 72
     3
331
234
 73
     2
 91
        0
 40
0.0
 10
0.0
 20
0.0
 30
0.0
 75
     0
  0
DIMASSOC
  5
ACD
102
{ACAD_REACTORS
330
AC3
102
}
330
AC3
100
AcDbDimAssoc
330
AB6
 90
        3
 70
     0
 71
     0
  1
AcDbOsnapPointRef
 72
     3
331
7B7
 73
     2
 91
        0
 40
0.0
 10
0.0
 20
0.0
 30
0.0
 75
     0
  1
AcDbOsnapPointRef
 72
     3
331
234
 73
     2
 91
        0
 40
0.0
 10
0.0
 20
0.0
 30
0.0
 75
     0
  0
DIMASSOC
  5
AFD
102
{ACAD_REACTORS
330
AF3
102
}
330
AF3
100
AcDbDimAssoc
330
AE6
 90
        2
 70
     0
 71
     0
  1
AcDbOsnapPointRef
 72
     3
331
881
 73
     2
 91
        0
 40
0.0
 10
0.0
 20
0.0
 30
0.0
 75
     0
  0
DIMASSOC
  5
B8D
102
{ACAD_REACTORS
330
B83
102
}
330
B83
100
AcDbDimAssoc
330
B76
 90
        3
 70
     0
 71
     0
  1
AcDbOsnapPointRef
 72
     3
331
86C
 73
     2
 91
        0
 40
0.0
 10
0.0
 20
0.0
 30
0.0
 75
     0
  1
AcDbOsnapPointRef
 72
     3
331
86D
 73
     2
 91
        0
 40
0.0
 10
0.0
 20
0.0
 30
0.0
 75
     0
  0
DIMASSOC
  5
BA5
102
{ACAD_REACTORS
330
B9B
102
}
330
B9B
100
AcDbDimAssoc
330
B8E
 90
        3
 70
     0
 71
     0
  1
AcDbOsnapPointRef
 72
     3
331
86D
 73
     2
 91
        0
 40
0.0
 10
0.0
 20
0.0
 30
0.0
 75
     0
  1
AcDbOsnapPointRef
 72
     3
331
310
 73
     2
 91
        0
 40
0.0
 10
0.0
 20
0.0
 30
0.0
 75
     0
  0
DIMASSOC
  5
BBD
102
{ACAD_REACTORS
330
BB3
102
}
330
BB3
100
AcDbDimAssoc
330
BA6
 90
        3
 70
     0
 71
     0
  1
AcDbOsnapPointRef
 72
     3
331
310
 73
     2
 91
        0
 40
0.0
 10
0.0
 20
0.0
 30
0.0
 75
     0
  1
AcDbOsnapPointRef
 72
     3
331
30D
 73
     2
 91
        0
 40
0.0
 10
0.0
 20
0.0
 30
0.0
 75
     0
  0
DIMASSOC
  5
BED
102
{ACAD_REACTORS
330
BE3
102
}
330
BE3
100
AcDbDimAssoc
330
BD6
 90
        3
 70
     0
 71
     0
  1
AcDbOsnapPointRef
 72
     3
331
30D
 73
     2
 91
        0
 40
0.0
 10
0.0
 20
0.0
 30
0.0
 75
     0
  1
AcDbOsnapPointRef
 72
     3
331
86F
 73
     2
 91
        0
 40
0.0
 10
0.0
 20
0.0
 30
0.0
 75
     0
  0
DIMASSOC
  5
C05
102
{ACAD_REACTORS
330
BFB
102
}
330
BFB
100
AcDbDimAssoc
330
BEE
 90
        3
 70
     0
 71
     0
  1
AcDbOsnapPointRef
 72
     3
331
86F
 73
     2
 91
        0
 40
0.0
 10
0.0
 20
0.0
 30
0.0
 75
     0
  1
AcDbOsnapPointRef
 72
     3
331
86E
 73
     2
 91
        0
 40
0.0
 10
0.0
 20
0.0
 30
0.0
 75
     0
  0
DIMASSOC
  5
E17
102
{ACAD_REACTORS
330
E0D
102
}
330
E0D
100
AcDbDimAssoc
330
E00
 90
        3
 70
     0
 71
     0
  1
AcDbOsnapPointRef
 72
     1
331
5FA
 73
     2
 91
        0
 40
1.0
 10
0.0
 20
0.0
 30
2.000000000000000E+50
 75
     0
  1
AcDbOsnapPointRef
 72
    13
331
2A8
 73
     2
 91
        0
 40
0.0
 10
0.0
 20
0.0
 30
2.000000000000000E+50
 75
     0
  0
DIMASSOC
  5
E2F
102
{ACAD_REACTORS
330
E25
102
}
330
E25
100
AcDbDimAssoc
330
E18
 90
        3
 70
     0
 71
     0
  1
AcDbOsnapPointRef
 72
     1
331
5FA
 73
     2
 91
        0
 40
1.0
 10
0.0
 20
0.0
 30
2.000000000000000E+50
 75
     0
  1
AcDbOsnapPointRef
 72
     1
331
5FC
 73
     2
 91
        0
 40
1.0
 10
0.0
 20
0.0
 30
2.000000000000000E+50
 75
     0
  0
DIMASSOC
  5
F52
102
{ACAD_REACTORS
330
F49
102
}
330
F49
100
AcDbDimAssoc
330
F3D
 90
        2
 70
     0
 71
     0
  1
AcDbOsnapPointRef
 72
     3
331
23E
 73
     2
 91
        0
 40
0.0
 10
0.0
 20
0.0
 30
0.0
 75
     0
  0
DIMASSOC
  5
F68
102
{ACAD_REACTORS
330
F5F
102
}
330
F5F
100
AcDbDimAssoc
330
F53
 90
        2
 70
     0
 71
     0
  1
AcDbOsnapPointRef
 72
     3
331
234
 73
     2
 91
        0
 40
0.0
 10
0.0
 20
0.0
 30
0.0
 75
     0
  0
DIMASSOC
  5
F7E
102
{ACAD_REACTORS
330
F75
102
}
330
F75
100
AcDbDimAssoc
330
F69
 90
        2
 70
     0
 71
     0
  1
AcDbOsnapPointRef
 72
     3
331
86E
 73
     2
 91
        0
 40
0.0
 10
0.0
 20
0.0
 30
0.0
 75
     0
  0
DIMASSOC
  5
FAE
102
{ACAD_REACTORS
330
FA4
102
}
330
FA4
100
AcDbDimAssoc
330
F97
 90
        3
 70
     0
 71
     0
  1
AcDbOsnapPointRef
 72
     1
331
E7B
 73
     2
 91
        0
 40
1.0
 10
0.0
 20
0.0
 30
2.000000000000000E+50
 75
     0
  1
AcDbOsnapPointRef
 72
     3
331
871
 73
     2
 91
        0
 40
0.0
 10
0.0
 20
0.0
 30
0.0
 75
     0
  0
DIMASSOC
  5
FC6
102
{ACAD_REACTORS
330
FBC
102
}
330
FBC
100
AcDbDimAssoc
330
FAF
 90
        3
 70
     0
 71
     0
  1
AcDbOsnapPointRef
 72
     1
331
E7B
 73
     2
 91
        0
 40
1.0
 10
0.0
 20
0.0
 30
2.000000000000000E+50
 75
     0
  1
AcDbOsnapPointRef
 72
     3
331
86C
 73
     2
 91
        0
 40
0.0
 10
0.0
 20
0.0
 30
0.0
 75
     0
  0
DIMASSOC
  5
FDE
102
{ACAD_REACTORS
330
FD4
102
}
330
FD4
100
AcDbDimAssoc
330
FC7
 90
        3
 70
     0
 71
     0
  1
AcDbOsnapPointRef
 72
     1
331
E7B
 73
     2
 91
        0
 40
1.0
 10
0.0
 20
0.0
 30
2.000000000000000E+50
 75
     0
  1
AcDbOsnapPointRef
 72
     3
331
EA5
 73
     2
 91
        0
 40
0.0
 10
0.0
 20
0.0
 30
0.0
 75
     0
  0
DIMASSOC
  5
FF6
102
{ACAD_REACTORS
330
FEC
102
}
330
FEC
100
AcDbDimAssoc
330
FDF
 90
        2
 70
     0
 71
     0
  1
AcDbOsnapPointRef
 72
     3
331
F25
 73
     2
 91
        0
 40
0.0
 10
0.0
 20
0.0
 30
0.0
 75
     0
  0
DIMASSOC
  5
100E
102
{ACAD_REACTORS
330
1004
102
}
330
1004
100
AcDbDimAssoc
330
FF7
 90
        3
 70
     0
 71
     0
  1
AcDbOsnapPointRef
 72
     1
331
E7B
 73
     2
 91
        0
 40
1.0
 10
0.0
 20
0.0
 30
2.000000000000000E+50
 75
     0
  1
AcDbOsnapPointRef
 72
     3
331
F22
 73
     2
 91
        0
 40
0.0
 10
0.0
 20
0.0
 30
0.0
 75
     0
  0
DIMASSOC
  5
1026
102
{ACAD_REACTORS
330
101C
102
}
330
101C
100
AcDbDimAssoc
330
100F
 90
        3
 70
     0
 71
     0
  1
AcDbOsnapPointRef
 72
     1
331
E7B
 73
     2
 91
        0
 40
1.0
 10
0.0
 20
0.0
 30
2.000000000000000E+50
 75
     0
  1
AcDbOsnapPointRef
 72
     3
331
F24
 73
     2
 91
        0
 40
0.0
 10
0.0
 20
0.0
 30
0.0
 75
     0
  0
DIMASSOC
  5
103E
102
{ACAD_REACTORS
330
1034
102
}
330
1034
100
AcDbDimAssoc
330
1027
 90
        3
 70
     0
 71
     0
  1
AcDbOsnapPointRef
 72
     3
331
86C
 73
     2
 91
        0
 40
0.0
 10
0.0
 20
0.0
 30
0.0
 75
     0
  1
AcDbOsnapPointRef
 72
     3
331
EA5
 73
     2
 91
        0
 40
0.0
 10
0.0
 20
0.0
 30
0.0
 75
     0
  0
DIMASSOC
  5
109E
102
{ACAD_REACTORS
330
1094
102
}
330
1094
100
AcDbDimAssoc
330
1087
 90
        1
 70
     0
 71
     0
  1
AcDbOsnapPointRef
 72
     3
331
F25
 73
     2
 91
        0
 40
0.0
 10
0.0
 20
0.0
 30
0.0
 75
     0
  0
DIMASSOC
  5
10B6
102
{ACAD_REACTORS
330
10AC
102
}
330
10AC
100
AcDbDimAssoc
330
109F
 90
        3
 70
     0
 71
     0
  1
AcDbOsnapPointRef
 72
     3
331
F25
 73
     2
 91
        0
 40
0.0
 10
0.0
 20
0.0
 30
0.0
 75
     0
  1
AcDbOsnapPointRef
 72
     3
331
F22
 73
     2
 91
        0
 40
0.0
 10
0.0
 20
0.0
 30
0.0
 75
     0
  0
DIMASSOC
  5
10CE
102
{ACAD_REACTORS
330
10C4
102
}
330
10C4
100
AcDbDimAssoc
330
10B7
 90
        3
 70
     0
 71
     0
  1
AcDbOsnapPointRef
 72
     3
331
F22
 73
     2
 91
        0
 40
0.0
 10
0.0
 20
0.0
 30
0.0
 75
     0
  1
AcDbOsnapPointRef
 72
     3
331
F24
 73
     2
 91
        0
 40
0.0
 10
0.0
 20
0.0
 30
0.0
 75
     0
  0
DIMASSOC
  5
10E4
102
{ACAD_REACTORS
330
10DB
102
}
330
10DB
100
AcDbDimAssoc
330
10CF
 90
        2
 70
     0
 71
     0
  1
AcDbOsnapPointRef
 72
     3
331
F22
 73
     2
 91
        0
 40
0.0
 10
0.0
 20
0.0
 30
0.0
 75
     0
  0
DIMASSOC
  5
10FA
102
{ACAD_REACTORS
330
10F1
102
}
330
10F1
100
AcDbDimAssoc
330
10E5
 90
        2
 70
     0
 71
     0
  1
AcDbOsnapPointRef
 72
     3
331
F24
 73
     2
 91
        0
 40
0.0
 10
0.0
 20
0.0
 30
0.0
 75
     0
  0
DIMASSOC
  5
112A
102
{ACAD_REACTORS
330
1120
102
}
330
1120
100
AcDbDimAssoc
330
1113
 90
        1
 70
     0
 71
     0
  1
AcDbOsnapPointRef
 72
     3
331
7F8
 73
     2
 91
        0
 40
0.0
 10
0.0
 20
0.0
 30
0.0
 75
     0
  0
DIMASSOC
  5
1142
102
{ACAD_REACTORS
330
1138
102
}
330
1138
100
AcDbDimAssoc
330
112B
 90
        1
 70
     0
 71
     0
  1
AcDbOsnapPointRef
 72
     3
331
7F8
 73
     2
 91
        0
 40
0.0
 10
0.0
 20
0.0
 30
0.0
 75
     0
  0
DIMASSOC
  5
1176
102
{ACAD_REACTORS
330
116A
102
}
330
116A
100
AcDbDimAssoc
330
115B
 90
        3
 70
     0
 71
     0
  1
AcDbOsnapPointRef
 72
     1
331
E7D
 73
     2
 91
        0
 40
1.0
 10
0.0
 20
0.0
 30
2.000000000000000E+50
 75
     0
  1
AcDbOsnapPointRef
 72
    13
331
E72
 73
     2
 91
        0
 40
0.0
 10
0.0
 20
0.0
 30
2.000000000000000E+50
 75
     0
  0
DIMASSOC
  5
118E
102
{ACAD_REACTORS
330
1184
102
}
330
1184
100
AcDbDimAssoc
330
1177
 90
        3
 70
     0
 71
     0
  1
AcDbOsnapPointRef
 72
     1
331
E76
 73
     2
 91
        0
 40
1.0
 10
0.0
 20
0.0
 30
2.000000000000000E+50
 75
     0
  1
AcDbOsnapPointRef
 72
     1
331
E7D
 73
     2
 91
        0
 40
1.0
 10
0.0
 20
0.0
 30
2.000000000000000E+50
 75
     0
  0
DIMASSOC
  5
11D6
102
{ACAD_REACTORS
330
11CC
102
}
330
11CC
100
AcDbDimAssoc
330
11BF
 90
        3
 70
     0
 71
     0
  1
AcDbOsnapPointRef
 72
     3
331
7F9
 73
     2
 91
        0
 40
0.0
 10
0.0
 20
0.0
 30
0.0
 75
     0
  1
AcDbOsnapPointRef
 72
     3
331
EA1
 73
     2
 91
        0
 40
0.0
 10
0.0
 20
0.0
 30
0.0
 75
     0
  0
DIMASSOC
  5
11EE
102
{ACAD_REACTORS
330
11E4
102
}
330
11E4
100
AcDbDimAssoc
330
11D7
 90
        3
 70
     0
 71
     0
  1
AcDbOsnapPointRef
 72
     3
331
EA1
 73
     2
 91
        0
 40
0.0
 10
0.0
 20
0.0
 30
0.0
 75
     0
  1
AcDbOsnapPointRef
 72
     6
331
F09
 73
     2
 91
        0
 40
23.0
 10
0.0
 20
0.0
 30
0.0
332
EA
 74
     2
 92
        0
 75
     0
  0
DIMASSOC
  5
124F
102
{ACAD_REACTORS
330
1245
102
}
330
1245
100
AcDbDimAssoc
330
1238
 90
        3
 70
     0
 71
     0
  1
AcDbOsnapPointRef
 72
     3
331
880
 73
     2
 91
        0
 40
0.0
 10
0.0
 20
0.0
 30
0.0
 75
     0
  1
AcDbOsnapPointRef
 72
     1
331
5FA
 73
     2
 91
        0
 40
1.0
 10
0.0
 20
0.0
 30
2.000000000000000E+50
 75
     0
  0
DIMASSOC
  5
1267
102
{ACAD_REACTORS
330
125D
102
}
330
125D
100
AcDbDimAssoc
330
1250
 90
        3
 70
     0
 71
     0
  1
AcDbOsnapPointRef
 72
     3
331
880
 73
     2
 91
        0
 40
0.0
 10
0.0
 20
0.0
 30
0.0
 75
     0
  1
AcDbOsnapPointRef
 72
    13
331
5FD
 73
     2
 91
        0
 40
0.0
 10
0.0
 20
0.0
 30
2.000000000000000E+50
 75
     0
  0
DIMASSOC
  5
1297
102
{ACAD_REACTORS
330
128D
102
}
330
128D
100
AcDbDimAssoc
330
1280
 90
        3
 70
     0
 71
     0
  1
AcDbOsnapPointRef
 72
     3
331
E81
 73
     2
 91
        0
 40
0.0
 10
0.0
 20
0.0
 30
0.0
 75
     0
  1
AcDbOsnapPointRef
 72
    13
331
E72
 73
     2
 91
        0
 40
0.0
 10
0.0
 20
0.0
 30
2.000000000000000E+50
 75
     0
  0
DIMASSOC
  5
12AF
102
{ACAD_REACTORS
330
12A5
102
}
330
12A5
100
AcDbDimAssoc
330
1298
 90
        3
 70
     0
 71
     0
  1
AcDbOsnapPointRef
 72
     3
331
880
 73
     2
 91
        0
 40
0.0
 10
0.0
 20
0.0
 30
0.0
 75
     0
  1
AcDbOsnapPointRef
 72
     3
331
881
 73
     2
 91
        0
 40
0.0
 10
0.0
 20
0.0
 30
0.0
 75
     0
  0
DIMASSOC
  5
12C7
102
{ACAD_REACTORS
330
12BD
102
}
330
12BD
100
AcDbDimAssoc
330
12B0
 90
        3
 70
     0
 71
     0
  1
AcDbOsnapPointRef
 72
     3
331
E88
 73
     2
 91
        0
 40
0.0
 10
0.0
 20
0.0
 30
0.0
 75
     0
  1
AcDbOsnapPointRef
 72
     1
331
E7B
 73
     2
 91
        0
 40
1.0
 10
0.0
 20
0.0
 30
2.000000000000000E+50
 75
     0
  0
DIMASSOC
  5
12DF
102
{ACAD_REACTORS
330
12D5
102
}
330
12D5
100
AcDbDimAssoc
330
12C8
 90
        3
 70
     0
 71
     0
  1
AcDbOsnapPointRef
 72
     3
331
EA5
 73
     2
 91
        0
 40
0.0
 10
0.0
 20
0.0
 30
0.0
 75
     0
  1
AcDbOsnapPointRef
 72
     6
331
F09
 73
     2
 91
        0
 40
353.0
 10
0.0
 20
0.0
 30
0.0
332
EB
 74
     2
 92
        0
 75
     0
  0
DIMASSOC
  5
12F7
102
{ACAD_REACTORS
330
12ED
102
}
330
12ED
100
AcDbDimAssoc
330
12E0
 90
        3
 70
     0
 71
     0
  1
AcDbOsnapPointRef
 72
     1
331
E76
 73
     2
 91
        0
 40
1.0
 10
0.0
 20
0.0
 30
2.000000000000000E+50
 75
     0
  1
AcDbOsnapPointRef
 72
     3
331
E81
 73
     2
 91
        0
 40
0.0
 10
0.0
 20
0.0
 30
0.0
 75
     0
  0
LAYOUT
  5
D3
102
{ACAD_XDICTIONARY
360
1374
102
}
102
{ACAD_REACTORS
330
1A
102
}
330
1A
100
AcDbPlotSettings
  1

  2
C:\Documents and Settings\basas\Application Data\Autodesk\AutoCAD 2005\R16.1\enu\plotters\Default Windows System Printer.pc3
  4

  6

 40
0.0
 41
0.0
 42
0.0
 43
0.0
 44
0.0
 45
0.0
 46
0.0
 47
0.0
 48
0.0
 49
0.0
140
0.0
141
0.0
142
1.0
143
1.0
 70
   688
 72
     0
 73
     0
 74
     5
  7

 75
    16
147
1.0
148
0.0
149
0.0
100
AcDbLayout
  1
Layout1
 70
     1
 71
     1
 10
0.0
 20
0.0
 11
12.0
 21
9.0
 12
0.0
 22
0.0
 32
0.0
 14
0.0
 24
0.0
 34
0.0
 15
0.0
 25
0.0
 35
0.0
146
0.0
 13
0.0
 23
0.0
 33
0.0
 16
1.0
 26
0.0
 36
0.0
 17
0.0
 27
1.0
 37
0.0
 76
     0
330
D2
  0
LAYOUT
  5
D7
102
{ACAD_XDICTIONARY
360
1376
102
}
102
{ACAD_REACTORS
330
1A
102
}
330
1A
100
AcDbPlotSettings
  1

  2
C:\Documents and Settings\basas\Application Data\Autodesk\AutoCAD 2005\R16.1\enu\plotters\Default Windows System Printer.pc3
  4

  6

 40
0.0
 41
0.0
 42
0.0
 43
0.0
 44
0.0
 45
0.0
 46
0.0
 47
0.0
 48
0.0
 49
0.0
140
0.0
141
0.0
142
1.0
143
1.0
 70
   688
 72
     0
 73
     0
 74
     5
  7

 75
    16
147
1.0
148
0.0
149
0.0
100
AcDbLayout
  1
Layout2
 70
     1
 71
     2
 10
0.0
 20
0.0
 11
12.0
 21
9.0
 12
0.0
 22
0.0
 32
0.0
 14
0.0
 24
0.0
 34
0.0
 15
0.0
 25
0.0
 35
0.0
146
0.0
 13
0.0
 23
0.0
 33
0.0
 16
1.0
 26
0.0
 36
0.0
 17
0.0
 27
1.0
 37
0.0
 76
     0
330
D6
  0
LAYOUT
  5
22
102
{ACAD_XDICTIONARY
360
1370
102
}
102
{ACAD_REACTORS
330
1A
102
}
330
1A
100
AcDbPlotSettings
  1

  2
KONICA MINOLTA magicolor 2430DL
  4
A4
  6

 40
5.111750125885009
 41
4.857762813568115
 42
5.365753173828125
 43
5.11175537109375
 44
210.0579986572266
 45
296.9259948730469
 46
0.026571486289285
 47
0.0
 48
-102.68128174296
 49
4.355867989429043
140
592.6721945322142
141
487.8509251283917
142
1.0
143
2.423201888662301
 70
 11956
 72
     1
 73
     1
 74
     4
  7

 75
     0
147
0.4126771296600622
148
102.68128174296
149
-4.355867989429043
100
AcDbLayout
  1
Model
 70
     1
 71
     0
 10
0.0
 20
0.0
 11
12.0
 21
9.0
 12
0.0
 22
0.0
 32
0.0
 14
0.0
 24
0.0
 34
0.0
 15
0.0
 25
0.0
 35
0.0
146
0.0
 13
0.0
 23
0.0
 33
0.0
 16
1.0
 26
0.0
 36
0.0
 17
0.0
 27
1.0
 37
0.0
 76
     0
330
1F
331
1344
1001
ACAD_PSEXT
1000
KONICA MINOLTA magicolor 2430DL
1000
KONICA MINOLTA magicolor 2430DL
1000
IP_192.168.250.5
1000

1070
     0
  0
MATERIAL
  5
1347
102
{ACAD_XDICTIONARY
360
137A
102
}
102
{ACAD_REACTORS
330
6A
102
}
330
6A
100
AcDbMaterial
  1
ByBlock
  0
MATERIAL
  5
1346
102
{ACAD_XDICTIONARY
360
1378
102
}
102
{ACAD_REACTORS
330
6A
102
}
330
6A
100
AcDbMaterial
  1
ByLayer
  0
MATERIAL
  5
1348
102
{ACAD_XDICTIONARY
360
137C
102
}
102
{ACAD_REACTORS
330
6A
102
}
330
6A
100
AcDbMaterial
  1
Global
  0
MLINESTYLE
  5
18
102
{ACAD_REACTORS
330
17
102
}
330
17
100
AcDbMlineStyle
  2
STANDARD
 70
     0
  3

 62
   256
 51
90.0
 52
90.0
 71
     2
 49
0.5
 62
   256
  6
BYLAYER
 49
-0.5
 62
   256
  6
BYLAYER
  0
ACDBPLACEHOLDER
  5
F
102
{ACAD_REACTORS
330
E
102
}
330
E
  0
TABLESTYLE
  5
7F
102
{ACAD_XDICTIONARY
360
1372
102
}
102
{ACAD_REACTORS
330
7E
102
}
330
7E
100
AcDbTableStyle
  3
Standard
 70
     0
 71
     0
 40
1.5
 41
1.5
280
     0
281
     0
  7
Standard
140
4.5
170
     2
 62
     0
 63
     7
283
     0
274
    -2
284
     1
 64
     0
275
    -2
285
     1
 65
     0
276
    -2
286
     1
 66
     0
277
    -2
287
     1
 67
     0
278
    -2
288
     1
 68
     0
279
    -2
289
     1
 69
     0
  7
Standard
140
6.0
170
     5
 62
     0
 63
     7
283
     0
274
    -2
284
     1
 64
     0
275
    -2
285
     1
 65
     0
276
    -2
286
     1
 66
     0
277
    -2
287
     1
 67
     0
278
    -2
288
     1
 68
     0
279
    -2
289
     1
 69
     0
  7
Standard
140
4.5
170
     5
 62
     0
 63
     7
283
     0
274
    -2
284
     1
 64
     0
275
    -2
285
     1
 65
     0
276
    -2
286
     1
 66
     0
277
    -2
287
     1
 67
     0
278
    -2
288
     1
 68
     0
279
    -2
289
     1
 69
     0
  0
VISUALSTYLE
  5
134F
102
{ACAD_REACTORS
330
1349
102
}
330
1349
100
AcDbVisualStyle
  2
2dWireframe
 70
     4
 71
     0
 72
     2
 73
     0
 90
        0
 40
-0.6
 41
-30.0
 62
     5
 63
     7
 74
     1
 91
        4
 64
     7
 65
   257
 75
     1
175
     1
 42
1.0
 92
        0
 66
   257
 43
1.0
 76
     1
 77
     6
 78
     2
 67
     7
 79
     5
170
     0
171
     0
290
     0
174
     0
 93
        1
 44
0.0
173
     0
291
     0
 45
0.0
1001
ACAD
1000
AcDbSavedByObjectVersion
1070
     0
  0
VISUALSTYLE
  5
1351
102
{ACAD_REACTORS
330
1349
102
}
330
1349
100
AcDbVisualStyle
  2
3D Hidden
 70
     6
 71
     1
 72
     2
 73
     2
 90
        0
 40
-0.6
 41
-30.0
 62
     5
 63
     7
 74
     2
 91
        2
 64
     7
 65
   257
 75
     2
175
     1
 42
40.0
 92
        0
 66
   257
 43
1.0
 76
     1
 77
     6
 78
     2
 67
     7
 79
     3
170
     0
171
     0
290
     0
174
     0
 93
        1
 44
0.0
173
     0
291
     0
 45
0.0
1001
ACAD
1000
AcDbSavedByObjectVersion
1070
     0
  0
VISUALSTYLE
  5
1350
102
{ACAD_REACTORS
330
1349
102
}
330
1349
100
AcDbVisualStyle
  2
3dWireframe
 70
     5
 71
     0
 72
     2
 73
     0
 90
        0
 40
-0.6
 41
-30.0
 62
     5
 63
     7
 74
     1
 91
        4
 64
     7
 65
   257
 75
     1
175
     1
 42
1.0
 92
        0
 66
   257
 43
1.0
 76
     1
 77
     6
 78
     2
 67
     7
 79
     5
170
     0
171
     0
290
     0
174
     0
 93
        1
 44
0.0
173
     0
291
     0
 45
0.0
1001
ACAD
1000
AcDbSavedByObjectVersion
1070
     0
  0
VISUALSTYLE
  5
134E
102
{ACAD_REACTORS
330
1349
102
}
330
1349
100
AcDbVisualStyle
  2
Basic
 70
     7
 71
     1
 72
     0
 73
     1
 90
        0
 40
-0.6
 41
-30.0
 62
     5
 63
     7
 74
     0
 91
        4
 64
     7
 65
   257
 75
     1
175
     1
 42
1.0
 92
        8
 66
     7
 43
1.0
 76
     1
 77
     6
 78
     2
 67
     7
 79
     5
170
     0
171
     0
290
     0
174
     0
 93
        1
 44
0.0
173
     0
291
     1
 45
0.0
1001
ACAD
1000
AcDbSavedByObjectVersion
1070
     0
  0
VISUALSTYLE
  5
1355
102
{ACAD_REACTORS
330
1349
102
}
330
1349
100
AcDbVisualStyle
  2
Brighten
 70
    12
 71
     2
 72
     2
 73
     0
 90
        0
 40
-0.6
 41
-30.0
 62
     5
 63
     7
 74
     1
 91
        4
 64
     7
 65
   257
 75
     1
175
     1
 42
1.0
 92
        8
 66
     7
 43
1.0
 76
     1
 77
     6
 78
     2
 67
     7
 79
     5
170
     0
171
     0
290
     0
174
     0
 93
        1
 44
50.0
173
     0
291
     1
 45
0.0
1001
ACAD
1000
AcDbSavedByObjectVersion
1070
     0
  0
VISUALSTYLE
  5
1359
102
{ACAD_REACTORS
330
1349
102
}
330
1349
100
AcDbVisualStyle
  2
ColorChange
 70
    16
 71
     2
 72
     2
 73
     3
 90
        0
 40
-0.6
 41
-30.0
 62
     5
 63
     8
 74
     1
 91
        4
 64
     7
 65
   257
 75
     1
175
     1
 42
1.0
 92
        8
 66
     8
 43
1.0
 76
     1
 77
     6
 78
     2
 67
     7
 79
     5
170
     0
171
     0
290
     0
174
     0
 93
        1
 44
0.0
173
     0
291
     1
 45
0.0
1001
ACAD
1000
AcDbSavedByObjectVersion
1070
     0
  0
VISUALSTYLE
  5
1352
102
{ACAD_REACTORS
330
1349
102
}
330
1349
100
AcDbVisualStyle
  2
Conceptual
 70
     9
 71
     3
 72
     2
 73
     0
 90
        0
 40
-0.6
 41
-30.0
 62
     5
 63
     7
 74
     2
 91
        2
 64
     7
 65
   257
 75
     1
175
     1
 42
40.0
 92
        8
 66
     7
 43
1.0
 76
     1
 77
     6
 78
     2
 67
     7
 79
     3
170
     0
171
     0
290
     0
174
     0
 93
        1
 44
0.0
173
     0
291
     0
 45
0.0
1001
ACAD
1000
AcDbSavedByObjectVersion
1070
     0
  0
VISUALSTYLE
  5
1354
102
{ACAD_REACTORS
330
1349
102
}
330
1349
100
AcDbVisualStyle
  2
Dim
 70
    11
 71
     2
 72
     2
 73
     0
 90
        0
 40
-0.6
 41
-30.0
 62
     5
 63
     7
 74
     1
 91
        4
 64
     7
 65
   257
 75
     1
175
     1
 42
1.0
 92
        8
 66
     7
 43
1.0
 76
     1
 77
     6
 78
     2
 67
     7
 79
     5
170
     0
171
     0
290
     0
174
     0
 93
        1
 44
-50.0
173
     0
291
     1
 45
0.0
1001
ACAD
1000
AcDbSavedByObjectVersion
1070
     0
  0
VISUALSTYLE
  5
1358
102
{ACAD_REACTORS
330
1349
102
}
330
1349
100
AcDbVisualStyle
  2
Facepattern
 70
    15
 71
     2
 72
     2
 73
     0
 90
        0
 40
-0.6
 41
-30.0
 62
     5
 63
     7
 74
     1
 91
        4
 64
     7
 65
   257
 75
     1
175
     1
 42
1.0
 92
        8
 66
     7
 43
1.0
 76
     1
 77
     6
 78
     2
 67
     7
 79
     5
170
     0
171
     0
290
     0
174
     0
 93
        1
 44
0.0
173
     0
291
     1
 45
0.0
1001
ACAD
1000
AcDbSavedByObjectVersion
1070
     0
  0
VISUALSTYLE
  5
134A
102
{ACAD_REACTORS
330
1349
102
}
330
1349
100
AcDbVisualStyle
  2
Flat
 70
     0
 71
     2
 72
     1
 73
     1
 90
        2
 40
-0.6
 41
30.0
 62
     5
 63
     7
 74
     0
 91
        4
 64
     7
 65
   257
 75
     1
175
     1
 42
1.0
 92
        8
 66
     7
 43
1.0
 76
     1
 77
     6
 78
     2
 67
     7
 79
     5
170
     0
171
     0
290
     0
174
     0
 93
       13
 44
0.0
173
     0
291
     1
 45
0.0
1001
ACAD
1000
AcDbSavedByObjectVersion
1070
     0
  0
VISUALSTYLE
  5
134B
102
{ACAD_REACTORS
330
1349
102
}
330
1349
100
AcDbVisualStyle
  2
FlatWithEdges
 70
     1
 71
     2
 72
     1
 73
     1
 90
        2
 40
-0.6
 41
30.0
 62
     5
 63
     7
 74
     1
 91
        4
 64
     7
 65
   257
 75
     1
175
     1
 42
1.0
 92
        0
 66
   257
 43
1.0
 76
     1
 77
     6
 78
     2
 67
     7
 79
     5
170
     0
171
     0
290
     0
174
     0
 93
       13
 44
0.0
173
     0
291
     1
 45
0.0
1001
ACAD
1000
AcDbSavedByObjectVersion
1070
     0
  0
VISUALSTYLE
  5
134C
102
{ACAD_REACTORS
330
1349
102
}
330
1349
100
AcDbVisualStyle
  2
Gouraud
 70
     2
 71
     2
 72
     2
 73
     1
 90
        2
 40
-0.6
 41
30.0
 62
     5
 63
     7
 74
     0
 91
        4
 64
     7
 65
   257
 75
     1
175
     1
 42
1.0
 92
        0
 66
     7
 43
1.0
 76
     1
 77
     6
 78
     2
 67
     7
 79
     5
170
     0
171
     0
290
     0
174
     0
 93
       13
 44
0.0
173
     0
291
     1
 45
0.0
1001
ACAD
1000
AcDbSavedByObjectVersion
1070
     0
  0
VISUALSTYLE
  5
134D
102
{ACAD_REACTORS
330
1349
102
}
330
1349
100
AcDbVisualStyle
  2
GouraudWithEdges
 70
     3
 71
     2
 72
     2
 73
     1
 90
        2
 40
-0.6
 41
30.0
 62
     5
 63
     7
 74
     1
 91
        4
 64
     7
 65
   257
 75
     1
175
     1
 42
1.0
 92
        0
 66
   257
 43
1.0
 76
     1
 77
     6
 78
     2
 67
     7
 79
     5
170
     0
171
     0
290
     0
174
     0
 93
       13
 44
0.0
173
     0
291
     1
 45
0.0
1001
ACAD
1000
AcDbSavedByObjectVersion
1070
     0
  0
VISUALSTYLE
  5
1357
102
{ACAD_REACTORS
330
1349
102
}
330
1349
100
AcDbVisualStyle
  2
Linepattern
 70
    14
 71
     2
 72
     2
 73
     0
 90
        0
 40
-0.6
 41
-30.0
 62
     5
 63
     7
 74
     1
 91
        4
 64
     7
 65
   257
 75
     7
175
     7
 42
1.0
 92
        8
 66
     7
 43
1.0
 76
     1
 77
     6
 78
     2
 67
     7
 79
     5
170
     0
171
     0
290
     0
174
     0
 93
        1
 44
0.0
173
     0
291
     1
 45
0.0
1001
ACAD
1000
AcDbSavedByObjectVersion
1070
     0
  0
VISUALSTYLE
  5
1353
102
{ACAD_REACTORS
330
1349
102
}
330
1349
100
AcDbVisualStyle
  2
Realistic
 70
     8
 71
     2
 72
     2
 73
     0
 90
        0
 40
-0.6
 41
-30.0
 62
     5
 63
     7
 74
     1
 91
        0
 64
     7
 65
   257
 75
     1
175
     1
 42
1.0
 92
        8
 66
     8
 43
1.0
 76
     1
 77
     6
 78
     2
 67
     7
 79
     5
170
     0
171
     0
290
     0
174
     0
 93
       13
 44
0.0
173
     0
291
     0
 45
0.0
1001
ACAD
1000
AcDbSavedByObjectVersion
1070
     0
  0
VISUALSTYLE
  5
1356
102
{ACAD_REACTORS
330
1349
102
}
330
1349
100
AcDbVisualStyle
  2
Thicken
 70
    13
 71
     2
 72
     2
 73
     0
 90
        0
 40
-0.6
 41
-30.0
 62
     5
 63
     7
 74
     1
 91
        4
 64
     7
 65
   257
 75
     1
175
     1
 42
1.0
 92
       12
 66
     7
 43
1.0
 76
     1
 77
     6
 78
     2
 67
     7
 79
     5
170
     0
171
     0
290
     0
174
     0
 93
        1
 44
0.0
173
     0
291
     1
 45
0.0
1001
ACAD
1000
AcDbSavedByObjectVersion
1070
     0
  0
DICTIONARYVAR
  5
84
102
{ACAD_REACTORS
330
5E
102
}
330
5E
100
DictionaryVariables
280
     0
  1
STANDARD
  0
DICTIONARYVAR
  5
5F
102
{ACAD_REACTORS
330
5E
102
}
330
5E
100
DictionaryVariables
280
     0
  1
2
  0
DICTIONARYVAR
  5
63
102
{ACAD_REACTORS
330
5E
102
}
330
5E
100
DictionaryVariables
280
     0
  1
1
  0
DICTIONARYVAR
  5
135F
102
{ACAD_REACTORS
330
5E
102
}
330
5E
100
DictionaryVariables
280
     0
  1
0
  0
DICTIONARYVAR
  5
135E
102
{ACAD_REACTORS
330
5E
102
}
330
5E
100
DictionaryVariables
280
     0
  1
127
  0
DICTIONARY
  5
1374
330
D3
100
AcDbDictionary
280
     1
281
     1
  3
ACAD_XREC_ROUNDTRIP
360
1375
  0
DICTIONARY
  5
1376
330
D7
100
AcDbDictionary
280
     1
281
     1
  3
ACAD_XREC_ROUNDTRIP
360
1377
  0
DICTIONARY
  5
1370
330
22
100
AcDbDictionary
280
     1
281
     1
  3
ACAD_XREC_ROUNDTRIP
360
1371
  0
DICTIONARY
  5
137A
330
1347
100
AcDbDictionary
280
     1
281
     1
  3
ACAD_XREC_ROUNDTRIP
360
137B
  0
DICTIONARY
  5
1378
330
1346
100
AcDbDictionary
280
     1
281
     1
  3
ACAD_XREC_ROUNDTRIP
360
1379
  0
DICTIONARY
  5
137C
330
1348
100
AcDbDictionary
280
     1
281
     1
  3
ACAD_XREC_ROUNDTRIP
360
137D
  0
DICTIONARY
  5
1372
330
7F
100
AcDbDictionary
280
     1
281
     1
  3
ACAD_XREC_ROUNDTRIP
360
1373
  0
XRECORD
  5
1375
102
{ACAD_REACTORS
330
1374
102
}
330
1374
100
AcDbXrecord
280
     1
102
SHADEPLOT
 70
     0
102
SHADEPLOTRESLEVEL
 70
     2
102
SHADEPLOTCUSTOMDPI
 70
   300
  0
XRECORD
  5
1377
102
{ACAD_REACTORS
330
1376
102
}
330
1376
100
AcDbXrecord
280
     1
102
SHADEPLOT
 70
     0
102
SHADEPLOTRESLEVEL
 70
     2
102
SHADEPLOTCUSTOMDPI
 70
   300
  0
XRECORD
  5
1371
102
{ACAD_REACTORS
330
1370
102
}
330
1370
100
AcDbXrecord
280
     1
102
SHADEPLOT
 70
     0
102
SHADEPLOTRESLEVEL
 70
     2
102
SHADEPLOTCUSTOMDPI
 70
   300
  0
XRECORD
  5
137B
102
{ACAD_REACTORS
330
137A
102
}
330
137A
100
AcDbXrecord
280
     1
102
MATERIAL
148
0.0
149
0.0
149
0.0
 93
        0
 94
       63
282
     0
 72
     1
 77
     1
171
     1
175
     1
179
     1
273
     0
  0
XRECORD
  5
1379
102
{ACAD_REACTORS
330
1378
102
}
330
1378
100
AcDbXrecord
280
     1
102
MATERIAL
148
0.0
149
0.0
149
0.0
 93
        0
 94
       63
282
     0
 72
     1
 77
     1
171
     1
175
     1
179
     1
273
     0
  0
XRECORD
  5
137D
102
{ACAD_REACTORS
330
137C
102
}
330
137C
100
AcDbXrecord
280
     1
102
MATERIAL
148
0.0
149
0.0
149
0.0
 93
        0
 94
       63
282
     0
 72
     1
 77
     1
171
     1
175
     1
179
     1
273
     0
  0
XRECORD
  5
1373
102
{ACAD_REACTORS
330
1372
102
}
330
1372
100
AcDbXrecord
280
     1
102
ACAD_ROUNDTRIP_PRE2007_TABLESTYLE
 90
        4
 91
        0
  1

 92
        4
 93
        0
  2

 94
        4
 95
        0
  3

  0
ENDSEC
  0
EOF
