  0
SECTION
  2
HEADER
  9
$ACADVER
  1
AC1015
  9
$ACADMAINTVER
 70
    20
  9
$DWGCODEPAGE
  3
ANSI_1252
  9
$INSBASE
 10
0.0
 20
0.0
 30
0.0
  9
$EXTMIN
 10
-86.97341731292659
 20
-28.65199960854238
 30
0.0
  9
$EXTMAX
 10
324.6593334986255
 20
180.6239290249417
 30
0.0
  9
$LIMMIN
 10
0.0
 20
0.0
  9
$LIMMAX
 10
420.0
 20
297.0
  9
$ORTHOMODE
 70
     0
  9
$REGENMODE
 70
     1
  9
$FILLMODE
 70
     1
  9
$QTEXTMODE
 70
     0
  9
$MIRRTEXT
 70
     0
  9
$LTSCALE
 40
1.0
  9
$ATTMODE
 70
     1
  9
$TEXTSIZE
 40
2.5
  9
$TRACEWID
 40
1.0
  9
$TEXTSTYLE
  7
Standard
  9
$CLAYER
  8
diametros
  9
$CELTYPE
  6
ByLayer
  9
$CECOLOR
 62
   256
  9
$CELTSCALE
 40
1.0
  9
$DISPSILH
 70
     0
  9
$DIMSCALE
 40
1.0
  9
$DIMASZ
 40
2.5
  9
$DIMEXO
 40
0.625
  9
$DIMDLI
 40
3.75
  9
$DIMRND
 40
0.0
  9
$DIMDLE
 40
0.0
  9
$DIMEXE
 40
1.25
  9
$DIMTP
 40
0.0
  9
$DIMTM
 40
0.0
  9
$DIMTXT
 40
2.5
  9
$DIMCEN
 40
24.16609194718914
  9
$DIMTSZ
 40
0.0
  9
$DIMTOL
 70
     0
  9
$DIMLIM
 70
     0
  9
$DIMTIH
 70
     0
  9
$DIMTOH
 70
     0
  9
$DIMSE1
 70
     0
  9
$DIMSE2
 70
     0
  9
$DIMTAD
 70
     1
  9
$DIMZIN
 70
     8
  9
$DIMBLK
  1

  9
$DIMASO
 70
     1
  9
$DIMSHO
 70
     1
  9
$DIMPOST
  1

  9
$DIMAPOST
  1

  9
$DIMALT
 70
     0
  9
$DIMALTD
 70
     3
  9
$DIMALTF
 40
0.03937007874016
  9
$DIMLFAC
 40
1.0
  9
$DIMTOFL
 70
     1
  9
$DIMTVP
 40
0.0
  9
$DIMTIX
 70
     0
  9
$DIMSOXD
 70
     0
  9
$DIMSAH
 70
     0
  9
$DIMBLK1
  1

  9
$DIMBLK2
  1

  9
$DIMSTYLE
  2
ISO-25
  9
$DIMCLRD
 70
     0
  9
$DIMCLRE
 70
     0
  9
$DIMCLRT
 70
     0
  9
$DIMTFAC
 40
1.0
  9
$DIMGAP
 40
0.625
  9
$DIMJUST
 70
     0
  9
$DIMSD1
 70
     0
  9
$DIMSD2
 70
     0
  9
$DIMTOLJ
 70
     0
  9
$DIMTZIN
 70
     8
  9
$DIMALTZ
 70
     0
  9
$DIMALTTZ
 70
     0
  9
$DIMUPT
 70
     0
  9
$DIMDEC
 70
     2
  9
$DIMTDEC
 70
     2
  9
$DIMALTU
 70
     2
  9
$DIMALTTD
 70
     3
  9
$DIMTXSTY
  7
Standard
  9
$DIMAUNIT
 70
     0
  9
$DIMADEC
 70
     0
  9
$DIMALTRND
 40
0.0
  9
$DIMAZIN
 70
     0
  9
$DIMDSEP
 70
    44
  9
$DIMATFIT
 70
     3
  9
$DIMFRAC
 70
     0
  9
$DIMLDRBLK
  1

  9
$DIMLUNIT
 70
     2
  9
$DIMLWD
 70
    -2
  9
$DIMLWE
 70
    -2
  9
$DIMTMOVE
 70
     0
  9
$LUNITS
 70
     2
  9
$LUPREC
 70
     4
  9
$SKETCHINC
 40
1.0
  9
$FILLETRAD
 40
5.0
  9
$AUNITS
 70
     0
  9
$AUPREC
 70
     0
  9
$MENU
  1
.
  9
$ELEVATION
 40
0.0
  9
$PELEVATION
 40
0.0
  9
$THICKNESS
 40
0.0
  9
$LIMCHECK
 70
     0
  9
$CHAMFERA
 40
0.0
  9
$CHAMFERB
 40
0.0
  9
$CHAMFERC
 40
0.0
  9
$CHAMFERD
 40
0.0
  9
$SKPOLY
 70
     0
  9
$TDCREATE
 40
2453369.767578808
  9
$TDUCREATE
 40
2453369.684245475
  9
$TDUPDATE
 40
2453577.097179167
  9
$TDUUPDATE
 40
2453577.013845833
  9
$TDINDWG
 40
0.5754191319
  9
$TDUSRTIMER
 40
0.5754162384
  9
$USRTIMER
 70
     1
  9
$ANGBASE
 50
0.0
  9
$ANGDIR
 70
     0
  9
$PDMODE
 70
     0
  9
$PDSIZE
 40
0.0
  9
$PLINEWID
 40
0.0
  9
$SPLFRAME
 70
     0
  9
$SPLINETYPE
 70
     6
  9
$SPLINESEGS
 70
     8
  9
$HANDSEED
  5
1A80
  9
$SURFTAB1
 70
     6
  9
$SURFTAB2
 70
     6
  9
$SURFTYPE
 70
     6
  9
$SURFU
 70
     6
  9
$SURFV
 70
     6
  9
$UCSBASE
  2

  9
$UCSNAME
  2

  9
$UCSORG
 10
0.0
 20
0.0
 30
0.0
  9
$UCSXDIR
 10
1.0
 20
0.0
 30
0.0
  9
$UCSYDIR
 10
0.0
 20
1.0
 30
0.0
  9
$UCSORTHOREF
  2

  9
$UCSORTHOVIEW
 70
     0
  9
$UCSORGTOP
 10
0.0
 20
0.0
 30
0.0
  9
$UCSORGBOTTOM
 10
0.0
 20
0.0
 30
0.0
  9
$UCSORGLEFT
 10
0.0
 20
0.0
 30
0.0
  9
$UCSORGRIGHT
 10
0.0
 20
0.0
 30
0.0
  9
$UCSORGFRONT
 10
0.0
 20
0.0
 30
0.0
  9
$UCSORGBACK
 10
0.0
 20
0.0
 30
0.0
  9
$PUCSBASE
  2

  9
$PUCSNAME
  2

  9
$PUCSORG
 10
0.0
 20
0.0
 30
0.0
  9
$PUCSXDIR
 10
1.0
 20
0.0
 30
0.0
  9
$PUCSYDIR
 10
0.0
 20
1.0
 30
0.0
  9
$PUCSORTHOREF
  2

  9
$PUCSORTHOVIEW
 70
     0
  9
$PUCSORGTOP
 10
0.0
 20
0.0
 30
0.0
  9
$PUCSORGBOTTOM
 10
0.0
 20
0.0
 30
0.0
  9
$PUCSORGLEFT
 10
0.0
 20
0.0
 30
0.0
  9
$PUCSORGRIGHT
 10
0.0
 20
0.0
 30
0.0
  9
$PUCSORGFRONT
 10
0.0
 20
0.0
 30
0.0
  9
$PUCSORGBACK
 10
0.0
 20
0.0
 30
0.0
  9
$USERI1
 70
     0
  9
$USERI2
 70
     0
  9
$USERI3
 70
     0
  9
$USERI4
 70
     0
  9
$USERI5
 70
     0
  9
$USERR1
 40
0.0
  9
$USERR2
 40
0.0
  9
$USERR3
 40
0.0
  9
$USERR4
 40
0.0
  9
$USERR5
 40
0.0
  9
$WORLDVIEW
 70
     1
  9
$SHADEDGE
 70
     3
  9
$SHADEDIF
 70
    70
  9
$TILEMODE
 70
     1
  9
$MAXACTVP
 70
    64
  9
$PINSBASE
 10
0.0
 20
0.0
 30
0.0
  9
$PLIMCHECK
 70
     0
  9
$PEXTMIN
 10
0.0
 20
0.0
 30
0.0
  9
$PEXTMAX
 10
0.0
 20
0.0
 30
0.0
  9
$PLIMMIN
 10
0.0
 20
0.0
  9
$PLIMMAX
 10
12.0
 20
9.0
  9
$UNITMODE
 70
     0
  9
$VISRETAIN
 70
     1
  9
$PLINEGEN
 70
     0
  9
$PSLTSCALE
 70
     1
  9
$TREEDEPTH
 70
  3020
  9
$CMLSTYLE
  2
Standard
  9
$CMLJUST
 70
     0
  9
$CMLSCALE
 40
20.0
  9
$PROXYGRAPHICS
 70
     1
  9
$MEASUREMENT
 70
     1
  9
$CELWEIGHT
370
    -1
  9
$ENDCAPS
280
     0
  9
$JOINSTYLE
280
     0
  9
$LWDISPLAY
290
     0
  9
$INSUNITS
 70
     4
  9
$HYPERLINKBASE
  1

  9
$STYLESHEET
  1

  9
$XEDIT
290
     1
  9
$CEPSNTYPE
380
     0
  9
$PSTYLEMODE
290
     1
  9
$FINGERPRINTGUID
  2
{7082C944-A5B6-4564-803D-C21F4C7AE5E2}
  9
$VERSIONGUID
  2
{425AE268-AACB-4245-8223-A7D5023809C7}
  9
$EXTNAMES
290
     1
  9
$PSVPSCALE
 40
0.0
  9
$OLESTARTUP
290
     0
  0
ENDSEC
  0
SECTION
  2
CLASSES
  0
CLASS
  1
ACDBDICTIONARYWDFLT
  2
AcDbDictionaryWithDefault
  3
ObjectDBX Classes
 90
        0
280
     0
281
     0
  0
CLASS
  1
ACDBPLACEHOLDER
  2
AcDbPlaceHolder
  3
ObjectDBX Classes
 90
        0
280
     0
281
     0
  0
CLASS
  1
LAYOUT
  2
AcDbLayout
  3
ObjectDBX Classes
 90
        0
280
     0
281
     0
  0
CLASS
  1
DICTIONARYVAR
  2
AcDbDictionaryVar
  3
ObjectDBX Classes
 90
        0
280
     0
281
     0
  0
CLASS
  1
TABLESTYLE
  2
AcDbTableStyle
  3
ObjectDBX Classes
 90
     2047
280
     0
281
     0
  0
CLASS
  1
SORTENTSTABLE
  2
AcDbSortentsTable
  3
ObjectDBX Classes
 90
        0
280
     0
281
     0
  0
CLASS
  1
DIMASSOC
  2
AcDbDimAssoc
  3
"AcDbDimAssoc|Product Desc:     AcDim ARX App For Dimension|Company:          Autodesk, Inc.|WEB Address:      www.autodesk.com"
 90
        0
280
     0
281
     0
  0
ENDSEC
  0
SECTION
  2
TABLES
  0
TABLE
  2
VPORT
  5
8
330
0
100
AcDbSymbolTable
 70
     3
  0
VPORT
  5
1A77
330
8
100
AcDbSymbolTableRecord
100
AcDbViewportTableRecord
  2
*Active
 70
     0
 10
0.0
 20
0.0
 11
1.0
 21
1.0
 12
270.2712242735791
 22
83.35813863878184
 13
0.0
 23
0.0
 14
10.0
 24
10.0
 15
10.0
 25
10.0
 16
0.0
 26
0.0
 36
1.0
 17
0.0
 27
0.0
 37
0.0
 40
144.9660744943017
 41
2.365566037735848
 42
50.0
 43
0.0
 44
0.0
 50
0.0
 51
0.0
 71
     0
 72
  1000
 73
     1
 74
     3
 75
     0
 76
     0
 77
     0
 78
     0
281
     0
 65
     1
110
0.0
120
0.0
130
0.0
111
1.0
121
0.0
131
0.0
112
0.0
122
1.0
132
0.0
 79
     0
146
0.0
  0
ENDTAB
  0
TABLE
  2
LTYPE
  5
5
330
0
100
AcDbSymbolTable
 70
     1
  0
LTYPE
  5
14
330
5
100
AcDbSymbolTableRecord
100
AcDbLinetypeTableRecord
  2
ByBlock
 70
     0
  3

 72
    65
 73
     0
 40
0.0
  0
LTYPE
  5
15
330
5
100
AcDbSymbolTableRecord
100
AcDbLinetypeTableRecord
  2
ByLayer
 70
     0
  3

 72
    65
 73
     0
 40
0.0
  0
LTYPE
  5
16
330
5
100
AcDbSymbolTableRecord
100
AcDbLinetypeTableRecord
  2
Continuous
 70
     0
  3
Solid line
 72
    65
 73
     0
 40
0.0
  0
ENDTAB
  0
TABLE
  2
LAYER
  5
2
102
{ACAD_XDICTIONARY
360
119
102
}
330
0
100
AcDbSymbolTable
 70
     8
  0
LAYER
  5
10
330
2
100
AcDbSymbolTableRecord
100
AcDbLayerTableRecord
  2
0
 70
     0
 62
    -7
  6
Continuous
370
    -3
390
F
  0
LAYER
  5
150
330
2
100
AcDbSymbolTableRecord
100
AcDbLayerTableRecord
  2
Defpoints
 70
     0
 62
     7
  6
Continuous
290
     0
370
    -3
390
F
  0
LAYER
  5
200
330
2
100
AcDbSymbolTableRecord
100
AcDbLayerTableRecord
  2
diametros
 70
     0
 62
     4
  6
Continuous
370
    -3
390
F
1001
AcAecLayerStandard
1000

1000

  0
LAYER
  5
519
330
2
100
AcDbSymbolTableRecord
100
AcDbLayerTableRecord
  2
c_base
 70
     0
 62
     4
  6
Continuous
370
    -3
390
F
1001
AcAecLayerStandard
1000

1000

  0
LAYER
  5
5C4
330
2
100
AcDbSymbolTableRecord
100
AcDbLayerTableRecord
  2
ruedas
 70
     0
 62
     7
  6
Continuous
370
    -3
390
F
1001
AcAecLayerStandard
1000

1000

  0
LAYER
  5
5C7
330
2
100
AcDbSymbolTableRecord
100
AcDbLayerTableRecord
  2
base
 70
     0
 62
     7
  6
Continuous
370
    -3
390
F
1001
AcAecLayerStandard
1000

1000

  0
LAYER
  5
5CC
330
2
100
AcDbSymbolTableRecord
100
AcDbLayerTableRecord
  2
laterales
 70
     0
 62
     7
  6
Continuous
370
    -3
390
F
1001
AcAecLayerStandard
1000

1000

  0
LAYER
  5
96E
330
2
100
AcDbSymbolTableRecord
100
AcDbLayerTableRecord
  2
c_lateral
 70
     0
 62
     4
  6
Continuous
370
    -3
390
F
1001
AcAecLayerStandard
1000

1000

  0
ENDTAB
  0
TABLE
  2
STYLE
  5
3
330
0
100
AcDbSymbolTable
 70
     1
  0
STYLE
  5
11
330
3
100
AcDbSymbolTableRecord
100
AcDbTextStyleTableRecord
  2
Standard
 70
     0
 40
0.0
 41
1.0
 50
0.0
 71
     0
 42
2.5
  3
txt
  4

  0
ENDTAB
  0
TABLE
  2
VIEW
  5
6
330
0
100
AcDbSymbolTable
 70
     0
  0
ENDTAB
  0
TABLE
  2
UCS
  5
7
330
0
100
AcDbSymbolTable
 70
     0
  0
ENDTAB
  0
TABLE
  2
APPID
  5
9
330
0
100
AcDbSymbolTable
 70
     3
  0
APPID
  5
12
330
9
100
AcDbSymbolTableRecord
100
AcDbRegAppTableRecord
  2
ACAD
 70
     0
  0
APPID
  5
9E
330
9
100
AcDbSymbolTableRecord
100
AcDbRegAppTableRecord
  2
ACAD_PSEXT
 70
     0
  0
APPID
  5
118
330
9
100
AcDbSymbolTableRecord
100
AcDbRegAppTableRecord
  2
AcAecLayerStandard
 70
     0
  0
ENDTAB
  0
TABLE
  2
DIMSTYLE
  5
A
330
0
100
AcDbSymbolTable
 70
     1
100
AcDbDimStyleTable
 71
     1
340
27
  0
DIMSTYLE
105
27
102
{ACAD_REACTORS
330
239
330
27B
330
2BB
330
2E7
330
2FE
330
314
330
433
330
5CF
330
62F
330
647
330
65F
330
677
330
68F
330
73C
330
754
330
76C
330
79C
330
7B4
330
844
330
876
330
93E
330
956
330
971
330
98D
330
9A5
330
9BD
330
9D5
330
9F1
330
A0D
330
A25
330
A4C
330
A68
330
A80
330
A98
330
AC8
330
AF8
330
B10
330
B59
330
B75
330
BA5
330
BC1
330
BD9
330
C9D
330
CB5
330
CE5
330
E5B
330
E71
330
E87
330
E9D
330
EB3
330
EC9
330
F2E
330
F48
330
FF0
330
100C
330
10D3
330
1105
330
111D
330
11A4
330
11BA
330
11E3
330
125F
330
1298
330
12D0
330
12ED
330
1305
330
131D
330
132F
330
1341
330
135D
330
1422
330
14CB
330
15B5
330
15E9
330
1601
330
1619
330
1631
330
1665
330
167D
330
1693
330
16C5
330
16E1
330
1792
330
17AB
330
1805
330
1867
330
187F
330
189B
330
18B3
330
18CF
330
191B
330
1933
330
194C
330
1986
330
1996
330
19AC
330
1A06
330
1A1E
102
}
330
A
100
AcDbSymbolTableRecord
100
AcDbDimStyleTableRecord
  2
ISO-25
 70
     0
 41
2.5
 42
0.625
 43
3.75
 44
1.25
 73
     0
 74
     0
 77
     1
 78
     8
140
2.5
141
2.5
143
0.03937007874016
147
0.625
171
     3
172
     1
271
     2
272
     2
274
     3
278
    44
283
     0
284
     8
340
11
  0
ENDTAB
  0
TABLE
  2
BLOCK_RECORD
  5
1
330
0
100
AcDbSymbolTable
 70
    99
  0
BLOCK_RECORD
  5
1F
102
{ACAD_XDICTIONARY
360
EA
102
}
330
1
100
AcDbSymbolTableRecord
100
AcDbBlockTableRecord
  2
*Model_Space
340
22
  0
BLOCK_RECORD
  5
D2
330
1
100
AcDbSymbolTableRecord
100
AcDbBlockTableRecord
  2
*Paper_Space
340
D3
  0
BLOCK_RECORD
  5
D6
330
1
100
AcDbSymbolTableRecord
100
AcDbBlockTableRecord
  2
*Paper_Space0
340
D7
  0
BLOCK_RECORD
  5
23A
330
1
100
AcDbSymbolTableRecord
100
AcDbBlockTableRecord
  2
*D1
340
0
  0
BLOCK_RECORD
  5
27C
330
1
100
AcDbSymbolTableRecord
100
AcDbBlockTableRecord
  2
*D2
340
0
  0
BLOCK_RECORD
  5
2BC
330
1
100
AcDbSymbolTableRecord
100
AcDbBlockTableRecord
  2
*D3
340
0
  0
BLOCK_RECORD
  5
2E8
330
1
100
AcDbSymbolTableRecord
100
AcDbBlockTableRecord
  2
*D4
340
0
  0
BLOCK_RECORD
  5
2FF
330
1
100
AcDbSymbolTableRecord
100
AcDbBlockTableRecord
  2
*D5
340
0
  0
BLOCK_RECORD
  5
315
330
1
100
AcDbSymbolTableRecord
100
AcDbBlockTableRecord
  2
*D6
340
0
  0
BLOCK_RECORD
  5
434
330
1
100
AcDbSymbolTableRecord
100
AcDbBlockTableRecord
  2
*D7
340
0
  0
BLOCK_RECORD
  5
5D0
330
1
100
AcDbSymbolTableRecord
100
AcDbBlockTableRecord
  2
*D8
340
0
  0
BLOCK_RECORD
  5
630
330
1
100
AcDbSymbolTableRecord
100
AcDbBlockTableRecord
  2
*D9
340
0
  0
BLOCK_RECORD
  5
648
330
1
100
AcDbSymbolTableRecord
100
AcDbBlockTableRecord
  2
*D10
340
0
  0
BLOCK_RECORD
  5
660
330
1
100
AcDbSymbolTableRecord
100
AcDbBlockTableRecord
  2
*D11
340
0
  0
BLOCK_RECORD
  5
678
330
1
100
AcDbSymbolTableRecord
100
AcDbBlockTableRecord
  2
*D12
340
0
  0
BLOCK_RECORD
  5
690
330
1
100
AcDbSymbolTableRecord
100
AcDbBlockTableRecord
  2
*D13
340
0
  0
BLOCK_RECORD
  5
73D
330
1
100
AcDbSymbolTableRecord
100
AcDbBlockTableRecord
  2
*D14
340
0
  0
BLOCK_RECORD
  5
755
330
1
100
AcDbSymbolTableRecord
100
AcDbBlockTableRecord
  2
*D15
340
0
  0
BLOCK_RECORD
  5
76D
330
1
100
AcDbSymbolTableRecord
100
AcDbBlockTableRecord
  2
*D16
340
0
  0
BLOCK_RECORD
  5
79D
330
1
100
AcDbSymbolTableRecord
100
AcDbBlockTableRecord
  2
*D17
340
0
  0
BLOCK_RECORD
  5
7B5
330
1
100
AcDbSymbolTableRecord
100
AcDbBlockTableRecord
  2
*D18
340
0
  0
BLOCK_RECORD
  5
845
330
1
100
AcDbSymbolTableRecord
100
AcDbBlockTableRecord
  2
*D19
340
0
  0
BLOCK_RECORD
  5
877
330
1
100
AcDbSymbolTableRecord
100
AcDbBlockTableRecord
  2
*D20
340
0
  0
BLOCK_RECORD
  5
93F
330
1
100
AcDbSymbolTableRecord
100
AcDbBlockTableRecord
  2
*D21
340
0
  0
BLOCK_RECORD
  5
957
330
1
100
AcDbSymbolTableRecord
100
AcDbBlockTableRecord
  2
*D22
340
0
  0
BLOCK_RECORD
  5
972
330
1
100
AcDbSymbolTableRecord
100
AcDbBlockTableRecord
  2
*D23
340
0
  0
BLOCK_RECORD
  5
98E
330
1
100
AcDbSymbolTableRecord
100
AcDbBlockTableRecord
  2
*D24
340
0
  0
BLOCK_RECORD
  5
9A6
330
1
100
AcDbSymbolTableRecord
100
AcDbBlockTableRecord
  2
*D25
340
0
  0
BLOCK_RECORD
  5
9BE
330
1
100
AcDbSymbolTableRecord
100
AcDbBlockTableRecord
  2
*D26
340
0
  0
BLOCK_RECORD
  5
9D6
330
1
100
AcDbSymbolTableRecord
100
AcDbBlockTableRecord
  2
*D27
340
0
  0
BLOCK_RECORD
  5
9F2
330
1
100
AcDbSymbolTableRecord
100
AcDbBlockTableRecord
  2
*D28
340
0
  0
BLOCK_RECORD
  5
A0E
330
1
100
AcDbSymbolTableRecord
100
AcDbBlockTableRecord
  2
*D29
340
0
  0
BLOCK_RECORD
  5
A26
330
1
100
AcDbSymbolTableRecord
100
AcDbBlockTableRecord
  2
*D30
340
0
  0
BLOCK_RECORD
  5
A4D
330
1
100
AcDbSymbolTableRecord
100
AcDbBlockTableRecord
  2
*D31
340
0
  0
BLOCK_RECORD
  5
A69
330
1
100
AcDbSymbolTableRecord
100
AcDbBlockTableRecord
  2
*D32
340
0
  0
BLOCK_RECORD
  5
A81
330
1
100
AcDbSymbolTableRecord
100
AcDbBlockTableRecord
  2
*D33
340
0
  0
BLOCK_RECORD
  5
A99
330
1
100
AcDbSymbolTableRecord
100
AcDbBlockTableRecord
  2
*D34
340
0
  0
BLOCK_RECORD
  5
AC9
330
1
100
AcDbSymbolTableRecord
100
AcDbBlockTableRecord
  2
*D35
340
0
  0
BLOCK_RECORD
  5
AF9
330
1
100
AcDbSymbolTableRecord
100
AcDbBlockTableRecord
  2
*D36
340
0
  0
BLOCK_RECORD
  5
B11
330
1
100
AcDbSymbolTableRecord
100
AcDbBlockTableRecord
  2
*D37
340
0
  0
BLOCK_RECORD
  5
B5A
330
1
100
AcDbSymbolTableRecord
100
AcDbBlockTableRecord
  2
*D38
340
0
  0
BLOCK_RECORD
  5
B76
330
1
100
AcDbSymbolTableRecord
100
AcDbBlockTableRecord
  2
*D39
340
0
  0
BLOCK_RECORD
  5
BA6
330
1
100
AcDbSymbolTableRecord
100
AcDbBlockTableRecord
  2
*D40
340
0
  0
BLOCK_RECORD
  5
BC2
330
1
100
AcDbSymbolTableRecord
100
AcDbBlockTableRecord
  2
*D41
340
0
  0
BLOCK_RECORD
  5
BDA
330
1
100
AcDbSymbolTableRecord
100
AcDbBlockTableRecord
  2
*D42
340
0
  0
BLOCK_RECORD
  5
C9E
330
1
100
AcDbSymbolTableRecord
100
AcDbBlockTableRecord
  2
*D43
340
0
  0
BLOCK_RECORD
  5
CB6
330
1
100
AcDbSymbolTableRecord
100
AcDbBlockTableRecord
  2
*D44
340
0
  0
BLOCK_RECORD
  5
CE6
330
1
100
AcDbSymbolTableRecord
100
AcDbBlockTableRecord
  2
*D45
340
0
  0
BLOCK_RECORD
  5
E5C
330
1
100
AcDbSymbolTableRecord
100
AcDbBlockTableRecord
  2
*D46
340
0
  0
BLOCK_RECORD
  5
E72
330
1
100
AcDbSymbolTableRecord
100
AcDbBlockTableRecord
  2
*D47
340
0
  0
BLOCK_RECORD
  5
E88
330
1
100
AcDbSymbolTableRecord
100
AcDbBlockTableRecord
  2
*D48
340
0
  0
BLOCK_RECORD
  5
E9E
330
1
100
AcDbSymbolTableRecord
100
AcDbBlockTableRecord
  2
*D49
340
0
  0
BLOCK_RECORD
  5
EB4
330
1
100
AcDbSymbolTableRecord
100
AcDbBlockTableRecord
  2
*D50
340
0
  0
BLOCK_RECORD
  5
ECA
330
1
100
AcDbSymbolTableRecord
100
AcDbBlockTableRecord
  2
*D51
340
0
  0
BLOCK_RECORD
  5
F2F
330
1
100
AcDbSymbolTableRecord
100
AcDbBlockTableRecord
  2
*D52
340
0
  0
BLOCK_RECORD
  5
F49
330
1
100
AcDbSymbolTableRecord
100
AcDbBlockTableRecord
  2
*D53
340
0
  0
BLOCK_RECORD
  5
FF1
330
1
100
AcDbSymbolTableRecord
100
AcDbBlockTableRecord
  2
*D54
340
0
  0
BLOCK_RECORD
  5
100D
330
1
100
AcDbSymbolTableRecord
100
AcDbBlockTableRecord
  2
*D55
340
0
  0
BLOCK_RECORD
  5
10D4
330
1
100
AcDbSymbolTableRecord
100
AcDbBlockTableRecord
  2
*D56
340
0
  0
BLOCK_RECORD
  5
1106
330
1
100
AcDbSymbolTableRecord
100
AcDbBlockTableRecord
  2
*D57
340
0
  0
BLOCK_RECORD
  5
111E
330
1
100
AcDbSymbolTableRecord
100
AcDbBlockTableRecord
  2
*D58
340
0
  0
BLOCK_RECORD
  5
11A5
330
1
100
AcDbSymbolTableRecord
100
AcDbBlockTableRecord
  2
*D59
340
0
  0
BLOCK_RECORD
  5
11BB
330
1
100
AcDbSymbolTableRecord
100
AcDbBlockTableRecord
  2
*D60
340
0
  0
BLOCK_RECORD
  5
11E4
330
1
100
AcDbSymbolTableRecord
100
AcDbBlockTableRecord
  2
*D61
340
0
  0
BLOCK_RECORD
  5
1260
330
1
100
AcDbSymbolTableRecord
100
AcDbBlockTableRecord
  2
*D62
340
0
  0
BLOCK_RECORD
  5
1299
330
1
100
AcDbSymbolTableRecord
100
AcDbBlockTableRecord
  2
*D63
340
0
  0
BLOCK_RECORD
  5
12D1
330
1
100
AcDbSymbolTableRecord
100
AcDbBlockTableRecord
  2
*D64
340
0
  0
BLOCK_RECORD
  5
12EE
330
1
100
AcDbSymbolTableRecord
100
AcDbBlockTableRecord
  2
*D65
340
0
  0
BLOCK_RECORD
  5
1306
330
1
100
AcDbSymbolTableRecord
100
AcDbBlockTableRecord
  2
*D66
340
0
  0
BLOCK_RECORD
  5
131E
330
1
100
AcDbSymbolTableRecord
100
AcDbBlockTableRecord
  2
*D67
340
0
  0
BLOCK_RECORD
  5
1330
330
1
100
AcDbSymbolTableRecord
100
AcDbBlockTableRecord
  2
*D68
340
0
  0
BLOCK_RECORD
  5
1342
330
1
100
AcDbSymbolTableRecord
100
AcDbBlockTableRecord
  2
*D69
340
0
  0
BLOCK_RECORD
  5
135E
330
1
100
AcDbSymbolTableRecord
100
AcDbBlockTableRecord
  2
*D70
340
0
  0
BLOCK_RECORD
  5
1423
330
1
100
AcDbSymbolTableRecord
100
AcDbBlockTableRecord
  2
*D71
340
0
  0
BLOCK_RECORD
  5
14CC
330
1
100
AcDbSymbolTableRecord
100
AcDbBlockTableRecord
  2
*D72
340
0
  0
BLOCK_RECORD
  5
15B6
330
1
100
AcDbSymbolTableRecord
100
AcDbBlockTableRecord
  2
*D73
340
0
  0
BLOCK_RECORD
  5
15EA
330
1
100
AcDbSymbolTableRecord
100
AcDbBlockTableRecord
  2
*D74
340
0
  0
BLOCK_RECORD
  5
1602
330
1
100
AcDbSymbolTableRecord
100
AcDbBlockTableRecord
  2
*D75
340
0
  0
BLOCK_RECORD
  5
161A
330
1
100
AcDbSymbolTableRecord
100
AcDbBlockTableRecord
  2
*D76
340
0
  0
BLOCK_RECORD
  5
1632
330
1
100
AcDbSymbolTableRecord
100
AcDbBlockTableRecord
  2
*D77
340
0
  0
BLOCK_RECORD
  5
1666
330
1
100
AcDbSymbolTableRecord
100
AcDbBlockTableRecord
  2
*D78
340
0
  0
BLOCK_RECORD
  5
167E
330
1
100
AcDbSymbolTableRecord
100
AcDbBlockTableRecord
  2
*D79
340
0
  0
BLOCK_RECORD
  5
1694
330
1
100
AcDbSymbolTableRecord
100
AcDbBlockTableRecord
  2
*D80
340
0
  0
BLOCK_RECORD
  5
16C6
330
1
100
AcDbSymbolTableRecord
100
AcDbBlockTableRecord
  2
*D81
340
0
  0
BLOCK_RECORD
  5
16E2
330
1
100
AcDbSymbolTableRecord
100
AcDbBlockTableRecord
  2
*D82
340
0
  0
BLOCK_RECORD
  5
1793
330
1
100
AcDbSymbolTableRecord
100
AcDbBlockTableRecord
  2
*D83
340
0
  0
BLOCK_RECORD
  5
17AC
330
1
100
AcDbSymbolTableRecord
100
AcDbBlockTableRecord
  2
*D84
340
0
  0
BLOCK_RECORD
  5
1806
330
1
100
AcDbSymbolTableRecord
100
AcDbBlockTableRecord
  2
*D85
340
0
  0
BLOCK_RECORD
  5
1868
330
1
100
AcDbSymbolTableRecord
100
AcDbBlockTableRecord
  2
*D86
340
0
  0
BLOCK_RECORD
  5
1880
330
1
100
AcDbSymbolTableRecord
100
AcDbBlockTableRecord
  2
*D87
340
0
  0
BLOCK_RECORD
  5
189C
330
1
100
AcDbSymbolTableRecord
100
AcDbBlockTableRecord
  2
*D88
340
0
  0
BLOCK_RECORD
  5
18B4
330
1
100
AcDbSymbolTableRecord
100
AcDbBlockTableRecord
  2
*D89
340
0
  0
BLOCK_RECORD
  5
18D0
330
1
100
AcDbSymbolTableRecord
100
AcDbBlockTableRecord
  2
*D90
340
0
  0
BLOCK_RECORD
  5
191C
330
1
100
AcDbSymbolTableRecord
100
AcDbBlockTableRecord
  2
*D91
340
0
  0
BLOCK_RECORD
  5
1934
330
1
100
AcDbSymbolTableRecord
100
AcDbBlockTableRecord
  2
*D92
340
0
  0
BLOCK_RECORD
  5
194D
330
1
100
AcDbSymbolTableRecord
100
AcDbBlockTableRecord
  2
*D93
340
0
  0
BLOCK_RECORD
  5
1987
330
1
100
AcDbSymbolTableRecord
100
AcDbBlockTableRecord
  2
*D94
340
0
  0
BLOCK_RECORD
  5
1997
330
1
100
AcDbSymbolTableRecord
100
AcDbBlockTableRecord
  2
*D95
340
0
  0
BLOCK_RECORD
  5
19AD
330
1
100
AcDbSymbolTableRecord
100
AcDbBlockTableRecord
  2
*D96
340
0
  0
BLOCK_RECORD
  5
1A07
330
1
100
AcDbSymbolTableRecord
100
AcDbBlockTableRecord
  2
*D97
340
0
  0
BLOCK_RECORD
  5
1A1F
330
1
100
AcDbSymbolTableRecord
100
AcDbBlockTableRecord
  2
*D98
340
0
  0
ENDTAB
  0
ENDSEC
  0
SECTION
  2
BLOCKS
  0
BLOCK
  5
20
330
1F
100
AcDbEntity
  8
0
100
AcDbBlockBegin
  2
*Model_Space
 70
     0
 10
0.0
 20
0.0
 30
0.0
  3
*Model_Space
  1

  0
ENDBLK
  5
21
330
1F
100
AcDbEntity
  8
0
100
AcDbBlockEnd
  0
BLOCK
  5
D4
330
D2
100
AcDbEntity
 67
     1
  8
0
100
AcDbBlockBegin
  2
*Paper_Space
 70
     0
 10
0.0
 20
0.0
 30
0.0
  3
*Paper_Space
  1

  0
ENDBLK
  5
D5
330
D2
100
AcDbEntity
 67
     1
  8
0
100
AcDbBlockEnd
  0
BLOCK
  5
D8
330
D6
100
AcDbEntity
  8
0
100
AcDbBlockBegin
  2
*Paper_Space0
 70
     0
 10
0.0
 20
0.0
 30
0.0
  3
*Paper_Space0
  1

  0
ENDBLK
  5
D9
330
D6
100
AcDbEntity
  8
0
100
AcDbBlockEnd
  0
BLOCK
  5
243
330
23A
100
AcDbEntity
  8
0
100
AcDbBlockBegin
  2
*D1
 70
     1
 10
0.0
 20
0.0
 30
0.0
  3
*D1
  1

  0
LINE
  5
1759
330
23A
100
AcDbEntity
  8
diametros
 62
     0
370
    -2
100
AcDbLine
 10
-58.210755481323
 20
140.0421066816037
 30
0.0
 11
-44.62040243501029
 21
138.0265421306767
 31
0.0
  0
LINE
  5
175A
330
23A
100
AcDbEntity
  8
diametros
 62
     0
370
    -2
100
AcDbLine
 10
-29.7826955429988
 20
135.825984431648
 30
0.0
 11
-27.30974439433021
 21
135.4592248151432
 31
0.0
  0
MTEXT
  5
175B
330
23A
100
AcDbEntity
  8
diametros
 62
     0
100
AcDbMText
 10
-54.63841757071964
 20
141.4078072210987
 30
0.0
 40
2.5
 41
0.0
 71
     5
 72
     1
  1
\U+220510
 11
0.9891804594674326
 21
-0.1467038466019175
 31
0.0
 73
     1
 44
1.0
1001
ACAD
1000
MTEXTBEGIN
1070
    73
1070
     1
1070
    44
1040
1.0
1070
    74
1070
     0
1000
MTEXTEND
  0
LINE
  5
175C
330
23A
100
AcDbEntity
  8
diametros
 62
     0
370
    -2
100
AcDbLine
 10
-32.25564669166738
 20
136.1927440481528
 30
0.0
 11
-42.14745128634172
 21
137.659782514172
 31
0.0
  0
SOLID
  5
175D
330
23A
100
AcDbEntity
  8
diametros
 62
     0
100
AcDbTrace
 10
-29.721568940248
 20
136.2381429564261
 30
0.0
 11
-29.8438221457496
 21
135.4138259068699
 31
0.0
 12
-32.25564669166738
 22
136.1927440481528
 32
0.0
 13
-32.25564669166738
 23
136.1927440481528
 33
0.0
  0
SOLID
  5
175E
330
23A
100
AcDbEntity
  8
diametros
 62
     0
100
AcDbTrace
 10
-44.5592758322595
 20
138.4387006554549
 30
0.0
 11
-44.68152903776109
 21
137.6143836058987
 31
0.0
 12
-42.14745128634172
 22
137.659782514172
 32
0.0
 13
-42.14745128634172
 23
137.659782514172
 33
0.0
  0
POINT
  5
175F
330
23A
100
AcDbEntity
  8
Defpoints
 62
     0
100
AcDbPoint
 10
-42.14745128634172
 20
137.659782514172
 30
0.0
  0
POINT
  5
1760
330
23A
100
AcDbEntity
  8
Defpoints
 62
     0
100
AcDbPoint
 10
-32.25564669166738
 20
136.1927440481528
 30
0.0
  0
ENDBLK
  5
244
330
23A
100
AcDbEntity
  8
0
100
AcDbBlockEnd
  0
BLOCK
  5
285
330
27C
100
AcDbEntity
  8
0
100
AcDbBlockBegin
  2
*D2
 70
     1
 10
0.0
 20
0.0
 30
0.0
  3
*D2
  1

  0
LINE
  5
1761
330
27C
100
AcDbEntity
  8
diametros
 62
     0
370
    -2
100
AcDbLine
 10
-55.463956928157
 20
49.36305193457439
 30
0.0
 11
-44.35714091969238
 21
45.87580779552416
 31
0.0
  0
LINE
  5
1762
330
27C
100
AcDbEntity
  8
diametros
 62
     0
370
    -2
100
AcDbLine
 10
-30.04595705831674
 20
41.38247757330583
 30
0.0
 11
-27.66075974808746
 21
40.63358920293612
 31
0.0
  0
MTEXT
  5
1763
330
27C
100
AcDbEntity
  8
diametros
 62
     0
100
AcDbMText
 10
-51.72202757007401
 20
50.15343209008672
 30
0.0
 40
2.5
 41
0.0
 71
     5
 72
     1
  1
\U+220510
 11
0.954078924091711
 21
-0.2995553481478888
 31
0.0
 73
     1
 44
1.0
1001
ACAD
1000
MTEXTBEGIN
1070
    73
1070
     1
1070
    44
1040
1.0
1070
    74
1070
     0
1000
MTEXTEND
  0
LINE
  5
1764
330
27C
100
AcDbEntity
  8
diametros
 62
     0
370
    -2
100
AcDbLine
 10
-32.43115436854602
 20
42.13136594367556
 30
0.0
 11
-41.97194360946311
 21
45.12691942515444
 31
0.0
  0
SOLID
  5
1765
330
27C
100
AcDbEntity
  8
diametros
 62
     0
100
AcDbTrace
 10
-29.92114232992178
 20
41.78001045834405
 30
0.0
 11
-30.17077178671169
 21
40.98494468826761
 31
0.0
 12
-32.43115436854602
 22
42.13136594367556
 32
0.0
 13
-32.43115436854602
 23
42.13136594367556
 33
0.0
  0
SOLID
  5
1766
330
27C
100
AcDbEntity
  8
diametros
 62
     0
100
AcDbTrace
 10
-44.23232619129743
 20
46.27334068056237
 30
0.0
 11
-44.48195564808734
 21
45.47827491048594
 31
0.0
 12
-41.97194360946311
 22
45.12691942515444
 32
0.0
 13
-41.97194360946311
 23
45.12691942515444
 33
0.0
  0
POINT
  5
1767
330
27C
100
AcDbEntity
  8
Defpoints
 62
     0
100
AcDbPoint
 10
-41.97194360946311
 20
45.12691942515444
 30
0.0
  0
POINT
  5
1768
330
27C
100
AcDbEntity
  8
Defpoints
 62
     0
100
AcDbPoint
 10
-32.43115436854602
 20
42.13136594367556
 30
0.0
  0
ENDBLK
  5
286
330
27C
100
AcDbEntity
  8
0
100
AcDbBlockEnd
  0
BLOCK
  5
2C5
330
2BC
100
AcDbEntity
  8
0
100
AcDbBlockBegin
  2
*D3
 70
     1
 10
0.0
 20
0.0
 30
0.0
  3
*D3
  1

  0
LINE
  5
2C8
330
2BC
100
AcDbEntity
  8
diametros
 62
     0
370
    -2
100
AcDbLine
 10
105.8209504473203
 20
64.55265214353605
 30
0.0
 11
95.39696635912525
 21
61.6027933604471
 31
0.0
  0
LINE
  5
2C9
330
2BC
100
AcDbEntity
  8
diametros
 62
     0
370
    -2
100
AcDbLine
 10
87.60303364087475
 20
59.3972066395529
 30
0.0
 11
85.19749885129128
 21
58.7164699973016
 31
0.0
  0
MTEXT
  5
2CA
330
2BC
100
AcDbEntity
  8
diametros
 62
     0
100
AcDbMText
 10
101.2444452628051
 20
65.42270339777013
 30
0.0
 40
2.5
 41
0.0
 71
     5
 72
     1
  1
\U+22053,1
 11
0.9622139158333913
 21
0.2722946569005185
 31
0.0
 73
     1
 44
1.0
1001
ACAD
1000
MTEXTBEGIN
1070
    73
1070
     1
1070
    44
1040
1.0
1070
    74
1070
     0
1000
MTEXTEND
  0
LINE
  5
2CB
330
2BC
100
AcDbEntity
  8
diametros
 62
     0
370
    -2
100
AcDbLine
 10
90.00856843045824
 20
60.0779432818042
 30
0.0
 11
92.99143156954176
 21
60.92205671819581
 31
0.0
  0
SOLID
  5
2CC
330
2BC
100
AcDbEntity
  8
diametros
 62
     0
100
AcDbTrace
 10
87.48957753383287
 20
59.79812910448347
 30
0.0
 11
87.71648974791665
 21
58.99628417462231
 31
0.0
 12
90.00856843045824
 22
60.0779432818042
 32
0.0
 13
90.00856843045824
 23
60.0779432818042
 33
0.0
  0
SOLID
  5
2CD
330
2BC
100
AcDbEntity
  8
diametros
 62
     0
100
AcDbTrace
 10
95.28351025208335
 20
62.00371582537767
 30
0.0
 11
95.51042246616713
 21
61.20187089551652
 31
0.0
 12
92.99143156954176
 22
60.92205671819581
 32
0.0
 13
92.99143156954176
 23
60.92205671819581
 33
0.0
  0
POINT
  5
2CE
330
2BC
100
AcDbEntity
  8
Defpoints
 62
     0
100
AcDbPoint
 10
92.99143156954176
 20
60.92205671819581
 30
0.0
  0
POINT
  5
2CF
330
2BC
100
AcDbEntity
  8
Defpoints
 62
     0
100
AcDbPoint
 10
90.00856843045824
 20
60.0779432818042
 30
0.0
  0
ENDBLK
  5
2C6
330
2BC
100
AcDbEntity
  8
0
100
AcDbBlockEnd
  0
BLOCK
  5
2F1
330
2E8
100
AcDbEntity
  8
0
100
AcDbBlockBegin
  2
*D4
 70
     1
 10
0.0
 20
0.0
 30
0.0
  3
*D4
  1

  0
LINE
  5
2F4
330
2E8
100
AcDbEntity
  8
diametros
 62
     0
370
    -2
100
AcDbLine
 10
153.2790945560146
 20
64.89083812777661
 30
0.0
 11
163.6302575331596
 21
61.69481933376228
 31
0.0
  0
LINE
  5
2F5
330
2E8
100
AcDbEntity
  8
diametros
 62
     0
370
    -2
100
AcDbLine
 10
171.3697424668403
 20
59.30518066623776
 30
0.0
 11
173.758472384643
 21
58.56763786761907
 31
0.0
  0
MTEXT
  5
2F6
330
2E8
100
AcDbEntity
  8
diametros
 62
     0
100
AcDbMText
 10
157.8749300845347
 20
65.65220839491435
 30
0.0
 40
2.5
 41
0.0
 71
     5
 72
     1
  1
\U+22053,1
 11
0.9554919671210816
 21
-0.2950171194474753
 31
0.0
 73
     1
 44
1.0
1001
ACAD
1000
MTEXTBEGIN
1070
    73
1070
     1
1070
    44
1040
1.0
1070
    74
1070
     0
1000
MTEXTEND
  0
LINE
  5
2F7
330
2E8
100
AcDbEntity
  8
diametros
 62
     0
370
    -2
100
AcDbLine
 10
168.9810125490376
 20
60.04272346485644
 30
0.0
 11
166.0189874509623
 21
60.9572765351436
 31
0.0
  0
SOLID
  5
2F8
330
2E8
100
AcDbEntity
  8
diametros
 62
     0
100
AcDbTrace
 10
171.4926662666101
 20
59.70330231920487
 30
0.0
 11
171.2468186670706
 21
58.90705901327063
 31
0.0
 12
168.9810125490376
 22
60.04272346485644
 32
0.0
 13
168.9810125490376
 23
60.04272346485644
 33
0.0
  0
SOLID
  5
2F9
330
2E8
100
AcDbEntity
  8
diametros
 62
     0
100
AcDbTrace
 10
163.7531813329294
 20
62.09294098672941
 30
0.0
 11
163.5073337333898
 21
61.29669768079517
 31
0.0
 12
166.0189874509623
 22
60.9572765351436
 32
0.0
 13
166.0189874509623
 23
60.9572765351436
 33
0.0
  0
POINT
  5
2FA
330
2E8
100
AcDbEntity
  8
Defpoints
 62
     0
100
AcDbPoint
 10
166.0189874509623
 20
60.9572765351436
 30
0.0
  0
POINT
  5
2FB
330
2E8
100
AcDbEntity
  8
Defpoints
 62
     0
100
AcDbPoint
 10
168.9810125490376
 20
60.04272346485644
 30
0.0
  0
ENDBLK
  5
2F2
330
2E8
100
AcDbEntity
  8
0
100
AcDbBlockEnd
  0
BLOCK
  5
308
330
2FF
100
AcDbEntity
  8
0
100
AcDbBlockBegin
  2
*D5
 70
     1
 10
0.0
 20
0.0
 30
0.0
  3
*D5
  1

  0
LINE
  5
30B
330
2FF
100
AcDbEntity
  8
diametros
 62
     0
370
    -2
100
AcDbLine
 10
154.3286154131562
 20
111.2553868079753
 30
0.0
 11
164.067071656327
 21
117.3511624102304
 31
0.0
  0
LINE
  5
30C
330
2FF
100
AcDbEntity
  8
diametros
 62
     0
370
    -2
100
AcDbLine
 10
170.932928343673
 20
121.6488375897696
 30
0.0
 11
173.0520199138415
 21
122.9752805464175
 31
0.0
  0
MTEXT
  5
30D
330
2FF
100
AcDbEntity
  8
diametros
 62
     0
100
AcDbMText
 10
156.7550655662304
 20
115.2320347108622
 30
0.0
 40
2.5
 41
0.0
 71
     5
 72
     1
  1
\U+22053,1
 11
0.8476366280674007
 21
0.5305771826591556
 31
0.0
 73
     1
 44
1.0
1001
ACAD
1000
MTEXTBEGIN
1070
    73
1070
     1
1070
    44
1040
1.0
1070
    74
1070
     0
1000
MTEXTEND
  0
LINE
  5
30E
330
2FF
100
AcDbEntity
  8
diametros
 62
     0
370
    -2
100
AcDbLine
 10
168.8138367735044
 20
120.3223946331217
 30
0.0
 11
166.1861632264955
 21
118.6776053668783
 31
0.0
  0
SOLID
  5
30F
330
2FF
100
AcDbEntity
  8
diametros
 62
     0
100
AcDbTrace
 10
170.711854517565
 20
122.002019518131
 30
0.0
 11
171.1540021697809
 21
121.2956556614082
 31
0.0
 12
168.8138367735044
 22
120.3223946331217
 32
0.0
 13
168.8138367735044
 23
120.3223946331217
 33
0.0
  0
SOLID
  5
310
330
2FF
100
AcDbEntity
  8
diametros
 62
     0
100
AcDbTrace
 10
163.845997830219
 20
117.7043443385918
 30
0.0
 11
164.2881454824349
 21
116.997980481869
 31
0.0
 12
166.1861632264955
 22
118.6776053668783
 32
0.0
 13
166.1861632264955
 23
118.6776053668783
 33
0.0
  0
POINT
  5
311
330
2FF
100
AcDbEntity
  8
Defpoints
 62
     0
100
AcDbPoint
 10
166.1861632264955
 20
118.6776053668783
 30
0.0
  0
POINT
  5
312
330
2FF
100
AcDbEntity
  8
Defpoints
 62
     0
100
AcDbPoint
 10
168.8138367735044
 20
120.3223946331217
 30
0.0
  0
ENDBLK
  5
309
330
2FF
100
AcDbEntity
  8
0
100
AcDbBlockEnd
  0
BLOCK
  5
31E
330
315
100
AcDbEntity
  8
0
100
AcDbBlockBegin
  2
*D6
 70
     1
 10
0.0
 20
0.0
 30
0.0
  3
*D6
  1

  0
LINE
  5
321
330
315
100
AcDbEntity
  8
diametros
 62
     0
370
    -2
100
AcDbLine
 10
104.5112761602877
 20
112.2736382742187
 30
0.0
 11
95.04058242659565
 21
117.5335880186284
 31
0.0
  0
LINE
  5
322
330
315
100
AcDbEntity
  8
diametros
 62
     0
370
    -2
100
AcDbLine
 10
87.95941757340429
 20
121.4664119813716
 30
0.0
 11
85.77387286562919
 21
122.6802465377739
 31
0.0
  0
MTEXT
  5
323
330
315
100
AcDbEntity
  8
diametros
 62
     0
100
AcDbMText
 10
101.8802304443311
 20
116.1179831247016
 30
0.0
 40
2.5
 41
0.0
 71
     5
 72
     1
  1
\U+22053,1
 11
0.8742178831100432
 21
-0.4855338225608954
 31
0.0
 73
     1
 44
1.0
1001
ACAD
1000
MTEXTBEGIN
1070
    73
1070
     1
1070
    44
1040
1.0
1070
    74
1070
     0
1000
MTEXTEND
  0
LINE
  5
324
330
315
100
AcDbEntity
  8
diametros
 62
     0
370
    -2
100
AcDbLine
 10
90.14496228117939
 20
120.2525774249694
 30
0.0
 11
92.85503771882053
 21
118.7474225750306
 31
0.0
  0
SOLID
  5
325
330
315
100
AcDbEntity
  8
diametros
 62
     0
100
AcDbTrace
 10
88.16172333280468
 20
121.8306694326674
 30
0.0
 11
87.75711181400394
 21
121.1021545300758
 31
0.0
 12
90.14496228117939
 22
120.2525774249694
 32
0.0
 13
90.14496228117939
 23
120.2525774249694
 33
0.0
  0
SOLID
  5
326
330
315
100
AcDbEntity
  8
diametros
 62
     0
100
AcDbTrace
 10
95.24288818599602
 20
117.8978454699242
 30
0.0
 11
94.83827666719529
 21
117.1693305673325
 31
0.0
 12
92.85503771882053
 22
118.7474225750306
 32
0.0
 13
92.85503771882053
 23
118.7474225750306
 33
0.0
  0
POINT
  5
327
330
315
100
AcDbEntity
  8
Defpoints
 62
     0
100
AcDbPoint
 10
92.85503771882053
 20
118.7474225750306
 30
0.0
  0
POINT
  5
328
330
315
100
AcDbEntity
  8
Defpoints
 62
     0
100
AcDbPoint
 10
90.14496228117939
 20
120.2525774249694
 30
0.0
  0
ENDBLK
  5
31F
330
315
100
AcDbEntity
  8
0
100
AcDbBlockEnd
  0
BLOCK
  5
43D
330
434
100
AcDbEntity
  8
0
100
AcDbBlockBegin
  2
*D7
 70
     1
 10
0.0
 20
0.0
 30
0.0
  3
*D7
  1

  0
LINE
  5
440
330
434
100
AcDbEntity
  8
diametros
 62
     0
370
    -2
100
AcDbLine
 10
87.63286372208453
 20
99.03638291913937
 30
0.0
 11
79.47337106466415
 21
93.19983613921495
 31
0.0
  0
LINE
  5
441
330
434
100
AcDbEntity
  8
diametros
 62
     0
370
    -2
100
AcDbLine
 10
70.5266289353359
 20
86.80016386078511
 30
0.0
 11
68.49327845139765
 21
85.34569288841471
 31
0.0
  0
MTEXT
  5
442
330
434
100
AcDbEntity
  8
diametros
 62
     0
100
AcDbMText
 10
84.33921413520691
 20
98.98571889535842
 30
0.0
 40
2.5
 41
0.0
 71
     5
 72
     1
  1
\U+22056
 11
0.8133401935752941
 21
0.5817883889481666
 31
0.0
 73
     1
 44
1.0
1001
ACAD
1000
MTEXTBEGIN
1070
    73
1070
     1
1070
    44
1040
1.0
1070
    74
1070
     0
1000
MTEXTEND
  0
LINE
  5
443
330
434
100
AcDbEntity
  8
diametros
 62
     0
370
    -2
100
AcDbLine
 10
72.55997941927413
 20
88.25463483315553
 30
0.0
 11
77.4400205807259
 21
91.74536516684453
 31
0.0
  0
SOLID
  5
444
330
434
100
AcDbEntity
  8
diametros
 62
     0
100
AcDbTrace
 10
70.2842171066075
 20
87.13905560810815
 30
0.0
 11
70.7690407640643
 21
86.46127211346207
 31
0.0
 12
72.55997941927413
 22
88.25463483315553
 32
0.0
 13
72.55997941927413
 23
88.25463483315553
 33
0.0
  0
SOLID
  5
445
330
434
100
AcDbEntity
  8
diametros
 62
     0
100
AcDbTrace
 10
79.23095923593574
 20
93.53872788653799
 30
0.0
 11
79.71578289339254
 21
92.8609443918919
 31
0.0
 12
77.4400205807259
 22
91.74536516684453
 32
0.0
 13
77.4400205807259
 23
91.74536516684453
 33
0.0
  0
POINT
  5
446
330
434
100
AcDbEntity
  8
Defpoints
 62
     0
100
AcDbPoint
 10
77.4400205807259
 20
91.74536516684453
 30
0.0
  0
POINT
  5
447
330
434
100
AcDbEntity
  8
Defpoints
 62
     0
100
AcDbPoint
 10
72.55997941927413
 20
88.25463483315553
 30
0.0
  0
ENDBLK
  5
43E
330
434
100
AcDbEntity
  8
0
100
AcDbBlockEnd
  0
BLOCK
  5
5DA
330
5D0
100
AcDbEntity
  8
0
100
AcDbBlockBegin
  2
*D8
 70
     1
 10
0.0
 20
0.0
 30
0.0
  3
*D8
  1

  0
LINE
  5
5DD
330
5D0
100
AcDbEntity
  8
c_base
 62
     0
370
    -2
100
AcDbLine
 10
69.375
 20
130.0
 30
0.0
 11
-5.490413616696044
 21
130.0
 31
0.0
  0
LINE
  5
5DE
330
5D0
100
AcDbEntity
  8
c_base
 62
     0
370
    -2
100
AcDbLine
 10
69.37500000000001
 20
50.0
 30
0.0
 11
-5.490413616696062
 21
50.00000000000003
 31
0.0
  0
LINE
  5
5DF
330
5D0
100
AcDbEntity
  8
c_base
 62
     0
370
    -2
100
AcDbLine
 10
-4.240413616696042
 20
127.5
 30
0.0
 11
-4.240413616696059
 21
52.50000000000003
 31
0.0
  0
SOLID
  5
5E0
330
5D0
100
AcDbEntity
  8
c_base
 62
     0
100
AcDbTrace
 10
-4.657080283362709
 20
127.5
 30
0.0
 11
-3.823746950029376
 21
127.5
 31
0.0
 12
-4.240413616696041
 22
130.0
 32
0.0
 13
-4.240413616696041
 23
130.0
 33
0.0
  0
SOLID
  5
5E1
330
5D0
100
AcDbEntity
  8
c_base
 62
     0
100
AcDbTrace
 10
-4.657080283362726
 20
52.50000000000003
 30
0.0
 11
-3.823746950029393
 21
52.50000000000003
 31
0.0
 12
-4.240413616696059
 22
50.00000000000003
 32
0.0
 13
-4.240413616696059
 23
50.00000000000003
 33
0.0
  0
MTEXT
  5
5E2
330
5D0
100
AcDbEntity
  8
c_base
 62
     0
100
AcDbMText
 10
-6.115413616696065
 20
90.00000000000003
 30
0.0
 40
2.5
 41
0.0
 71
     5
 72
     1
  1
80
 11
0.0000000000000001
 21
1.0
 31
0.0
 73
     1
 44
1.0
1001
ACAD
1000
MTEXTBEGIN
1070
    73
1070
     1
1070
    44
1040
1.0
1070
    74
1070
     0
1000
MTEXTEND
  0
POINT
  5
5E3
330
5D0
100
AcDbEntity
  8
Defpoints
 62
     0
100
AcDbPoint
 10
70.0
 20
130.0
 30
0.0
  0
POINT
  5
5E4
330
5D0
100
AcDbEntity
  8
Defpoints
 62
     0
100
AcDbPoint
 10
70.00000000000001
 20
50.0
 30
0.0
  0
POINT
  5
5E5
330
5D0
100
AcDbEntity
  8
Defpoints
 62
     0
100
AcDbPoint
 10
-4.240413616696059
 20
50.00000000000003
 30
0.0
  0
ENDBLK
  5
5DB
330
5D0
100
AcDbEntity
  8
0
100
AcDbBlockEnd
  0
BLOCK
  5
63A
330
630
100
AcDbEntity
  8
0
100
AcDbBlockBegin
  2
*D9
 70
     1
 10
0.0
 20
0.0
 30
0.0
  3
*D9
  1

  0
LINE
  5
63D
330
630
100
AcDbEntity
  8
c_base
 62
     0
370
    -2
100
AcDbLine
 10
50.0
 20
110.625
 30
0.0
 11
50.0
 21
141.5320602539077
 31
0.0
  0
LINE
  5
63E
330
630
100
AcDbEntity
  8
c_base
 62
     0
370
    -2
100
AcDbLine
 10
60.0
 20
110.625
 30
0.0
 11
60.0
 21
141.5320602539077
 31
0.0
  0
LINE
  5
63F
330
630
100
AcDbEntity
  8
c_base
 62
     0
370
    -2
100
AcDbLine
 10
52.5
 20
140.2820602539077
 30
0.0
 11
57.5
 21
140.2820602539077
 31
0.0
  0
SOLID
  5
640
330
630
100
AcDbEntity
  8
c_base
 62
     0
100
AcDbTrace
 10
52.5
 20
140.6987269205744
 30
0.0
 11
52.5
 21
139.8653935872411
 31
0.0
 12
50.0
 22
140.2820602539077
 32
0.0
 13
50.0
 23
140.2820602539077
 33
0.0
  0
SOLID
  5
641
330
630
100
AcDbEntity
  8
c_base
 62
     0
100
AcDbTrace
 10
57.5
 20
140.6987269205744
 30
0.0
 11
57.5
 21
139.8653935872411
 31
0.0
 12
60.0
 22
140.2820602539077
 32
0.0
 13
60.0
 23
140.2820602539077
 33
0.0
  0
MTEXT
  5
642
330
630
100
AcDbEntity
  8
c_base
 62
     0
100
AcDbMText
 10
55.0
 20
142.1570602539077
 30
0.0
 40
2.5
 41
0.0
 71
     5
 72
     1
  1
10
 73
     1
 44
1.0
1001
ACAD
1000
MTEXTBEGIN
1070
    73
1070
     1
1070
    44
1040
1.0
1070
    74
1070
     0
1000
MTEXTEND
  0
POINT
  5
643
330
630
100
AcDbEntity
  8
Defpoints
 62
     0
100
AcDbPoint
 10
50.0
 20
110.0
 30
0.0
  0
POINT
  5
644
330
630
100
AcDbEntity
  8
Defpoints
 62
     0
100
AcDbPoint
 10
60.0
 20
110.0
 30
0.0
  0
POINT
  5
645
330
630
100
AcDbEntity
  8
Defpoints
 62
     0
100
AcDbPoint
 10
60.0
 20
140.2820602539077
 30
0.0
  0
ENDBLK
  5
63B
330
630
100
AcDbEntity
  8
0
100
AcDbBlockEnd
  0
BLOCK
  5
652
330
648
100
AcDbEntity
  8
0
100
AcDbBlockBegin
  2
*D10
 70
     1
 10
0.0
 20
0.0
 30
0.0
  3
*D10
  1

  0
LINE
  5
DC7
330
648
100
AcDbEntity
  8
c_base
 62
     0
370
    -2
100
AcDbLine
 10
60.0
 20
110.625
 30
0.0
 11
60.0
 21
141.5320602539077
 31
0.0
  0
LINE
  5
DC8
330
648
100
AcDbEntity
  8
c_base
 62
     0
370
    -2
100
AcDbLine
 10
70.0
 20
110.625
 30
0.0
 11
70.0
 21
141.5320602539077
 31
0.0
  0
LINE
  5
DC9
330
648
100
AcDbEntity
  8
c_base
 62
     0
370
    -2
100
AcDbLine
 10
62.5
 20
140.2820602539077
 30
0.0
 11
67.5
 21
140.2820602539077
 31
0.0
  0
SOLID
  5
DCA
330
648
100
AcDbEntity
  8
c_base
 62
     0
100
AcDbTrace
 10
62.5
 20
140.6987269205744
 30
0.0
 11
62.5
 21
139.8653935872411
 31
0.0
 12
60.0
 22
140.2820602539077
 32
0.0
 13
60.0
 23
140.2820602539077
 33
0.0
  0
SOLID
  5
DCB
330
648
100
AcDbEntity
  8
c_base
 62
     0
100
AcDbTrace
 10
67.5
 20
140.6987269205744
 30
0.0
 11
67.5
 21
139.8653935872411
 31
0.0
 12
70.0
 22
140.2820602539077
 32
0.0
 13
70.0
 23
140.2820602539077
 33
0.0
  0
MTEXT
  5
DCC
330
648
100
AcDbEntity
  8
c_base
 62
     0
100
AcDbMText
 10
65.0
 20
142.1570602539077
 30
0.0
 40
2.5
 41
0.0
 71
     5
 72
     1
  1
10
 73
     1
 44
1.0
1001
ACAD
1000
MTEXTBEGIN
1070
    73
1070
     1
1070
    44
1040
1.0
1070
    74
1070
     0
1000
MTEXTEND
  0
POINT
  5
DCD
330
648
100
AcDbEntity
  8
Defpoints
 62
     0
100
AcDbPoint
 10
60.0
 20
110.0
 30
0.0
  0
POINT
  5
DCE
330
648
100
AcDbEntity
  8
Defpoints
 62
     0
100
AcDbPoint
 10
70.0
 20
110.0
 30
0.0
  0
POINT
  5
DCF
330
648
100
AcDbEntity
  8
Defpoints
 62
     0
100
AcDbPoint
 10
70.0
 20
140.2820602539077
 30
0.0
  0
ENDBLK
  5
653
330
648
100
AcDbEntity
  8
0
100
AcDbBlockEnd
  0
BLOCK
  5
66A
330
660
100
AcDbEntity
  8
0
100
AcDbBlockBegin
  2
*D11
 70
     1
 10
0.0
 20
0.0
 30
0.0
  3
*D11
  1

  0
LINE
  5
66D
330
660
100
AcDbEntity
  8
c_base
 62
     0
370
    -2
100
AcDbLine
 10
74.375
 20
90.0
 30
0.0
 11
11.62974929193297
 21
90.00000000000001
 31
0.0
  0
LINE
  5
66E
330
660
100
AcDbEntity
  8
c_base
 62
     0
370
    -2
100
AcDbLine
 10
69.375
 20
50.0
 30
0.0
 11
11.62974929193296
 21
50.00000000000002
 31
0.0
  0
LINE
  5
66F
330
660
100
AcDbEntity
  8
c_base
 62
     0
370
    -2
100
AcDbLine
 10
12.87974929193297
 20
87.50000000000001
 30
0.0
 11
12.87974929193296
 21
52.50000000000001
 31
0.0
  0
SOLID
  5
670
330
660
100
AcDbEntity
  8
c_base
 62
     0
100
AcDbTrace
 10
12.4630826252663
 20
87.50000000000001
 30
0.0
 11
13.29641595859963
 21
87.50000000000001
 31
0.0
 12
12.87974929193297
 22
90.00000000000001
 32
0.0
 13
12.87974929193297
 23
90.00000000000001
 33
0.0
  0
SOLID
  5
671
330
660
100
AcDbEntity
  8
c_base
 62
     0
100
AcDbTrace
 10
12.46308262526629
 20
52.50000000000001
 30
0.0
 11
13.29641595859963
 21
52.50000000000001
 31
0.0
 12
12.87974929193296
 22
50.00000000000001
 32
0.0
 13
12.87974929193296
 23
50.00000000000001
 33
0.0
  0
MTEXT
  5
672
330
660
100
AcDbEntity
  8
c_base
 62
     0
100
AcDbMText
 10
11.00474929193295
 20
70.00000000000001
 30
0.0
 40
2.5
 41
0.0
 71
     5
 72
     1
  1
40
 11
0.0000000000000001
 21
1.0
 31
0.0
 73
     1
 44
1.0
1001
ACAD
1000
MTEXTBEGIN
1070
    73
1070
     1
1070
    44
1040
1.0
1070
    74
1070
     0
1000
MTEXTEND
  0
POINT
  5
673
330
660
100
AcDbEntity
  8
Defpoints
 62
     0
100
AcDbPoint
 10
75.0
 20
90.0
 30
0.0
  0
POINT
  5
674
330
660
100
AcDbEntity
  8
Defpoints
 62
     0
100
AcDbPoint
 10
70.0
 20
50.0
 30
0.0
  0
POINT
  5
675
330
660
100
AcDbEntity
  8
Defpoints
 62
     0
100
AcDbPoint
 10
12.87974929193296
 20
50.00000000000001
 30
0.0
  0
ENDBLK
  5
66B
330
660
100
AcDbEntity
  8
0
100
AcDbBlockEnd
  0
BLOCK
  5
682
330
678
100
AcDbEntity
  8
0
100
AcDbBlockBegin
  2
*D12
 70
     1
 10
0.0
 20
0.0
 30
0.0
  3
*D12
  1

  0
LINE
  5
685
330
678
100
AcDbEntity
  8
c_base
 62
     0
370
    -2
100
AcDbLine
 10
49.375
 20
70.0
 30
0.0
 11
26.78530365921597
 21
70.00000000000001
 31
0.0
  0
LINE
  5
686
330
678
100
AcDbEntity
  8
c_base
 62
     0
370
    -2
100
AcDbLine
 10
69.375
 20
50.0
 30
0.0
 11
26.78530365921597
 21
50.0
 31
0.0
  0
LINE
  5
687
330
678
100
AcDbEntity
  8
c_base
 62
     0
370
    -2
100
AcDbLine
 10
28.03530365921597
 20
67.50000000000001
 30
0.0
 11
28.03530365921597
 21
52.5
 31
0.0
  0
SOLID
  5
688
330
678
100
AcDbEntity
  8
c_base
 62
     0
100
AcDbTrace
 10
27.6186369925493
 20
67.50000000000001
 30
0.0
 11
28.45197032588264
 21
67.50000000000001
 31
0.0
 12
28.03530365921597
 22
70.00000000000001
 32
0.0
 13
28.03530365921597
 23
70.00000000000001
 33
0.0
  0
SOLID
  5
689
330
678
100
AcDbEntity
  8
c_base
 62
     0
100
AcDbTrace
 10
27.6186369925493
 20
52.5
 30
0.0
 11
28.45197032588263
 21
52.5
 31
0.0
 12
28.03530365921597
 22
50.0
 32
0.0
 13
28.03530365921597
 23
50.0
 33
0.0
  0
MTEXT
  5
68A
330
678
100
AcDbEntity
  8
c_base
 62
     0
100
AcDbMText
 10
26.16030365921596
 20
60.00000000000001
 30
0.0
 40
2.5
 41
0.0
 71
     5
 72
     1
  1
20
 11
0.0000000000000001
 21
1.0
 31
0.0
 73
     1
 44
1.0
1001
ACAD
1000
MTEXTBEGIN
1070
    73
1070
     1
1070
    44
1040
1.0
1070
    74
1070
     0
1000
MTEXTEND
  0
POINT
  5
68B
330
678
100
AcDbEntity
  8
Defpoints
 62
     0
100
AcDbPoint
 10
50.0
 20
70.0
 30
0.0
  0
POINT
  5
68C
330
678
100
AcDbEntity
  8
Defpoints
 62
     0
100
AcDbPoint
 10
70.0
 20
50.0
 30
0.0
  0
POINT
  5
68D
330
678
100
AcDbEntity
  8
Defpoints
 62
     0
100
AcDbPoint
 10
28.03530365921597
 20
50.0
 30
0.0
  0
ENDBLK
  5
683
330
678
100
AcDbEntity
  8
0
100
AcDbBlockEnd
  0
BLOCK
  5
69A
330
690
100
AcDbEntity
  8
0
100
AcDbBlockBegin
  2
*D13
 70
     1
 10
0.0
 20
0.0
 30
0.0
  3
*D13
  1

  0
LINE
  5
69D
330
690
100
AcDbEntity
  8
c_base
 62
     0
370
    -2
100
AcDbLine
 10
50.0
 20
69.375
 30
0.0
 11
50.0
 21
28.12292757628484
 31
0.0
  0
LINE
  5
69E
330
690
100
AcDbEntity
  8
c_base
 62
     0
370
    -2
100
AcDbLine
 10
70.0
 20
49.375
 30
0.0
 11
70.0
 21
28.12292757628484
 31
0.0
  0
LINE
  5
69F
330
690
100
AcDbEntity
  8
c_base
 62
     0
370
    -2
100
AcDbLine
 10
52.5
 20
29.37292757628484
 30
0.0
 11
67.5
 21
29.37292757628484
 31
0.0
  0
SOLID
  5
6A0
330
690
100
AcDbEntity
  8
c_base
 62
     0
100
AcDbTrace
 10
52.5
 20
29.78959424295151
 30
0.0
 11
52.5
 21
28.95626090961817
 31
0.0
 12
50.0
 22
29.37292757628484
 32
0.0
 13
50.0
 23
29.37292757628484
 33
0.0
  0
SOLID
  5
6A1
330
690
100
AcDbEntity
  8
c_base
 62
     0
100
AcDbTrace
 10
67.5
 20
29.78959424295151
 30
0.0
 11
67.5
 21
28.95626090961817
 31
0.0
 12
70.0
 22
29.37292757628484
 32
0.0
 13
70.0
 23
29.37292757628484
 33
0.0
  0
MTEXT
  5
6A2
330
690
100
AcDbEntity
  8
c_base
 62
     0
100
AcDbMText
 10
60.0
 20
31.24792757628484
 30
0.0
 40
2.5
 41
0.0
 71
     5
 72
     1
  1
20
 73
     1
 44
1.0
1001
ACAD
1000
MTEXTBEGIN
1070
    73
1070
     1
1070
    44
1040
1.0
1070
    74
1070
     0
1000
MTEXTEND
  0
POINT
  5
6A3
330
690
100
AcDbEntity
  8
Defpoints
 62
     0
100
AcDbPoint
 10
50.0
 20
70.0
 30
0.0
  0
POINT
  5
6A4
330
690
100
AcDbEntity
  8
Defpoints
 62
     0
100
AcDbPoint
 10
70.0
 20
50.0
 30
0.0
  0
POINT
  5
6A5
330
690
100
AcDbEntity
  8
Defpoints
 62
     0
100
AcDbPoint
 10
70.0
 20
29.37292757628484
 30
0.0
  0
ENDBLK
  5
69B
330
690
100
AcDbEntity
  8
0
100
AcDbBlockEnd
  0
BLOCK
  5
747
330
73D
100
AcDbEntity
  8
0
100
AcDbBlockBegin
  2
*D14
 70
     1
 10
0.0
 20
0.0
 30
0.0
  3
*D14
  1

  0
LINE
  5
74A
330
73D
100
AcDbEntity
  8
c_base
 62
     0
370
    -2
100
AcDbLine
 10
170.0
 20
49.375
 30
0.0
 11
170.0
 21
27.63787501201318
 31
0.0
  0
LINE
  5
74B
330
73D
100
AcDbEntity
  8
c_base
 62
     0
370
    -2
100
AcDbLine
 10
155.0
 20
49.375
 30
0.0
 11
155.0
 21
27.63787501201318
 31
0.0
  0
LINE
  5
74C
330
73D
100
AcDbEntity
  8
c_base
 62
     0
370
    -2
100
AcDbLine
 10
167.5
 20
28.88787501201318
 30
0.0
 11
157.5
 21
28.88787501201318
 31
0.0
  0
SOLID
  5
74D
330
73D
100
AcDbEntity
  8
c_base
 62
     0
100
AcDbTrace
 10
167.5
 20
29.30454167867985
 30
0.0
 11
167.5
 21
28.47120834534651
 31
0.0
 12
170.0
 22
28.88787501201318
 32
0.0
 13
170.0
 23
28.88787501201318
 33
0.0
  0
SOLID
  5
74E
330
73D
100
AcDbEntity
  8
c_base
 62
     0
100
AcDbTrace
 10
157.5
 20
29.30454167867985
 30
0.0
 11
157.5
 21
28.47120834534651
 31
0.0
 12
155.0
 22
28.88787501201318
 32
0.0
 13
155.0
 23
28.88787501201318
 33
0.0
  0
MTEXT
  5
74F
330
73D
100
AcDbEntity
  8
c_base
 62
     0
100
AcDbMText
 10
162.5
 20
30.76287501201318
 30
0.0
 40
2.5
 41
0.0
 71
     5
 72
     1
  1
15
 73
     1
 44
1.0
1001
ACAD
1000
MTEXTBEGIN
1070
    73
1070
     1
1070
    44
1040
1.0
1070
    74
1070
     0
1000
MTEXTEND
  0
POINT
  5
750
330
73D
100
AcDbEntity
  8
Defpoints
 62
     0
100
AcDbPoint
 10
170.0
 20
50.0
 30
0.0
  0
POINT
  5
751
330
73D
100
AcDbEntity
  8
Defpoints
 62
     0
100
AcDbPoint
 10
155.0
 20
50.0
 30
0.0
  0
POINT
  5
752
330
73D
100
AcDbEntity
  8
Defpoints
 62
     0
100
AcDbPoint
 10
155.0
 20
28.88787501201318
 30
0.0
  0
ENDBLK
  5
748
330
73D
100
AcDbEntity
  8
0
100
AcDbBlockEnd
  0
BLOCK
  5
75F
330
755
100
AcDbEntity
  8
0
100
AcDbBlockBegin
  2
*D15
 70
     1
 10
0.0
 20
0.0
 30
0.0
  3
*D15
  1

  0
LINE
  5
762
330
755
100
AcDbEntity
  8
c_base
 62
     0
370
    -2
100
AcDbLine
 10
155.0
 20
49.375
 30
0.0
 11
155.0
 21
27.63787501201318
 31
0.0
  0
LINE
  5
763
330
755
100
AcDbEntity
  8
c_base
 62
     0
370
    -2
100
AcDbLine
 10
130.0
 20
49.375
 30
0.0
 11
130.0
 21
27.63787501201318
 31
0.0
  0
LINE
  5
764
330
755
100
AcDbEntity
  8
c_base
 62
     0
370
    -2
100
AcDbLine
 10
152.5
 20
28.88787501201318
 30
0.0
 11
132.5
 21
28.88787501201318
 31
0.0
  0
SOLID
  5
765
330
755
100
AcDbEntity
  8
c_base
 62
     0
100
AcDbTrace
 10
152.5
 20
29.30454167867985
 30
0.0
 11
152.5
 21
28.47120834534651
 31
0.0
 12
155.0
 22
28.88787501201318
 32
0.0
 13
155.0
 23
28.88787501201318
 33
0.0
  0
SOLID
  5
766
330
755
100
AcDbEntity
  8
c_base
 62
     0
100
AcDbTrace
 10
132.5
 20
29.30454167867985
 30
0.0
 11
132.5
 21
28.47120834534651
 31
0.0
 12
130.0
 22
28.88787501201318
 32
0.0
 13
130.0
 23
28.88787501201318
 33
0.0
  0
MTEXT
  5
767
330
755
100
AcDbEntity
  8
c_base
 62
     0
100
AcDbMText
 10
142.5
 20
30.76287501201318
 30
0.0
 40
2.5
 41
0.0
 71
     5
 72
     1
  1
25
 73
     1
 44
1.0
1001
ACAD
1000
MTEXTBEGIN
1070
    73
1070
     1
1070
    44
1040
1.0
1070
    74
1070
     0
1000
MTEXTEND
  0
POINT
  5
768
330
755
100
AcDbEntity
  8
Defpoints
 62
     0
100
AcDbPoint
 10
155.0
 20
50.0
 30
0.0
  0
POINT
  5
769
330
755
100
AcDbEntity
  8
Defpoints
 62
     0
100
AcDbPoint
 10
130.0
 20
50.0
 30
0.0
  0
POINT
  5
76A
330
755
100
AcDbEntity
  8
Defpoints
 62
     0
100
AcDbPoint
 10
130.0
 20
28.88787501201318
 30
0.0
  0
ENDBLK
  5
760
330
755
100
AcDbEntity
  8
0
100
AcDbBlockEnd
  0
BLOCK
  5
777
330
76D
100
AcDbEntity
  8
0
100
AcDbBlockBegin
  2
*D16
 70
     1
 10
0.0
 20
0.0
 30
0.0
  3
*D16
  1

  0
LINE
  5
77A
330
76D
100
AcDbEntity
  8
c_base
 62
     0
370
    -2
100
AcDbLine
 10
130.0
 20
49.375
 30
0.0
 11
130.0
 21
27.63787501201318
 31
0.0
  0
LINE
  5
77B
330
76D
100
AcDbEntity
  8
c_base
 62
     0
370
    -2
100
AcDbLine
 10
115.0
 20
49.375
 30
0.0
 11
115.0
 21
27.63787501201318
 31
0.0
  0
LINE
  5
77C
330
76D
100
AcDbEntity
  8
c_base
 62
     0
370
    -2
100
AcDbLine
 10
127.5
 20
28.88787501201318
 30
0.0
 11
117.5
 21
28.88787501201318
 31
0.0
  0
SOLID
  5
77D
330
76D
100
AcDbEntity
  8
c_base
 62
     0
100
AcDbTrace
 10
127.5
 20
29.30454167867985
 30
0.0
 11
127.5
 21
28.47120834534651
 31
0.0
 12
130.0
 22
28.88787501201318
 32
0.0
 13
130.0
 23
28.88787501201318
 33
0.0
  0
SOLID
  5
77E
330
76D
100
AcDbEntity
  8
c_base
 62
     0
100
AcDbTrace
 10
117.5
 20
29.30454167867985
 30
0.0
 11
117.5
 21
28.47120834534651
 31
0.0
 12
115.0
 22
28.88787501201318
 32
0.0
 13
115.0
 23
28.88787501201318
 33
0.0
  0
MTEXT
  5
77F
330
76D
100
AcDbEntity
  8
c_base
 62
     0
100
AcDbMText
 10
122.5
 20
30.76287501201318
 30
0.0
 40
2.5
 41
0.0
 71
     5
 72
     1
  1
15
 73
     1
 44
1.0
1001
ACAD
1000
MTEXTBEGIN
1070
    73
1070
     1
1070
    44
1040
1.0
1070
    74
1070
     0
1000
MTEXTEND
  0
POINT
  5
780
330
76D
100
AcDbEntity
  8
Defpoints
 62
     0
100
AcDbPoint
 10
130.0
 20
50.0
 30
0.0
  0
POINT
  5
781
330
76D
100
AcDbEntity
  8
Defpoints
 62
     0
100
AcDbPoint
 10
115.0
 20
50.0
 30
0.0
  0
POINT
  5
782
330
76D
100
AcDbEntity
  8
Defpoints
 62
     0
100
AcDbPoint
 10
115.0
 20
28.88787501201318
 30
0.0
  0
ENDBLK
  5
778
330
76D
100
AcDbEntity
  8
0
100
AcDbBlockEnd
  0
BLOCK
  5
7A7
330
79D
100
AcDbEntity
  8
0
100
AcDbBlockBegin
  2
*D17
 70
     1
 10
0.0
 20
0.0
 30
0.0
  3
*D17
  1

  0
LINE
  5
7AA
330
79D
100
AcDbEntity
  8
c_base
 62
     0
370
    -2
100
AcDbLine
 10
69.375
 20
120.0
 30
0.0
 11
30.69229319165198
 21
120.0
 31
0.0
  0
LINE
  5
7AB
330
79D
100
AcDbEntity
  8
c_base
 62
     0
370
    -2
100
AcDbLine
 10
69.3750000000002
 20
130.0000000000002
 30
0.0
 11
30.69229319165198
 21
130.0000000000002
 31
0.0
  0
LINE
  5
7AC
330
79D
100
AcDbEntity
  8
c_base
 62
     0
370
    -2
100
AcDbLine
 10
31.94229319165198
 20
122.5
 30
0.0
 11
31.94229319165198
 21
127.5000000000002
 31
0.0
  0
SOLID
  5
7AD
330
79D
100
AcDbEntity
  8
c_base
 62
     0
100
AcDbTrace
 10
31.52562652498531
 20
122.5
 30
0.0
 11
32.35895985831864
 21
122.5
 31
0.0
 12
31.94229319165198
 22
120.0
 32
0.0
 13
31.94229319165198
 23
120.0
 33
0.0
  0
SOLID
  5
7AE
330
79D
100
AcDbEntity
  8
c_base
 62
     0
100
AcDbTrace
 10
31.52562652498531
 20
127.5000000000002
 30
0.0
 11
32.35895985831864
 21
127.5000000000002
 31
0.0
 12
31.94229319165198
 22
130.0000000000002
 32
0.0
 13
31.94229319165198
 23
130.0000000000002
 33
0.0
  0
MTEXT
  5
7AF
330
79D
100
AcDbEntity
  8
c_base
 62
     0
100
AcDbMText
 10
30.06729319165196
 20
125.0000000000001
 30
0.0
 40
2.5
 41
0.0
 71
     5
 72
     1
  1
10
 11
0.0000000000000001
 21
1.0
 31
0.0
 73
     1
 44
1.0
1001
ACAD
1000
MTEXTBEGIN
1070
    73
1070
     1
1070
    44
1040
1.0
1070
    74
1070
     0
1000
MTEXTEND
  0
POINT
  5
7B0
330
79D
100
AcDbEntity
  8
Defpoints
 62
     0
100
AcDbPoint
 10
70.0
 20
120.0
 30
0.0
  0
POINT
  5
7B1
330
79D
100
AcDbEntity
  8
Defpoints
 62
     0
100
AcDbPoint
 10
70.0000000000002
 20
130.0000000000002
 30
0.0
  0
POINT
  5
7B2
330
79D
100
AcDbEntity
  8
Defpoints
 62
     0
100
AcDbPoint
 10
31.94229319165198
 20
130.0000000000002
 30
0.0
  0
ENDBLK
  5
7A8
330
79D
100
AcDbEntity
  8
0
100
AcDbBlockEnd
  0
BLOCK
  5
7BF
330
7B5
100
AcDbEntity
  8
0
100
AcDbBlockBegin
  2
*D18
 70
     1
 10
0.0
 20
0.0
 30
0.0
  3
*D18
  1

  0
LINE
  5
DD0
330
7B5
100
AcDbEntity
  8
c_base
 62
     0
370
    -2
100
AcDbLine
 10
69.375
 20
110.0
 30
0.0
 11
30.48395985831864
 21
110.0
 31
0.0
  0
LINE
  5
DD1
330
7B5
100
AcDbEntity
  8
c_base
 62
     0
370
    -2
100
AcDbLine
 10
69.375
 20
120.0
 30
0.0
 11
30.48395985831864
 21
120.0
 31
0.0
  0
LINE
  5
DD2
330
7B5
100
AcDbEntity
  8
c_base
 62
     0
370
    -2
100
AcDbLine
 10
31.73395985831864
 20
112.5
 30
0.0
 11
31.73395985831864
 21
117.5
 31
0.0
  0
SOLID
  5
DD3
330
7B5
100
AcDbEntity
  8
c_base
 62
     0
100
AcDbTrace
 10
31.31729319165197
 20
112.5
 30
0.0
 11
32.15062652498531
 21
112.5
 31
0.0
 12
31.73395985831864
 22
110.0
 32
0.0
 13
31.73395985831864
 23
110.0
 33
0.0
  0
SOLID
  5
DD4
330
7B5
100
AcDbEntity
  8
c_base
 62
     0
100
AcDbTrace
 10
31.31729319165197
 20
117.5
 30
0.0
 11
32.15062652498531
 21
117.5
 31
0.0
 12
31.73395985831864
 22
120.0
 32
0.0
 13
31.73395985831864
 23
120.0
 33
0.0
  0
MTEXT
  5
DD5
330
7B5
100
AcDbEntity
  8
c_base
 62
     0
100
AcDbMText
 10
29.85895985831862
 20
115.0
 30
0.0
 40
2.5
 41
0.0
 71
     5
 72
     1
  1
10
 11
0.0000000000000001
 21
1.0
 31
0.0
 73
     1
 44
1.0
1001
ACAD
1000
MTEXTBEGIN
1070
    73
1070
     1
1070
    44
1040
1.0
1070
    74
1070
     0
1000
MTEXTEND
  0
POINT
  5
DD6
330
7B5
100
AcDbEntity
  8
Defpoints
 62
     0
100
AcDbPoint
 10
70.0
 20
110.0
 30
0.0
  0
POINT
  5
DD7
330
7B5
100
AcDbEntity
  8
Defpoints
 62
     0
100
AcDbPoint
 10
70.0
 20
120.0
 30
0.0
  0
POINT
  5
DD8
330
7B5
100
AcDbEntity
  8
Defpoints
 62
     0
100
AcDbPoint
 10
31.73395985831864
 20
120.0
 30
0.0
  0
ENDBLK
  5
7C0
330
7B5
100
AcDbEntity
  8
0
100
AcDbBlockEnd
  0
BLOCK
  5
84F
330
845
100
AcDbEntity
  8
0
100
AcDbBlockBegin
  2
*D19
 70
     1
 10
0.0
 20
0.0
 30
0.0
  3
*D19
  1

  0
LINE
  5
852
330
845
100
AcDbEntity
  8
c_base
 62
     0
370
    -2
100
AcDbLine
 10
75.0
 20
89.375
 30
0.0
 11
75.0
 21
11.92447746301332
 31
0.0
  0
LINE
  5
853
330
845
100
AcDbEntity
  8
c_base
 62
     0
370
    -2
100
AcDbLine
 10
50.0
 20
69.375
 30
0.0
 11
50.0
 21
11.92447746301332
 31
0.0
  0
LINE
  5
854
330
845
100
AcDbEntity
  8
c_base
 62
     0
370
    -2
100
AcDbLine
 10
72.5
 20
13.17447746301332
 30
0.0
 11
52.5
 21
13.17447746301332
 31
0.0
  0
SOLID
  5
855
330
845
100
AcDbEntity
  8
c_base
 62
     0
100
AcDbTrace
 10
72.5
 20
13.59114412967998
 30
0.0
 11
72.5
 21
12.75781079634665
 31
0.0
 12
75.0
 22
13.17447746301332
 32
0.0
 13
75.0
 23
13.17447746301332
 33
0.0
  0
SOLID
  5
856
330
845
100
AcDbEntity
  8
c_base
 62
     0
100
AcDbTrace
 10
52.5
 20
13.59114412967998
 30
0.0
 11
52.5
 21
12.75781079634665
 31
0.0
 12
50.0
 22
13.17447746301332
 32
0.0
 13
50.0
 23
13.17447746301332
 33
0.0
  0
MTEXT
  5
857
330
845
100
AcDbEntity
  8
c_base
 62
     0
100
AcDbMText
 10
62.5
 20
15.04947746301332
 30
0.0
 40
2.5
 41
0.0
 71
     5
 72
     1
  1
25
 73
     1
 44
1.0
1001
ACAD
1000
MTEXTBEGIN
1070
    73
1070
     1
1070
    44
1040
1.0
1070
    74
1070
     0
1000
MTEXTEND
  0
POINT
  5
858
330
845
100
AcDbEntity
  8
Defpoints
 62
     0
100
AcDbPoint
 10
75.0
 20
90.0
 30
0.0
  0
POINT
  5
859
330
845
100
AcDbEntity
  8
Defpoints
 62
     0
100
AcDbPoint
 10
50.0
 20
70.0
 30
0.0
  0
POINT
  5
85A
330
845
100
AcDbEntity
  8
Defpoints
 62
     0
100
AcDbPoint
 10
50.0
 20
13.17447746301332
 30
0.0
  0
ENDBLK
  5
850
330
845
100
AcDbEntity
  8
0
100
AcDbBlockEnd
  0
BLOCK
  5
881
330
877
100
AcDbEntity
  8
0
100
AcDbBlockBegin
  2
*D20
 70
     1
 10
0.0
 20
0.0
 30
0.0
  3
*D20
  1

  0
LINE
  5
884
330
877
100
AcDbEntity
  8
c_base
 62
     0
370
    -2
100
AcDbLine
 10
91.5
 20
120.125
 30
0.0
 11
91.5
 21
141.0945486340033
 31
0.0
  0
LINE
  5
885
330
877
100
AcDbEntity
  8
c_base
 62
     0
370
    -2
100
AcDbLine
 10
70.0000000000002
 20
130.6250000000002
 30
0.0
 11
70.0000000000002
 21
141.0945486340033
 31
0.0
  0
LINE
  5
886
330
877
100
AcDbEntity
  8
c_base
 62
     0
370
    -2
100
AcDbLine
 10
89.0
 20
139.8445486340033
 30
0.0
 11
72.5000000000002
 21
139.8445486340033
 31
0.0
  0
SOLID
  5
887
330
877
100
AcDbEntity
  8
c_base
 62
     0
100
AcDbTrace
 10
89.0
 20
140.26121530067
 30
0.0
 11
89.0
 21
139.4278819673367
 31
0.0
 12
91.5
 22
139.8445486340033
 32
0.0
 13
91.5
 23
139.8445486340033
 33
0.0
  0
SOLID
  5
888
330
877
100
AcDbEntity
  8
c_base
 62
     0
100
AcDbTrace
 10
72.5000000000002
 20
140.26121530067
 30
0.0
 11
72.5000000000002
 21
139.4278819673367
 31
0.0
 12
70.0000000000002
 22
139.8445486340033
 32
0.0
 13
70.0000000000002
 23
139.8445486340033
 33
0.0
  0
MTEXT
  5
889
330
877
100
AcDbEntity
  8
c_base
 62
     0
100
AcDbMText
 10
80.75000000000009
 20
141.9278819673366
 30
0.0
 40
2.5
 41
0.0
 71
     5
 72
     1
  1
21,5
 73
     1
 44
1.0
1001
ACAD
1000
MTEXTBEGIN
1070
    73
1070
     1
1070
    44
1040
1.0
1070
    74
1070
     0
1000
MTEXTEND
  0
POINT
  5
88A
330
877
100
AcDbEntity
  8
Defpoints
 62
     0
100
AcDbPoint
 10
91.5
 20
119.5
 30
0.0
  0
POINT
  5
88B
330
877
100
AcDbEntity
  8
Defpoints
 62
     0
100
AcDbPoint
 10
70.0000000000002
 20
130.0000000000002
 30
0.0
  0
POINT
  5
88C
330
877
100
AcDbEntity
  8
Defpoints
 62
     0
100
AcDbPoint
 10
70.0000000000002
 20
139.8445486340033
 30
0.0
  0
ENDBLK
  5
882
330
877
100
AcDbEntity
  8
0
100
AcDbBlockEnd
  0
BLOCK
  5
949
330
93F
100
AcDbEntity
  8
0
100
AcDbBlockBegin
  2
*D21
 70
     1
 10
0.0
 20
0.0
 30
0.0
  3
*D21
  1

  0
LINE
  5
94C
330
93F
100
AcDbEntity
  8
c_base
 62
     0
370
    -2
100
AcDbLine
 10
167.5
 20
120.1249999999999
 30
0.0
 11
167.5
 21
120.75
 31
0.0
  0
LINE
  5
94D
330
93F
100
AcDbEntity
  8
c_base
 62
     0
370
    -2
100
AcDbLine
 10
91.5
 20
120.125
 30
0.0
 11
91.5
 21
120.75
 31
0.0
  0
LINE
  5
94E
330
93F
100
AcDbEntity
  8
c_base
 62
     0
370
    -2
100
AcDbLine
 10
165.0
 20
119.5
 30
0.0
 11
94.0
 21
119.5
 31
0.0
  0
SOLID
  5
94F
330
93F
100
AcDbEntity
  8
c_base
 62
     0
100
AcDbTrace
 10
165.0
 20
119.9166666666666
 30
0.0
 11
165.0
 21
119.0833333333333
 31
0.0
 12
167.5
 22
119.5
 32
0.0
 13
167.5
 23
119.5
 33
0.0
  0
SOLID
  5
950
330
93F
100
AcDbEntity
  8
c_base
 62
     0
100
AcDbTrace
 10
94.0
 20
119.9166666666666
 30
0.0
 11
94.0
 21
119.0833333333333
 31
0.0
 12
91.5
 22
119.5
 32
0.0
 13
91.5
 23
119.5
 33
0.0
  0
MTEXT
  5
951
330
93F
100
AcDbEntity
  8
c_base
 62
     0
100
AcDbMText
 10
129.5
 20
121.375
 30
0.0
 40
2.5
 41
0.0
 71
     5
 72
     1
  1
76
 73
     1
 44
1.0
1001
ACAD
1000
MTEXTBEGIN
1070
    73
1070
     1
1070
    44
1040
1.0
1070
    74
1070
     0
1000
MTEXTEND
  0
POINT
  5
952
330
93F
100
AcDbEntity
  8
Defpoints
 62
     0
100
AcDbPoint
 10
167.5
 20
119.5
 30
0.0
  0
POINT
  5
953
330
93F
100
AcDbEntity
  8
Defpoints
 62
     0
100
AcDbPoint
 10
91.5
 20
119.5
 30
0.0
  0
POINT
  5
954
330
93F
100
AcDbEntity
  8
Defpoints
 62
     0
100
AcDbPoint
 10
91.5
 20
119.5
 30
0.0
  0
ENDBLK
  5
94A
330
93F
100
AcDbEntity
  8
0
100
AcDbBlockEnd
  0
BLOCK
  5
961
330
957
100
AcDbEntity
  8
0
100
AcDbBlockBegin
  2
*D22
 70
     1
 10
0.0
 20
0.0
 30
0.0
  3
*D22
  1

  0
LINE
  5
964
330
957
100
AcDbEntity
  8
c_base
 62
     0
370
    -2
100
AcDbLine
 10
166.875
 20
60.5
 30
0.0
 11
90.22540869526345
 21
60.50000000000002
 31
0.0
  0
LINE
  5
965
330
957
100
AcDbEntity
  8
c_base
 62
     0
370
    -2
100
AcDbLine
 10
90.875
 20
119.5
 30
0.0
 11
90.22540869526347
 21
119.5
 31
0.0
  0
LINE
  5
966
330
957
100
AcDbEntity
  8
c_base
 62
     0
370
    -2
100
AcDbLine
 10
91.47540869526345
 20
63.00000000000002
 30
0.0
 11
91.47540869526347
 21
117.0
 31
0.0
  0
SOLID
  5
967
330
957
100
AcDbEntity
  8
c_base
 62
     0
100
AcDbTrace
 10
91.05874202859679
 20
63.00000000000002
 30
0.0
 11
91.89207536193013
 21
63.00000000000002
 31
0.0
 12
91.47540869526345
 22
60.50000000000002
 32
0.0
 13
91.47540869526345
 23
60.50000000000002
 33
0.0
  0
SOLID
  5
968
330
957
100
AcDbEntity
  8
c_base
 62
     0
100
AcDbTrace
 10
91.05874202859679
 20
117.0
 30
0.0
 11
91.89207536193015
 21
117.0
 31
0.0
 12
91.47540869526347
 22
119.5
 32
0.0
 13
91.47540869526347
 23
119.5
 33
0.0
  0
MTEXT
  5
969
330
957
100
AcDbEntity
  8
c_base
 62
     0
100
AcDbMText
 10
89.60040869526343
 20
90.00000000000003
 30
0.0
 40
2.5
 41
0.0
 71
     5
 72
     1
  1
59
 11
0.0000000000000001
 21
1.0
 31
0.0
 73
     1
 44
1.0
1001
ACAD
1000
MTEXTBEGIN
1070
    73
1070
     1
1070
    44
1040
1.0
1070
    74
1070
     0
1000
MTEXTEND
  0
POINT
  5
96A
330
957
100
AcDbEntity
  8
Defpoints
 62
     0
100
AcDbPoint
 10
167.5
 20
60.5
 30
0.0
  0
POINT
  5
96B
330
957
100
AcDbEntity
  8
Defpoints
 62
     0
100
AcDbPoint
 10
91.5
 20
119.5
 30
0.0
  0
POINT
  5
96C
330
957
100
AcDbEntity
  8
Defpoints
 62
     0
100
AcDbPoint
 10
91.47540869526347
 20
119.5
 30
0.0
  0
ENDBLK
  5
962
330
957
100
AcDbEntity
  8
0
100
AcDbBlockEnd
  0
BLOCK
  5
97E
330
972
100
AcDbEntity
  8
0
100
AcDbBlockBegin
  2
*D23
 70
     1
 10
0.0
 20
0.0
 30
0.0
  3
*D23
  1

  0
LINE
  5
1379
330
972
100
AcDbEntity
  8
c_lateral
 62
     0
370
    -2
100
AcDbLine
 10
105.0
 20
-14.72043616099859
 30
0.0
 11
105.0
 21
-28.49190311708026
 31
0.0
  0
LINE
  5
137A
330
972
100
AcDbEntity
  8
c_lateral
 62
     0
370
    -2
100
AcDbLine
 10
110.0
 20
-19.72043616099859
 30
0.0
 11
110.0
 21
-28.49190311708026
 31
0.0
  0
LINE
  5
137B
330
972
100
AcDbEntity
  8
c_lateral
 62
     0
370
    -2
100
AcDbLine
 10
102.5
 20
-27.24190311708026
 30
0.0
 11
100.0
 21
-27.24190311708026
 31
0.0
  0
LINE
  5
137C
330
972
100
AcDbEntity
  8
c_lateral
 62
     0
370
    -2
100
AcDbLine
 10
112.5
 20
-27.24190311708026
 30
0.0
 11
115.0
 21
-27.24190311708026
 31
0.0
  0
LINE
  5
137D
330
972
100
AcDbEntity
  8
c_lateral
 62
     0
370
    -2
100
AcDbLine
 10
105.0
 20
-27.24190311708026
 30
0.0
 11
110.0
 21
-27.24190311708026
 31
0.0
  0
SOLID
  5
137E
330
972
100
AcDbEntity
  8
c_lateral
 62
     0
100
AcDbTrace
 10
102.5
 20
-26.82523645041359
 30
0.0
 11
102.5
 21
-27.65856978374693
 31
0.0
 12
105.0
 22
-27.24190311708026
 32
0.0
 13
105.0
 23
-27.24190311708026
 33
0.0
  0
SOLID
  5
137F
330
972
100
AcDbEntity
  8
c_lateral
 62
     0
100
AcDbTrace
 10
112.5
 20
-26.82523645041359
 30
0.0
 11
112.5
 21
-27.65856978374693
 31
0.0
 12
110.0
 22
-27.24190311708026
 32
0.0
 13
110.0
 23
-27.24190311708026
 33
0.0
  0
MTEXT
  5
1380
330
972
100
AcDbEntity
  8
c_lateral
 62
     0
100
AcDbMText
 10
107.5
 20
-25.36690311708026
 30
0.0
 40
2.5
 41
0.0
 71
     5
 72
     1
  1
5
 73
     1
 44
1.0
1001
ACAD
1000
MTEXTBEGIN
1070
    73
1070
     1
1070
    44
1040
1.0
1070
    74
1070
     0
1000
MTEXTEND
  0
POINT
  5
1381
330
972
100
AcDbEntity
  8
Defpoints
 62
     0
100
AcDbPoint
 10
105.0
 20
-14.09543616099859
 30
0.0
  0
POINT
  5
1382
330
972
100
AcDbEntity
  8
Defpoints
 62
     0
100
AcDbPoint
 10
110.0
 20
-19.09543616099859
 30
0.0
  0
POINT
  5
1383
330
972
100
AcDbEntity
  8
Defpoints
 62
     0
100
AcDbPoint
 10
110.0
 20
-27.24190311708026
 30
0.0
  0
ENDBLK
  5
97F
330
972
100
AcDbEntity
  8
0
100
AcDbBlockEnd
  0
BLOCK
  5
998
330
98E
100
AcDbEntity
  8
0
100
AcDbBlockBegin
  2
*D24
 70
     1
 10
0.0
 20
0.0
 30
0.0
  3
*D24
  1

  0
LINE
  5
1384
330
98E
100
AcDbEntity
  8
c_lateral
 62
     0
370
    -2
100
AcDbLine
 10
110.0
 20
-19.72043616099859
 30
0.0
 11
110.0
 21
-28.52424625151207
 31
0.0
  0
LINE
  5
1385
330
98E
100
AcDbEntity
  8
c_lateral
 62
     0
370
    -2
100
AcDbLine
 10
125.0
 20
-19.72043616099859
 30
0.0
 11
125.0
 21
-28.52424625151207
 31
0.0
  0
LINE
  5
1386
330
98E
100
AcDbEntity
  8
c_lateral
 62
     0
370
    -2
100
AcDbLine
 10
112.5
 20
-27.27424625151207
 30
0.0
 11
122.5
 21
-27.27424625151207
 31
0.0
  0
SOLID
  5
1387
330
98E
100
AcDbEntity
  8
c_lateral
 62
     0
100
AcDbTrace
 10
112.5
 20
-26.8575795848454
 30
0.0
 11
112.5
 21
-27.69091291817874
 31
0.0
 12
110.0
 22
-27.27424625151207
 32
0.0
 13
110.0
 23
-27.27424625151207
 33
0.0
  0
SOLID
  5
1388
330
98E
100
AcDbEntity
  8
c_lateral
 62
     0
100
AcDbTrace
 10
122.5
 20
-26.8575795848454
 30
0.0
 11
122.5
 21
-27.69091291817874
 31
0.0
 12
125.0
 22
-27.27424625151207
 32
0.0
 13
125.0
 23
-27.27424625151207
 33
0.0
  0
MTEXT
  5
1389
330
98E
100
AcDbEntity
  8
c_lateral
 62
     0
100
AcDbMText
 10
117.5
 20
-25.39924625151207
 30
0.0
 40
2.5
 41
0.0
 71
     5
 72
     1
  1
15
 73
     1
 44
1.0
1001
ACAD
1000
MTEXTBEGIN
1070
    73
1070
     1
1070
    44
1040
1.0
1070
    74
1070
     0
1000
MTEXTEND
  0
POINT
  5
138A
330
98E
100
AcDbEntity
  8
Defpoints
 62
     0
100
AcDbPoint
 10
110.0
 20
-19.09543616099859
 30
0.0
  0
POINT
  5
138B
330
98E
100
AcDbEntity
  8
Defpoints
 62
     0
100
AcDbPoint
 10
125.0
 20
-19.09543616099859
 30
0.0
  0
POINT
  5
138C
330
98E
100
AcDbEntity
  8
Defpoints
 62
     0
100
AcDbPoint
 10
125.0
 20
-27.27424625151207
 30
0.0
  0
ENDBLK
  5
999
330
98E
100
AcDbEntity
  8
0
100
AcDbBlockEnd
  0
BLOCK
  5
9B0
330
9A6
100
AcDbEntity
  8
0
100
AcDbBlockBegin
  2
*D25
 70
     1
 10
0.0
 20
0.0
 30
0.0
  3
*D25
  1

  0
LINE
  5
138D
330
9A6
100
AcDbEntity
  8
c_lateral
 62
     0
370
    -2
100
AcDbLine
 10
125.0
 20
-19.72043616099859
 30
0.0
 11
125.0
 21
-28.52424625151207
 31
0.0
  0
LINE
  5
138E
330
9A6
100
AcDbEntity
  8
c_lateral
 62
     0
370
    -2
100
AcDbLine
 10
165.0
 20
-19.72043616099859
 30
0.0
 11
165.0
 21
-28.52424625151207
 31
0.0
  0
LINE
  5
138F
330
9A6
100
AcDbEntity
  8
c_lateral
 62
     0
370
    -2
100
AcDbLine
 10
127.5
 20
-27.27424625151207
 30
0.0
 11
162.5
 21
-27.27424625151207
 31
0.0
  0
SOLID
  5
1390
330
9A6
100
AcDbEntity
  8
c_lateral
 62
     0
100
AcDbTrace
 10
127.5
 20
-26.8575795848454
 30
0.0
 11
127.5
 21
-27.69091291817874
 31
0.0
 12
125.0
 22
-27.27424625151207
 32
0.0
 13
125.0
 23
-27.27424625151207
 33
0.0
  0
SOLID
  5
1391
330
9A6
100
AcDbEntity
  8
c_lateral
 62
     0
100
AcDbTrace
 10
162.5
 20
-26.8575795848454
 30
0.0
 11
162.5
 21
-27.69091291817874
 31
0.0
 12
165.0
 22
-27.27424625151207
 32
0.0
 13
165.0
 23
-27.27424625151207
 33
0.0
  0
MTEXT
  5
1392
330
9A6
100
AcDbEntity
  8
c_lateral
 62
     0
100
AcDbMText
 10
145.0
 20
-25.39924625151207
 30
0.0
 40
2.5
 41
0.0
 71
     5
 72
     1
  1
40
 73
     1
 44
1.0
1001
ACAD
1000
MTEXTBEGIN
1070
    73
1070
     1
1070
    44
1040
1.0
1070
    74
1070
     0
1000
MTEXTEND
  0
POINT
  5
1393
330
9A6
100
AcDbEntity
  8
Defpoints
 62
     0
100
AcDbPoint
 10
125.0
 20
-19.09543616099859
 30
0.0
  0
POINT
  5
1394
330
9A6
100
AcDbEntity
  8
Defpoints
 62
     0
100
AcDbPoint
 10
165.0
 20
-19.09543616099859
 30
0.0
  0
POINT
  5
1395
330
9A6
100
AcDbEntity
  8
Defpoints
 62
     0
100
AcDbPoint
 10
165.0
 20
-27.27424625151207
 30
0.0
  0
ENDBLK
  5
9B1
330
9A6
100
AcDbEntity
  8
0
100
AcDbBlockEnd
  0
BLOCK
  5
9C8
330
9BE
100
AcDbEntity
  8
0
100
AcDbBlockBegin
  2
*D26
 70
     1
 10
0.0
 20
0.0
 30
0.0
  3
*D26
  1

  0
LINE
  5
1396
330
9BE
100
AcDbEntity
  8
c_lateral
 62
     0
370
    -2
100
AcDbLine
 10
165.0
 20
-19.72043616099859
 30
0.0
 11
165.0
 21
-28.52424625151207
 31
0.0
  0
LINE
  5
1397
330
9BE
100
AcDbEntity
  8
c_lateral
 62
     0
370
    -2
100
AcDbLine
 10
177.0
 20
-9.720436160998588
 30
0.0
 11
177.0
 21
-28.52424625151207
 31
0.0
  0
LINE
  5
1398
330
9BE
100
AcDbEntity
  8
c_lateral
 62
     0
370
    -2
100
AcDbLine
 10
167.5
 20
-27.27424625151207
 30
0.0
 11
174.5
 21
-27.27424625151207
 31
0.0
  0
SOLID
  5
1399
330
9BE
100
AcDbEntity
  8
c_lateral
 62
     0
100
AcDbTrace
 10
167.5
 20
-26.8575795848454
 30
0.0
 11
167.5
 21
-27.69091291817874
 31
0.0
 12
165.0
 22
-27.27424625151207
 32
0.0
 13
165.0
 23
-27.27424625151207
 33
0.0
  0
SOLID
  5
139A
330
9BE
100
AcDbEntity
  8
c_lateral
 62
     0
100
AcDbTrace
 10
174.5
 20
-26.8575795848454
 30
0.0
 11
174.5
 21
-27.69091291817874
 31
0.0
 12
177.0
 22
-27.27424625151207
 32
0.0
 13
177.0
 23
-27.27424625151207
 33
0.0
  0
MTEXT
  5
139B
330
9BE
100
AcDbEntity
  8
c_lateral
 62
     0
100
AcDbMText
 10
171.0
 20
-25.39924625151207
 30
0.0
 40
2.5
 41
0.0
 71
     5
 72
     1
  1
12
 73
     1
 44
1.0
1001
ACAD
1000
MTEXTBEGIN
1070
    73
1070
     1
1070
    44
1040
1.0
1070
    74
1070
     0
1000
MTEXTEND
  0
POINT
  5
139C
330
9BE
100
AcDbEntity
  8
Defpoints
 62
     0
100
AcDbPoint
 10
165.0
 20
-19.09543616099859
 30
0.0
  0
POINT
  5
139D
330
9BE
100
AcDbEntity
  8
Defpoints
 62
     0
100
AcDbPoint
 10
177.0
 20
-9.095436160998588
 30
0.0
  0
POINT
  5
139E
330
9BE
100
AcDbEntity
  8
Defpoints
 62
     0
100
AcDbPoint
 10
177.0
 20
-27.27424625151207
 30
0.0
  0
ENDBLK
  5
9C9
330
9BE
100
AcDbEntity
  8
0
100
AcDbBlockEnd
  0
BLOCK
  5
9E2
330
9D6
100
AcDbEntity
  8
0
100
AcDbBlockBegin
  2
*D27
 70
     1
 10
0.0
 20
0.0
 30
0.0
  3
*D27
  1

  0
LINE
  5
139F
330
9D6
100
AcDbEntity
  8
c_lateral
 62
     0
370
    -2
100
AcDbLine
 10
177.0
 20
-9.720436160998588
 30
0.0
 11
177.0
 21
-28.65199960854238
 31
0.0
  0
LINE
  5
13A0
330
9D6
100
AcDbEntity
  8
c_lateral
 62
     0
370
    -2
100
AcDbLine
 10
180.0
 20
-19.72043616099859
 30
0.0
 11
180.0
 21
-28.65199960854238
 31
0.0
  0
LINE
  5
13A1
330
9D6
100
AcDbEntity
  8
c_lateral
 62
     0
370
    -2
100
AcDbLine
 10
174.5
 20
-27.40199960854238
 30
0.0
 11
172.0
 21
-27.40199960854238
 31
0.0
  0
LINE
  5
13A2
330
9D6
100
AcDbEntity
  8
c_lateral
 62
     0
370
    -2
100
AcDbLine
 10
182.5
 20
-27.40199960854238
 30
0.0
 11
185.0
 21
-27.40199960854238
 31
0.0
  0
LINE
  5
13A3
330
9D6
100
AcDbEntity
  8
c_lateral
 62
     0
370
    -2
100
AcDbLine
 10
177.0
 20
-27.40199960854238
 30
0.0
 11
180.0
 21
-27.40199960854238
 31
0.0
  0
SOLID
  5
13A4
330
9D6
100
AcDbEntity
  8
c_lateral
 62
     0
100
AcDbTrace
 10
174.5
 20
-26.98533294187571
 30
0.0
 11
174.5
 21
-27.81866627520905
 31
0.0
 12
177.0
 22
-27.40199960854238
 32
0.0
 13
177.0
 23
-27.40199960854238
 33
0.0
  0
SOLID
  5
13A5
330
9D6
100
AcDbEntity
  8
c_lateral
 62
     0
100
AcDbTrace
 10
182.5
 20
-26.98533294187571
 30
0.0
 11
182.5
 21
-27.81866627520905
 31
0.0
 12
180.0
 22
-27.40199960854238
 32
0.0
 13
180.0
 23
-27.40199960854238
 33
0.0
  0
MTEXT
  5
13A6
330
9D6
100
AcDbEntity
  8
c_lateral
 62
     0
100
AcDbMText
 10
178.5
 20
-25.52699960854238
 30
0.0
 40
2.5
 41
0.0
 71
     5
 72
     1
  1
3
 73
     1
 44
1.0
1001
ACAD
1000
MTEXTBEGIN
1070
    73
1070
     1
1070
    44
1040
1.0
1070
    74
1070
     0
1000
MTEXTEND
  0
POINT
  5
13A7
330
9D6
100
AcDbEntity
  8
Defpoints
 62
     0
100
AcDbPoint
 10
177.0
 20
-9.095436160998588
 30
0.0
  0
POINT
  5
13A8
330
9D6
100
AcDbEntity
  8
Defpoints
 62
     0
100
AcDbPoint
 10
180.0
 20
-19.09543616099859
 30
0.0
  0
POINT
  5
13A9
330
9D6
100
AcDbEntity
  8
Defpoints
 62
     0
100
AcDbPoint
 10
180.0
 20
-27.40199960854238
 30
0.0
  0
ENDBLK
  5
9E3
330
9D6
100
AcDbEntity
  8
0
100
AcDbBlockEnd
  0
BLOCK
  5
9FE
330
9F2
100
AcDbEntity
  8
0
100
AcDbBlockBegin
  2
*D28
 70
     1
 10
0.0
 20
0.0
 30
0.0
  3
*D28
  1

  0
LINE
  5
13AA
330
9F2
100
AcDbEntity
  8
c_lateral
 62
     0
370
    -2
100
AcDbLine
 10
109.375
 20
-19.09543616099859
 30
0.0
 11
92.90773466623068
 21
-19.09543616099858
 31
0.0
  0
LINE
  5
13AB
330
9F2
100
AcDbEntity
  8
c_lateral
 62
     0
370
    -2
100
AcDbLine
 10
104.375
 20
-14.09543616099859
 30
0.0
 11
92.90773466623068
 21
-14.09543616099858
 31
0.0
  0
LINE
  5
13AC
330
9F2
100
AcDbEntity
  8
c_lateral
 62
     0
370
    -2
100
AcDbLine
 10
94.15773466623068
 20
-21.59543616099858
 30
0.0
 11
94.15773466623068
 21
-24.09543616099858
 31
0.0
  0
LINE
  5
13AD
330
9F2
100
AcDbEntity
  8
c_lateral
 62
     0
370
    -2
100
AcDbLine
 10
94.15773466623068
 20
-11.59543616099858
 30
0.0
 11
94.15773466623068
 21
-9.095436160998586
 31
0.0
  0
LINE
  5
13AE
330
9F2
100
AcDbEntity
  8
c_lateral
 62
     0
370
    -2
100
AcDbLine
 10
94.15773466623068
 20
-19.09543616099858
 30
0.0
 11
94.15773466623068
 21
-14.09543616099858
 31
0.0
  0
SOLID
  5
13AF
330
9F2
100
AcDbEntity
  8
c_lateral
 62
     0
100
AcDbTrace
 10
93.741067999564
 20
-21.59543616099858
 30
0.0
 11
94.57440133289734
 21
-21.59543616099858
 31
0.0
 12
94.15773466623068
 22
-19.09543616099858
 32
0.0
 13
94.15773466623068
 23
-19.09543616099858
 33
0.0
  0
SOLID
  5
13B0
330
9F2
100
AcDbEntity
  8
c_lateral
 62
     0
100
AcDbTrace
 10
93.741067999564
 20
-11.59543616099858
 30
0.0
 11
94.57440133289734
 21
-11.59543616099858
 31
0.0
 12
94.15773466623068
 22
-14.09543616099858
 32
0.0
 13
94.15773466623068
 23
-14.09543616099858
 33
0.0
  0
MTEXT
  5
13B1
330
9F2
100
AcDbEntity
  8
c_lateral
 62
     0
100
AcDbMText
 10
92.28273466623068
 20
-16.59543616099857
 30
0.0
 40
2.5
 41
0.0
 71
     5
 72
     1
  1
5
 11
0.0000000000000001
 21
1.0
 31
0.0
 73
     1
 44
1.0
1001
ACAD
1000
MTEXTBEGIN
1070
    73
1070
     1
1070
    44
1040
1.0
1070
    74
1070
     0
1000
MTEXTEND
  0
POINT
  5
13B2
330
9F2
100
AcDbEntity
  8
Defpoints
 62
     0
100
AcDbPoint
 10
110.0
 20
-19.09543616099859
 30
0.0
  0
POINT
  5
13B3
330
9F2
100
AcDbEntity
  8
Defpoints
 62
     0
100
AcDbPoint
 10
105.0
 20
-14.09543616099859
 30
0.0
  0
POINT
  5
13B4
330
9F2
100
AcDbEntity
  8
Defpoints
 62
     0
100
AcDbPoint
 10
94.15773466623068
 20
-14.09543616099858
 30
0.0
  0
ENDBLK
  5
9FF
330
9F2
100
AcDbEntity
  8
0
100
AcDbBlockEnd
  0
BLOCK
  5
A18
330
A0E
100
AcDbEntity
  8
0
100
AcDbBlockBegin
  2
*D29
 70
     1
 10
0.0
 20
0.0
 30
0.0
  3
*D29
  1

  0
LINE
  5
13B5
330
A0E
100
AcDbEntity
  8
c_lateral
 62
     0
370
    -2
100
AcDbLine
 10
109.375
 20
-19.09543616099859
 30
0.0
 11
84.72224606417331
 21
-19.09543616099858
 31
0.0
  0
LINE
  5
13B6
330
A0E
100
AcDbEntity
  8
c_lateral
 62
     0
370
    -2
100
AcDbLine
 10
124.375
 20
0.904563839001412
 30
0.0
 11
84.72224606417331
 21
0.9045638390014232
 31
0.0
  0
LINE
  5
13B7
330
A0E
100
AcDbEntity
  8
c_lateral
 62
     0
370
    -2
100
AcDbLine
 10
85.97224606417331
 20
-16.59543616099858
 30
0.0
 11
85.97224606417331
 21
-1.595436160998576
 31
0.0
  0
SOLID
  5
13B8
330
A0E
100
AcDbEntity
  8
c_lateral
 62
     0
100
AcDbTrace
 10
85.55557939750663
 20
-16.59543616099858
 30
0.0
 11
86.38891273083997
 21
-16.59543616099858
 31
0.0
 12
85.97224606417331
 22
-19.09543616099858
 32
0.0
 13
85.97224606417331
 23
-19.09543616099858
 33
0.0
  0
SOLID
  5
13B9
330
A0E
100
AcDbEntity
  8
c_lateral
 62
     0
100
AcDbTrace
 10
85.55557939750663
 20
-1.595436160998576
 30
0.0
 11
86.38891273083997
 21
-1.595436160998576
 31
0.0
 12
85.97224606417331
 22
0.9045638390014229
 32
0.0
 13
85.97224606417331
 23
0.9045638390014229
 33
0.0
  0
MTEXT
  5
13BA
330
A0E
100
AcDbEntity
  8
c_lateral
 62
     0
100
AcDbMText
 10
84.09724606417331
 20
-9.095436160998565
 30
0.0
 40
2.5
 41
0.0
 71
     5
 72
     1
  1
20
 11
0.0000000000000001
 21
1.0
 31
0.0
 73
     1
 44
1.0
1001
ACAD
1000
MTEXTBEGIN
1070
    73
1070
     1
1070
    44
1040
1.0
1070
    74
1070
     0
1000
MTEXTEND
  0
POINT
  5
13BB
330
A0E
100
AcDbEntity
  8
Defpoints
 62
     0
100
AcDbPoint
 10
110.0
 20
-19.09543616099859
 30
0.0
  0
POINT
  5
13BC
330
A0E
100
AcDbEntity
  8
Defpoints
 62
     0
100
AcDbPoint
 10
125.0
 20
0.9045638390014119
 30
0.0
  0
POINT
  5
13BD
330
A0E
100
AcDbEntity
  8
Defpoints
 62
     0
100
AcDbPoint
 10
85.97224606417331
 20
0.9045638390014229
 30
0.0
  0
ENDBLK
  5
A19
330
A0E
100
AcDbEntity
  8
0
100
AcDbBlockEnd
  0
BLOCK
  5
A30
330
A26
100
AcDbEntity
  8
0
100
AcDbBlockBegin
  2
*D30
 70
     1
 10
0.0
 20
0.0
 30
0.0
  3
*D30
  1

  0
LINE
  5
13BE
330
A26
100
AcDbEntity
  8
c_lateral
 62
     0
370
    -2
100
AcDbLine
 10
109.375
 20
-19.09543616099859
 30
0.0
 11
76.40885383934892
 21
-19.09543616099858
 31
0.0
  0
LINE
  5
13BF
330
A26
100
AcDbEntity
  8
c_lateral
 62
     0
370
    -2
100
AcDbLine
 10
104.375
 20
7.904563839001411
 30
0.0
 11
76.40885383934892
 21
7.904563839001419
 31
0.0
  0
LINE
  5
13C0
330
A26
100
AcDbEntity
  8
c_lateral
 62
     0
370
    -2
100
AcDbLine
 10
77.65885383934892
 20
-16.59543616099858
 30
0.0
 11
77.65885383934892
 21
5.404563839001419
 31
0.0
  0
SOLID
  5
13C1
330
A26
100
AcDbEntity
  8
c_lateral
 62
     0
100
AcDbTrace
 10
77.24218717268225
 20
-16.59543616099858
 30
0.0
 11
78.07552050601559
 21
-16.59543616099858
 31
0.0
 12
77.65885383934892
 22
-19.09543616099858
 32
0.0
 13
77.65885383934892
 23
-19.09543616099858
 33
0.0
  0
SOLID
  5
13C2
330
A26
100
AcDbEntity
  8
c_lateral
 62
     0
100
AcDbTrace
 10
77.24218717268225
 20
5.404563839001419
 30
0.0
 11
78.07552050601559
 21
5.404563839001419
 31
0.0
 12
77.65885383934892
 22
7.904563839001419
 32
0.0
 13
77.65885383934892
 23
7.904563839001419
 33
0.0
  0
MTEXT
  5
13C3
330
A26
100
AcDbEntity
  8
c_lateral
 62
     0
100
AcDbMText
 10
75.78385383934892
 20
-5.595436160998565
 30
0.0
 40
2.5
 41
0.0
 71
     5
 72
     1
  1
27
 11
0.0000000000000001
 21
1.0
 31
0.0
 73
     1
 44
1.0
1001
ACAD
1000
MTEXTBEGIN
1070
    73
1070
     1
1070
    44
1040
1.0
1070
    74
1070
     0
1000
MTEXTEND
  0
POINT
  5
13C4
330
A26
100
AcDbEntity
  8
Defpoints
 62
     0
100
AcDbPoint
 10
110.0
 20
-19.09543616099859
 30
0.0
  0
POINT
  5
13C5
330
A26
100
AcDbEntity
  8
Defpoints
 62
     0
100
AcDbPoint
 10
105.0
 20
7.904563839001411
 30
0.0
  0
POINT
  5
13C6
330
A26
100
AcDbEntity
  8
Defpoints
 62
     0
100
AcDbPoint
 10
77.65885383934892
 20
7.904563839001419
 30
0.0
  0
ENDBLK
  5
A31
330
A26
100
AcDbEntity
  8
0
100
AcDbBlockEnd
  0
BLOCK
  5
A59
330
A4D
100
AcDbEntity
  8
0
100
AcDbBlockBegin
  2
*D31
 70
     1
 10
0.0
 20
0.0
 30
0.0
  3
*D31
  1

  0
LINE
  5
13C7
330
A4D
100
AcDbEntity
  8
c_lateral
 62
     0
370
    -2
100
AcDbLine
 10
114.375
 20
10.9045638390014
 30
0.0
 11
89.14192691967446
 21
10.90456383900141
 31
0.0
  0
LINE
  5
13C8
330
A4D
100
AcDbEntity
  8
c_lateral
 62
     0
370
    -2
100
AcDbLine
 10
104.375
 20
7.904563839001411
 30
0.0
 11
89.14192691967446
 21
7.904563839001416
 31
0.0
  0
LINE
  5
13C9
330
A4D
100
AcDbEntity
  8
c_lateral
 62
     0
370
    -2
100
AcDbLine
 10
90.39192691967446
 20
13.40456383900141
 30
0.0
 11
90.39192691967446
 21
15.90456383900141
 31
0.0
  0
LINE
  5
13CA
330
A4D
100
AcDbEntity
  8
c_lateral
 62
     0
370
    -2
100
AcDbLine
 10
90.39192691967446
 20
5.404563839001415
 30
0.0
 11
90.39192691967446
 21
2.904563839001415
 31
0.0
  0
LINE
  5
13CB
330
A4D
100
AcDbEntity
  8
c_lateral
 62
     0
370
    -2
100
AcDbLine
 10
90.39192691967446
 20
10.90456383900141
 30
0.0
 11
90.39192691967446
 21
7.904563839001415
 31
0.0
  0
SOLID
  5
13CC
330
A4D
100
AcDbEntity
  8
c_lateral
 62
     0
100
AcDbTrace
 10
89.97526025300778
 20
13.40456383900141
 30
0.0
 11
90.80859358634112
 21
13.40456383900141
 31
0.0
 12
90.39192691967446
 22
10.90456383900141
 32
0.0
 13
90.39192691967446
 23
10.90456383900141
 33
0.0
  0
SOLID
  5
13CD
330
A4D
100
AcDbEntity
  8
c_lateral
 62
     0
100
AcDbTrace
 10
89.97526025300778
 20
5.404563839001416
 30
0.0
 11
90.80859358634112
 21
5.404563839001415
 31
0.0
 12
90.39192691967446
 22
7.904563839001415
 32
0.0
 13
90.39192691967446
 23
7.904563839001415
 33
0.0
  0
MTEXT
  5
13CE
330
A4D
100
AcDbEntity
  8
c_lateral
 62
     0
100
AcDbMText
 10
88.51692691967446
 20
9.404563839001427
 30
0.0
 40
2.5
 41
0.0
 71
     5
 72
     1
  1
3
 11
0.0000000000000001
 21
1.0
 31
0.0
 73
     1
 44
1.0
1001
ACAD
1000
MTEXTBEGIN
1070
    73
1070
     1
1070
    44
1040
1.0
1070
    74
1070
     0
1000
MTEXTEND
  0
POINT
  5
13CF
330
A4D
100
AcDbEntity
  8
Defpoints
 62
     0
100
AcDbPoint
 10
115.0
 20
10.9045638390014
 30
0.0
  0
POINT
  5
13D0
330
A4D
100
AcDbEntity
  8
Defpoints
 62
     0
100
AcDbPoint
 10
105.0
 20
7.904563839001411
 30
0.0
  0
POINT
  5
13D1
330
A4D
100
AcDbEntity
  8
Defpoints
 62
     0
100
AcDbPoint
 10
90.39192691967446
 20
7.904563839001415
 30
0.0
  0
ENDBLK
  5
A5A
330
A4D
100
AcDbEntity
  8
0
100
AcDbBlockEnd
  0
BLOCK
  5
A73
330
A69
100
AcDbEntity
  8
0
100
AcDbBlockBegin
  2
*D32
 70
     1
 10
0.0
 20
0.0
 30
0.0
  3
*D32
  1

  0
LINE
  5
13D2
330
A69
100
AcDbEntity
  8
c_lateral
 62
     0
370
    -2
100
AcDbLine
 10
180.625
 20
-19.09543616099859
 30
0.0
 11
194.4209525968526
 21
-19.09543616099859
 31
0.0
  0
LINE
  5
13D3
330
A69
100
AcDbEntity
  8
c_lateral
 62
     0
370
    -2
100
AcDbLine
 10
180.625
 20
-9.095436160998589
 30
0.0
 11
194.4209525968526
 21
-9.095436160998591
 31
0.0
  0
LINE
  5
13D4
330
A69
100
AcDbEntity
  8
c_lateral
 62
     0
370
    -2
100
AcDbLine
 10
193.1709525968526
 20
-16.59543616099859
 30
0.0
 11
193.1709525968526
 21
-11.59543616099859
 31
0.0
  0
SOLID
  5
13D5
330
A69
100
AcDbEntity
  8
c_lateral
 62
     0
100
AcDbTrace
 10
192.754285930186
 20
-16.59543616099859
 30
0.0
 11
193.5876192635193
 21
-16.59543616099859
 31
0.0
 12
193.1709525968526
 22
-19.09543616099859
 32
0.0
 13
193.1709525968526
 23
-19.09543616099859
 33
0.0
  0
SOLID
  5
13D6
330
A69
100
AcDbEntity
  8
c_lateral
 62
     0
100
AcDbTrace
 10
192.754285930186
 20
-11.59543616099859
 30
0.0
 11
193.5876192635193
 21
-11.59543616099859
 31
0.0
 12
193.1709525968526
 22
-9.095436160998591
 32
0.0
 13
193.1709525968526
 23
-9.095436160998591
 33
0.0
  0
MTEXT
  5
13D7
330
A69
100
AcDbEntity
  8
c_lateral
 62
     0
100
AcDbMText
 10
191.2959525968526
 20
-14.09543616099856
 30
0.0
 40
2.5
 41
0.0
 71
     5
 72
     1
  1
10
 11
0.0000000000000001
 21
1.0
 31
0.0
 73
     1
 44
1.0
1001
ACAD
1000
MTEXTBEGIN
1070
    73
1070
     1
1070
    44
1040
1.0
1070
    74
1070
     0
1000
MTEXTEND
  0
POINT
  5
13D8
330
A69
100
AcDbEntity
  8
Defpoints
 62
     0
100
AcDbPoint
 10
180.0
 20
-19.09543616099859
 30
0.0
  0
POINT
  5
13D9
330
A69
100
AcDbEntity
  8
Defpoints
 62
     0
100
AcDbPoint
 10
180.0
 20
-9.095436160998588
 30
0.0
  0
POINT
  5
13DA
330
A69
100
AcDbEntity
  8
Defpoints
 62
     0
100
AcDbPoint
 10
193.1709525968526
 20
-9.095436160998591
 30
0.0
  0
ENDBLK
  5
A74
330
A69
100
AcDbEntity
  8
0
100
AcDbBlockEnd
  0
BLOCK
  5
A8B
330
A81
100
AcDbEntity
  8
0
100
AcDbBlockBegin
  2
*D33
 70
     1
 10
0.0
 20
0.0
 30
0.0
  3
*D33
  1

  0
LINE
  5
13DB
330
A81
100
AcDbEntity
  8
c_lateral
 62
     0
370
    -2
100
AcDbLine
 10
180.625
 20
-9.095436160998589
 30
0.0
 11
194.6254794626375
 21
-9.095436160998593
 31
0.0
  0
LINE
  5
13DC
330
A81
100
AcDbEntity
  8
c_lateral
 62
     0
370
    -2
100
AcDbLine
 10
180.625
 20
0.9045638390014117
 30
0.0
 11
194.6254794626375
 21
0.9045638390014078
 31
0.0
  0
LINE
  5
13DD
330
A81
100
AcDbEntity
  8
c_lateral
 62
     0
370
    -2
100
AcDbLine
 10
193.3754794626375
 20
-6.595436160998591
 30
0.0
 11
193.3754794626375
 21
-1.595436160998591
 31
0.0
  0
SOLID
  5
13DE
330
A81
100
AcDbEntity
  8
c_lateral
 62
     0
100
AcDbTrace
 10
192.9588127959708
 20
-6.595436160998591
 30
0.0
 11
193.7921461293041
 21
-6.595436160998591
 31
0.0
 12
193.3754794626375
 22
-9.095436160998591
 32
0.0
 13
193.3754794626375
 23
-9.095436160998591
 33
0.0
  0
SOLID
  5
13DF
330
A81
100
AcDbEntity
  8
c_lateral
 62
     0
100
AcDbTrace
 10
192.9588127959708
 20
-1.595436160998591
 30
0.0
 11
193.7921461293041
 21
-1.595436160998592
 31
0.0
 12
193.3754794626375
 22
0.9045638390014081
 32
0.0
 13
193.3754794626375
 23
0.9045638390014081
 33
0.0
  0
MTEXT
  5
13E0
330
A81
100
AcDbEntity
  8
c_lateral
 62
     0
100
AcDbMText
 10
191.5004794626375
 20
-4.09543616099856
 30
0.0
 40
2.5
 41
0.0
 71
     5
 72
     1
  1
10
 11
0.0000000000000001
 21
1.0
 31
0.0
 73
     1
 44
1.0
1001
ACAD
1000
MTEXTBEGIN
1070
    73
1070
     1
1070
    44
1040
1.0
1070
    74
1070
     0
1000
MTEXTEND
  0
POINT
  5
13E1
330
A81
100
AcDbEntity
  8
Defpoints
 62
     0
100
AcDbPoint
 10
180.0
 20
-9.095436160998588
 30
0.0
  0
POINT
  5
13E2
330
A81
100
AcDbEntity
  8
Defpoints
 62
     0
100
AcDbPoint
 10
180.0
 20
0.9045638390014119
 30
0.0
  0
POINT
  5
13E3
330
A81
100
AcDbEntity
  8
Defpoints
 62
     0
100
AcDbPoint
 10
193.3754794626375
 20
0.9045638390014081
 30
0.0
  0
ENDBLK
  5
A8C
330
A81
100
AcDbEntity
  8
0
100
AcDbBlockEnd
  0
BLOCK
  5
AA3
330
A99
100
AcDbEntity
  8
0
100
AcDbBlockBegin
  2
*D34
 70
     1
 10
0.0
 20
0.0
 30
0.0
  3
*D34
  1

  0
LINE
  5
13E4
330
A99
100
AcDbEntity
  8
c_lateral
 62
     0
370
    -2
100
AcDbLine
 10
180.625
 20
0.9045638390014117
 30
0.0
 11
194.4209525968526
 21
0.9045638390014078
 31
0.0
  0
LINE
  5
13E5
330
A99
100
AcDbEntity
  8
c_lateral
 62
     0
370
    -2
100
AcDbLine
 10
180.625
 20
7.904563839001404
 30
0.0
 11
194.4209525968526
 21
7.9045638390014
 31
0.0
  0
LINE
  5
13E6
330
A99
100
AcDbEntity
  8
c_lateral
 62
     0
370
    -2
100
AcDbLine
 10
193.1709525968526
 20
3.404563839001407
 30
0.0
 11
193.1709525968526
 21
5.404563839001401
 31
0.0
  0
SOLID
  5
13E7
330
A99
100
AcDbEntity
  8
c_lateral
 62
     0
100
AcDbTrace
 10
192.754285930186
 20
3.404563839001408
 30
0.0
 11
193.5876192635193
 21
3.404563839001407
 31
0.0
 12
193.1709525968526
 22
0.9045638390014081
 32
0.0
 13
193.1709525968526
 23
0.9045638390014081
 33
0.0
  0
SOLID
  5
13E8
330
A99
100
AcDbEntity
  8
c_lateral
 62
     0
100
AcDbTrace
 10
192.754285930186
 20
5.404563839001401
 30
0.0
 11
193.5876192635193
 21
5.404563839001401
 31
0.0
 12
193.1709525968526
 22
7.904563839001401
 32
0.0
 13
193.1709525968526
 23
7.904563839001401
 33
0.0
  0
MTEXT
  5
13E9
330
A99
100
AcDbEntity
  8
c_lateral
 62
     0
100
AcDbMText
 10
191.2959525968526
 20
4.404563839001435
 30
0.0
 40
2.5
 41
0.0
 71
     5
 72
     1
  1
7
 11
0.0000000000000001
 21
1.0
 31
0.0
 73
     1
 44
1.0
1001
ACAD
1000
MTEXTBEGIN
1070
    73
1070
     1
1070
    44
1040
1.0
1070
    74
1070
     0
1000
MTEXTEND
  0
POINT
  5
13EA
330
A99
100
AcDbEntity
  8
Defpoints
 62
     0
100
AcDbPoint
 10
180.0
 20
0.9045638390014119
 30
0.0
  0
POINT
  5
13EB
330
A99
100
AcDbEntity
  8
Defpoints
 62
     0
100
AcDbPoint
 10
180.0
 20
7.904563839001404
 30
0.0
  0
POINT
  5
13EC
330
A99
100
AcDbEntity
  8
Defpoints
 62
     0
100
AcDbPoint
 10
193.1709525968526
 20
7.904563839001401
 30
0.0
  0
ENDBLK
  5
AA4
330
A99
100
AcDbEntity
  8
0
100
AcDbBlockEnd
  0
BLOCK
  5
AD3
330
AC9
100
AcDbEntity
  8
0
100
AcDbBlockBegin
  2
*D35
 70
     1
 10
0.0
 20
0.0
 30
0.0
  3
*D35
  1

  0
LINE
  5
13F6
330
AC9
100
AcDbEntity
  8
c_lateral
 62
     0
370
    -2
100
AcDbLine
 10
115.0
 20
11.5295638390014
 30
0.0
 11
115.0
 21
21.410196505459
 31
0.0
  0
LINE
  5
13F7
330
AC9
100
AcDbEntity
  8
c_lateral
 62
     0
370
    -2
100
AcDbLine
 10
130.0
 20
11.5295638390014
 30
0.0
 11
130.0
 21
21.410196505459
 31
0.0
  0
LINE
  5
13F8
330
AC9
100
AcDbEntity
  8
c_lateral
 62
     0
370
    -2
100
AcDbLine
 10
117.5
 20
20.160196505459
 30
0.0
 11
127.5
 21
20.160196505459
 31
0.0
  0
SOLID
  5
13F9
330
AC9
100
AcDbEntity
  8
c_lateral
 62
     0
100
AcDbTrace
 10
117.5
 20
20.57686317212567
 30
0.0
 11
117.5
 21
19.74352983879233
 31
0.0
 12
115.0
 22
20.160196505459
 32
0.0
 13
115.0
 23
20.160196505459
 33
0.0
  0
SOLID
  5
13FA
330
AC9
100
AcDbEntity
  8
c_lateral
 62
     0
100
AcDbTrace
 10
127.5
 20
20.57686317212567
 30
0.0
 11
127.5
 21
19.74352983879233
 31
0.0
 12
130.0
 22
20.160196505459
 32
0.0
 13
130.0
 23
20.160196505459
 33
0.0
  0
MTEXT
  5
13FB
330
AC9
100
AcDbEntity
  8
c_lateral
 62
     0
100
AcDbMText
 10
122.5
 20
22.035196505459
 30
0.0
 40
2.5
 41
0.0
 71
     5
 72
     1
  1
15
 73
     1
 44
1.0
1001
ACAD
1000
MTEXTBEGIN
1070
    73
1070
     1
1070
    44
1040
1.0
1070
    74
1070
     0
1000
MTEXTEND
  0
POINT
  5
13FC
330
AC9
100
AcDbEntity
  8
Defpoints
 62
     0
100
AcDbPoint
 10
115.0
 20
10.9045638390014
 30
0.0
  0
POINT
  5
13FD
330
AC9
100
AcDbEntity
  8
Defpoints
 62
     0
100
AcDbPoint
 10
130.0
 20
10.9045638390014
 30
0.0
  0
POINT
  5
13FE
330
AC9
100
AcDbEntity
  8
Defpoints
 62
     0
100
AcDbPoint
 10
130.0
 20
20.160196505459
 30
0.0
  0
ENDBLK
  5
AD4
330
AC9
100
AcDbEntity
  8
0
100
AcDbBlockEnd
  0
BLOCK
  5
B03
330
AF9
100
AcDbEntity
  8
0
100
AcDbBlockBegin
  2
*D36
 70
     1
 10
0.0
 20
0.0
 30
0.0
  3
*D36
  1

  0
LINE
  5
13FF
330
AF9
100
AcDbEntity
  8
c_lateral
 62
     0
370
    -2
100
AcDbLine
 10
170.0
 20
11.5295638390014
 30
0.0
 11
170.0
 21
21.20589862981796
 31
0.0
  0
LINE
  5
1400
330
AF9
100
AcDbEntity
  8
c_lateral
 62
     0
370
    -2
100
AcDbLine
 10
155.0
 20
11.5295638390014
 30
0.0
 11
155.0
 21
21.20589862981796
 31
0.0
  0
LINE
  5
1401
330
AF9
100
AcDbEntity
  8
c_lateral
 62
     0
370
    -2
100
AcDbLine
 10
167.5
 20
19.95589862981796
 30
0.0
 11
157.5
 21
19.95589862981796
 31
0.0
  0
SOLID
  5
1402
330
AF9
100
AcDbEntity
  8
c_lateral
 62
     0
100
AcDbTrace
 10
167.5
 20
20.37256529648463
 30
0.0
 11
167.5
 21
19.5392319631513
 31
0.0
 12
170.0
 22
19.95589862981796
 32
0.0
 13
170.0
 23
19.95589862981796
 33
0.0
  0
SOLID
  5
1403
330
AF9
100
AcDbEntity
  8
c_lateral
 62
     0
100
AcDbTrace
 10
157.5
 20
20.37256529648463
 30
0.0
 11
157.5
 21
19.5392319631513
 31
0.0
 12
155.0
 22
19.95589862981796
 32
0.0
 13
155.0
 23
19.95589862981796
 33
0.0
  0
MTEXT
  5
1404
330
AF9
100
AcDbEntity
  8
c_lateral
 62
     0
100
AcDbMText
 10
162.5
 20
21.83089862981796
 30
0.0
 40
2.5
 41
0.0
 71
     5
 72
     1
  1
15
 73
     1
 44
1.0
1001
ACAD
1000
MTEXTBEGIN
1070
    73
1070
     1
1070
    44
1040
1.0
1070
    74
1070
     0
1000
MTEXTEND
  0
POINT
  5
1405
330
AF9
100
AcDbEntity
  8
Defpoints
 62
     0
100
AcDbPoint
 10
170.0
 20
10.9045638390014
 30
0.0
  0
POINT
  5
1406
330
AF9
100
AcDbEntity
  8
Defpoints
 62
     0
100
AcDbPoint
 10
155.0
 20
10.9045638390014
 30
0.0
  0
POINT
  5
1407
330
AF9
100
AcDbEntity
  8
Defpoints
 62
     0
100
AcDbPoint
 10
155.0
 20
19.95589862981796
 30
0.0
  0
ENDBLK
  5
B04
330
AF9
100
AcDbEntity
  8
0
100
AcDbBlockEnd
  0
BLOCK
  5
B1B
330
B11
100
AcDbEntity
  8
0
100
AcDbBlockBegin
  2
*D37
 70
     1
 10
0.0
 20
0.0
 30
0.0
  3
*D37
  1

  0
LINE
  5
1408
330
B11
100
AcDbEntity
  8
c_lateral
 62
     0
370
    -2
100
AcDbLine
 10
180.0
 20
8.529563839001404
 30
0.0
 11
180.0
 21
21.00159850531486
 31
0.0
  0
LINE
  5
1409
330
B11
100
AcDbEntity
  8
c_lateral
 62
     0
370
    -2
100
AcDbLine
 10
170.0
 20
11.5295638390014
 30
0.0
 11
170.0
 21
21.00159850531486
 31
0.0
  0
LINE
  5
140A
330
B11
100
AcDbEntity
  8
c_lateral
 62
     0
370
    -2
100
AcDbLine
 10
177.5
 20
19.75159850531486
 30
0.0
 11
172.5
 21
19.75159850531486
 31
0.0
  0
SOLID
  5
140B
330
B11
100
AcDbEntity
  8
c_lateral
 62
     0
100
AcDbTrace
 10
177.5
 20
20.16826517198153
 30
0.0
 11
177.5
 21
19.33493183864819
 31
0.0
 12
180.0
 22
19.75159850531486
 32
0.0
 13
180.0
 23
19.75159850531486
 33
0.0
  0
SOLID
  5
140C
330
B11
100
AcDbEntity
  8
c_lateral
 62
     0
100
AcDbTrace
 10
172.5
 20
20.16826517198153
 30
0.0
 11
172.5
 21
19.33493183864819
 31
0.0
 12
170.0
 22
19.75159850531486
 32
0.0
 13
170.0
 23
19.75159850531486
 33
0.0
  0
MTEXT
  5
140D
330
B11
100
AcDbEntity
  8
c_lateral
 62
     0
100
AcDbMText
 10
175.0
 20
21.62659850531486
 30
0.0
 40
2.5
 41
0.0
 71
     5
 72
     1
  1
10
 73
     1
 44
1.0
1001
ACAD
1000
MTEXTBEGIN
1070
    73
1070
     1
1070
    44
1040
1.0
1070
    74
1070
     0
1000
MTEXTEND
  0
POINT
  5
140E
330
B11
100
AcDbEntity
  8
Defpoints
 62
     0
100
AcDbPoint
 10
180.0
 20
7.904563839001404
 30
0.0
  0
POINT
  5
140F
330
B11
100
AcDbEntity
  8
Defpoints
 62
     0
100
AcDbPoint
 10
170.0
 20
10.9045638390014
 30
0.0
  0
POINT
  5
1410
330
B11
100
AcDbEntity
  8
Defpoints
 62
     0
100
AcDbPoint
 10
170.0
 20
19.75159850531486
 30
0.0
  0
ENDBLK
  5
B1C
330
B11
100
AcDbEntity
  8
0
100
AcDbBlockEnd
  0
BLOCK
  5
B66
330
B5A
100
AcDbEntity
  8
0
100
AcDbBlockBegin
  2
*D38
 70
     1
 10
0.0
 20
0.0
 30
0.0
  3
*D38
  1

  0
LINE
  5
B69
330
B5A
100
AcDbEntity
  8
c_lateral
 62
     0
370
    -2
100
AcDbLine
 10
121.625
 20
164.0954361609986
 30
0.0
 11
132.9841375689548
 21
164.0954361609986
 31
0.0
  0
LINE
  5
B6A
330
B5A
100
AcDbEntity
  8
c_lateral
 62
     0
370
    -2
100
AcDbLine
 10
125.625
 20
169.0954361609986
 30
0.0
 11
132.9841375689548
 21
169.0954361609986
 31
0.0
  0
LINE
  5
B6B
330
B5A
100
AcDbEntity
  8
c_lateral
 62
     0
370
    -2
100
AcDbLine
 10
131.7341375689548
 20
161.5954361609986
 30
0.0
 11
131.7341375689548
 21
159.0954361609986
 31
0.0
  0
LINE
  5
B6C
330
B5A
100
AcDbEntity
  8
c_lateral
 62
     0
370
    -2
100
AcDbLine
 10
131.7341375689548
 20
171.5954361609986
 30
0.0
 11
131.7341375689548
 21
174.0954361609986
 31
0.0
  0
LINE
  5
B6D
330
B5A
100
AcDbEntity
  8
c_lateral
 62
     0
370
    -2
100
AcDbLine
 10
131.7341375689548
 20
164.0954361609986
 30
0.0
 11
131.7341375689548
 21
169.0954361609986
 31
0.0
  0
SOLID
  5
B6E
330
B5A
100
AcDbEntity
  8
c_lateral
 62
     0
100
AcDbTrace
 10
131.3174709022881
 20
161.5954361609986
 30
0.0
 11
132.1508042356214
 21
161.5954361609986
 31
0.0
 12
131.7341375689548
 22
164.0954361609986
 32
0.0
 13
131.7341375689548
 23
164.0954361609986
 33
0.0
  0
SOLID
  5
B6F
330
B5A
100
AcDbEntity
  8
c_lateral
 62
     0
100
AcDbTrace
 10
131.3174709022881
 20
171.5954361609986
 30
0.0
 11
132.1508042356214
 21
171.5954361609986
 31
0.0
 12
131.7341375689548
 22
169.0954361609986
 32
0.0
 13
131.7341375689548
 23
169.0954361609986
 33
0.0
  0
MTEXT
  5
B70
330
B5A
100
AcDbEntity
  8
c_lateral
 62
     0
100
AcDbMText
 10
129.8591375689547
 20
166.5954361609986
 30
0.0
 40
2.5
 41
0.0
 71
     5
 72
     1
  1
5
 11
0.0000000000000001
 21
1.0
 31
0.0
 73
     1
 44
1.0
1001
ACAD
1000
MTEXTBEGIN
1070
    73
1070
     1
1070
    44
1040
1.0
1070
    74
1070
     0
1000
MTEXTEND
  0
POINT
  5
B71
330
B5A
100
AcDbEntity
  8
Defpoints
 62
     0
100
AcDbPoint
 10
121.0
 20
164.0954361609986
 30
0.0
  0
POINT
  5
B72
330
B5A
100
AcDbEntity
  8
Defpoints
 62
     0
100
AcDbPoint
 10
125.0
 20
169.0954361609986
 30
0.0
  0
POINT
  5
B73
330
B5A
100
AcDbEntity
  8
Defpoints
 62
     0
100
AcDbPoint
 10
131.7341375689548
 20
169.0954361609986
 30
0.0
  0
ENDBLK
  5
B67
330
B5A
100
AcDbEntity
  8
0
100
AcDbBlockEnd
  0
BLOCK
  5
B80
330
B76
100
AcDbEntity
  8
0
100
AcDbBlockBegin
  2
*D39
 70
     1
 10
0.0
 20
0.0
 30
0.0
  3
*D39
  1

  0
LINE
  5
F1A
330
B76
100
AcDbEntity
  8
c_lateral
 62
     0
370
    -2
100
AcDbLine
 10
121.625
 20
154.0954361609986
 30
0.0
 11
132.9841375689548
 21
154.0954361609986
 31
0.0
  0
LINE
  5
F1B
330
B76
100
AcDbEntity
  8
c_lateral
 62
     0
370
    -2
100
AcDbLine
 10
121.625
 20
164.0954361609986
 30
0.0
 11
132.9841375689548
 21
164.0954361609986
 31
0.0
  0
LINE
  5
F1C
330
B76
100
AcDbEntity
  8
c_lateral
 62
     0
370
    -2
100
AcDbLine
 10
131.7341375689548
 20
156.5954361609986
 30
0.0
 11
131.7341375689548
 21
161.5954361609986
 31
0.0
  0
SOLID
  5
F1D
330
B76
100
AcDbEntity
  8
c_lateral
 62
     0
100
AcDbTrace
 10
131.3174709022881
 20
156.5954361609986
 30
0.0
 11
132.1508042356214
 21
156.5954361609986
 31
0.0
 12
131.7341375689548
 22
154.0954361609986
 32
0.0
 13
131.7341375689548
 23
154.0954361609986
 33
0.0
  0
SOLID
  5
F1E
330
B76
100
AcDbEntity
  8
c_lateral
 62
     0
100
AcDbTrace
 10
131.3174709022881
 20
161.5954361609986
 30
0.0
 11
132.1508042356214
 21
161.5954361609986
 31
0.0
 12
131.7341375689548
 22
164.0954361609986
 32
0.0
 13
131.7341375689548
 23
164.0954361609986
 33
0.0
  0
MTEXT
  5
F1F
330
B76
100
AcDbEntity
  8
c_lateral
 62
     0
100
AcDbMText
 10
129.8591375689547
 20
159.0954361609986
 30
0.0
 40
2.5
 41
0.0
 71
     5
 72
     1
  1
10
 11
0.0000000000000001
 21
1.0
 31
0.0
 73
     1
 44
1.0
1001
ACAD
1000
MTEXTBEGIN
1070
    73
1070
     1
1070
    44
1040
1.0
1070
    74
1070
     0
1000
MTEXTEND
  0
POINT
  5
F20
330
B76
100
AcDbEntity
  8
Defpoints
 62
     0
100
AcDbPoint
 10
121.0
 20
154.0954361609986
 30
0.0
  0
POINT
  5
F21
330
B76
100
AcDbEntity
  8
Defpoints
 62
     0
100
AcDbPoint
 10
121.0
 20
164.0954361609986
 30
0.0
  0
POINT
  5
F22
330
B76
100
AcDbEntity
  8
Defpoints
 62
     0
100
AcDbPoint
 10
131.7341375689548
 20
164.0954361609986
 30
0.0
  0
ENDBLK
  5
B81
330
B76
100
AcDbEntity
  8
0
100
AcDbBlockEnd
  0
BLOCK
  5
BB2
330
BA6
100
AcDbEntity
  8
0
100
AcDbBlockBegin
  2
*D40
 70
     1
 10
0.0
 20
0.0
 30
0.0
  3
*D40
  1

  0
LINE
  5
BB5
330
BA6
100
AcDbEntity
  8
c_lateral
 62
     0
370
    -2
100
AcDbLine
 10
169.625
 20
164.0954361609986
 30
0.0
 11
187.8135721157377
 21
164.0954361609986
 31
0.0
  0
LINE
  5
BB6
330
BA6
100
AcDbEntity
  8
c_lateral
 62
     0
370
    -2
100
AcDbLine
 10
180.625
 20
169.0954361609986
 30
0.0
 11
187.8135721157377
 21
169.0954361609986
 31
0.0
  0
LINE
  5
BB7
330
BA6
100
AcDbEntity
  8
c_lateral
 62
     0
370
    -2
100
AcDbLine
 10
186.5635721157378
 20
161.5954361609986
 30
0.0
 11
186.5635721157378
 21
159.0954361609986
 31
0.0
  0
LINE
  5
BB8
330
BA6
100
AcDbEntity
  8
c_lateral
 62
     0
370
    -2
100
AcDbLine
 10
186.5635721157378
 20
171.5954361609986
 30
0.0
 11
186.5635721157378
 21
174.0954361609986
 31
0.0
  0
LINE
  5
BB9
330
BA6
100
AcDbEntity
  8
c_lateral
 62
     0
370
    -2
100
AcDbLine
 10
186.5635721157378
 20
164.0954361609986
 30
0.0
 11
186.5635721157378
 21
169.0954361609986
 31
0.0
  0
SOLID
  5
BBA
330
BA6
100
AcDbEntity
  8
c_lateral
 62
     0
100
AcDbTrace
 10
186.1469054490711
 20
161.5954361609986
 30
0.0
 11
186.9802387824044
 21
161.5954361609986
 31
0.0
 12
186.5635721157378
 22
164.0954361609986
 32
0.0
 13
186.5635721157378
 23
164.0954361609986
 33
0.0
  0
SOLID
  5
BBB
330
BA6
100
AcDbEntity
  8
c_lateral
 62
     0
100
AcDbTrace
 10
186.1469054490711
 20
171.5954361609986
 30
0.0
 11
186.9802387824044
 21
171.5954361609986
 31
0.0
 12
186.5635721157378
 22
169.0954361609986
 32
0.0
 13
186.5635721157378
 23
169.0954361609986
 33
0.0
  0
MTEXT
  5
BBC
330
BA6
100
AcDbEntity
  8
c_lateral
 62
     0
100
AcDbMText
 10
184.6885721157377
 20
166.5954361609986
 30
0.0
 40
2.5
 41
0.0
 71
     5
 72
     1
  1
5
 11
0.0000000000000001
 21
1.0
 31
0.0
 73
     1
 44
1.0
1001
ACAD
1000
MTEXTBEGIN
1070
    73
1070
     1
1070
    44
1040
1.0
1070
    74
1070
     0
1000
MTEXTEND
  0
POINT
  5
BBD
330
BA6
100
AcDbEntity
  8
Defpoints
 62
     0
100
AcDbPoint
 10
169.0
 20
164.0954361609986
 30
0.0
  0
POINT
  5
BBE
330
BA6
100
AcDbEntity
  8
Defpoints
 62
     0
100
AcDbPoint
 10
180.0
 20
169.0954361609986
 30
0.0
  0
POINT
  5
BBF
330
BA6
100
AcDbEntity
  8
Defpoints
 62
     0
100
AcDbPoint
 10
186.5635721157378
 20
169.0954361609986
 30
0.0
  0
ENDBLK
  5
BB3
330
BA6
100
AcDbEntity
  8
0
100
AcDbBlockEnd
  0
BLOCK
  5
BCC
330
BC2
100
AcDbEntity
  8
0
100
AcDbBlockBegin
  2
*D41
 70
     1
 10
0.0
 20
0.0
 30
0.0
  3
*D41
  1

  0
LINE
  5
F23
330
BC2
100
AcDbEntity
  8
c_lateral
 62
     0
370
    -2
100
AcDbLine
 10
169.625
 20
154.0954361609986
 30
0.0
 11
188.0219054490711
 21
154.0954361609986
 31
0.0
  0
LINE
  5
F24
330
BC2
100
AcDbEntity
  8
c_lateral
 62
     0
370
    -2
100
AcDbLine
 10
169.625
 20
164.0954361609986
 30
0.0
 11
188.0219054490711
 21
164.0954361609986
 31
0.0
  0
LINE
  5
F25
330
BC2
100
AcDbEntity
  8
c_lateral
 62
     0
370
    -2
100
AcDbLine
 10
186.7719054490711
 20
156.5954361609986
 30
0.0
 11
186.7719054490711
 21
161.5954361609986
 31
0.0
  0
SOLID
  5
F26
330
BC2
100
AcDbEntity
  8
c_lateral
 62
     0
100
AcDbTrace
 10
186.3552387824044
 20
156.5954361609986
 30
0.0
 11
187.1885721157377
 21
156.5954361609986
 31
0.0
 12
186.7719054490711
 22
154.0954361609986
 32
0.0
 13
186.7719054490711
 23
154.0954361609986
 33
0.0
  0
SOLID
  5
F27
330
BC2
100
AcDbEntity
  8
c_lateral
 62
     0
100
AcDbTrace
 10
186.3552387824044
 20
161.5954361609986
 30
0.0
 11
187.1885721157377
 21
161.5954361609986
 31
0.0
 12
186.7719054490711
 22
164.0954361609986
 32
0.0
 13
186.7719054490711
 23
164.0954361609986
 33
0.0
  0
MTEXT
  5
F28
330
BC2
100
AcDbEntity
  8
c_lateral
 62
     0
100
AcDbMText
 10
184.896905449071
 20
159.0954361609986
 30
0.0
 40
2.5
 41
0.0
 71
     5
 72
     1
  1
10
 11
0.0000000000000001
 21
1.0
 31
0.0
 73
     1
 44
1.0
1001
ACAD
1000
MTEXTBEGIN
1070
    73
1070
     1
1070
    44
1040
1.0
1070
    74
1070
     0
1000
MTEXTEND
  0
POINT
  5
F29
330
BC2
100
AcDbEntity
  8
Defpoints
 62
     0
100
AcDbPoint
 10
169.0
 20
154.0954361609986
 30
0.0
  0
POINT
  5
F2A
330
BC2
100
AcDbEntity
  8
Defpoints
 62
     0
100
AcDbPoint
 10
169.0
 20
164.0954361609986
 30
0.0
  0
POINT
  5
F2B
330
BC2
100
AcDbEntity
  8
Defpoints
 62
     0
100
AcDbPoint
 10
186.7719054490711
 20
164.0954361609986
 30
0.0
  0
ENDBLK
  5
BCD
330
BC2
100
AcDbEntity
  8
0
100
AcDbBlockEnd
  0
BLOCK
  5
BE6
330
BDA
100
AcDbEntity
  8
0
100
AcDbBlockBegin
  2
*D42
 70
     1
 10
0.0
 20
0.0
 30
0.0
  3
*D42
  1

  0
LINE
  5
14E3
330
BDA
100
AcDbEntity
  8
c_lateral
 62
     0
370
    -2
100
AcDbLine
 10
280.625
 20
50.0
 30
0.0
 11
309.0606512867816
 21
50.0
 31
0.0
  0
LINE
  5
14E4
330
BDA
100
AcDbEntity
  8
c_lateral
 62
     0
370
    -2
100
AcDbLine
 10
290.625
 20
53.0
 30
0.0
 11
309.0606512867816
 21
52.99999999999999
 31
0.0
  0
LINE
  5
14E5
330
BDA
100
AcDbEntity
  8
c_lateral
 62
     0
370
    -2
100
AcDbLine
 10
307.8106512867817
 20
47.49999999999999
 30
0.0
 11
307.8106512867817
 21
44.99999999999999
 31
0.0
  0
LINE
  5
14E6
330
BDA
100
AcDbEntity
  8
c_lateral
 62
     0
370
    -2
100
AcDbLine
 10
307.8106512867817
 20
55.49999999999999
 30
0.0
 11
307.8106512867817
 21
57.99999999999999
 31
0.0
  0
LINE
  5
14E7
330
BDA
100
AcDbEntity
  8
c_lateral
 62
     0
370
    -2
100
AcDbLine
 10
307.8106512867817
 20
50.0
 30
0.0
 11
307.8106512867817
 21
52.99999999999999
 31
0.0
  0
SOLID
  5
14E8
330
BDA
100
AcDbEntity
  8
c_lateral
 62
     0
100
AcDbTrace
 10
307.393984620115
 20
47.49999999999999
 30
0.0
 11
308.2273179534483
 21
47.49999999999999
 31
0.0
 12
307.8106512867817
 22
50.0
 32
0.0
 13
307.8106512867817
 23
50.0
 33
0.0
  0
SOLID
  5
14E9
330
BDA
100
AcDbEntity
  8
c_lateral
 62
     0
100
AcDbTrace
 10
307.393984620115
 20
55.49999999999999
 30
0.0
 11
308.2273179534483
 21
55.49999999999999
 31
0.0
 12
307.8106512867817
 22
52.99999999999999
 32
0.0
 13
307.8106512867817
 23
52.99999999999999
 33
0.0
  0
MTEXT
  5
14EA
330
BDA
100
AcDbEntity
  8
c_lateral
 62
     0
100
AcDbMText
 10
305.9356512867816
 20
51.50000000000004
 30
0.0
 40
2.5
 41
0.0
 71
     5
 72
     1
  1
3
 11
0.0000000000000001
 21
1.0
 31
0.0
 73
     1
 44
1.0
1001
ACAD
1000
MTEXTBEGIN
1070
    73
1070
     1
1070
    44
1040
1.0
1070
    74
1070
     0
1000
MTEXTEND
  0
POINT
  5
14EB
330
BDA
100
AcDbEntity
  8
Defpoints
 62
     0
100
AcDbPoint
 10
280.0
 20
50.0
 30
0.0
  0
POINT
  5
14EC
330
BDA
100
AcDbEntity
  8
Defpoints
 62
     0
100
AcDbPoint
 10
290.0
 20
53.0
 30
0.0
  0
POINT
  5
14ED
330
BDA
100
AcDbEntity
  8
Defpoints
 62
     0
100
AcDbPoint
 10
307.8106512867817
 20
52.99999999999999
 30
0.0
  0
ENDBLK
  5
BE7
330
BDA
100
AcDbEntity
  8
0
100
AcDbBlockEnd
  0
BLOCK
  5
CA8
330
C9E
100
AcDbEntity
  8
0
100
AcDbBlockBegin
  2
*D43
 70
     1
 10
0.0
 20
0.0
 30
0.0
  3
*D43
  1

  0
LINE
  5
1509
330
C9E
100
AcDbEntity
  8
c_lateral
 62
     0
370
    -2
100
AcDbLine
 10
270.0
 20
131.25
 30
0.0
 11
270.0
 21
140.7927940712716
 31
0.0
  0
LINE
  5
150A
330
C9E
100
AcDbEntity
  8
c_lateral
 62
     0
370
    -2
100
AcDbLine
 10
280.0
 20
131.25
 30
0.0
 11
280.0
 21
140.7927940712716
 31
0.0
  0
LINE
  5
150B
330
C9E
100
AcDbEntity
  8
c_lateral
 62
     0
370
    -2
100
AcDbLine
 10
272.5
 20
139.5427940712716
 30
0.0
 11
277.5
 21
139.5427940712716
 31
0.0
  0
SOLID
  5
150C
330
C9E
100
AcDbEntity
  8
c_lateral
 62
     0
100
AcDbTrace
 10
272.5
 20
139.9594607379382
 30
0.0
 11
272.5
 21
139.1261274046049
 31
0.0
 12
270.0
 22
139.5427940712716
 32
0.0
 13
270.0
 23
139.5427940712716
 33
0.0
  0
SOLID
  5
150D
330
C9E
100
AcDbEntity
  8
c_lateral
 62
     0
100
AcDbTrace
 10
277.5
 20
139.9594607379382
 30
0.0
 11
277.5
 21
139.1261274046049
 31
0.0
 12
280.0
 22
139.5427940712716
 32
0.0
 13
280.0
 23
139.5427940712716
 33
0.0
  0
MTEXT
  5
150E
330
C9E
100
AcDbEntity
  8
c_lateral
 62
     0
100
AcDbMText
 10
275.0
 20
141.4177940712716
 30
0.0
 40
2.5
 41
0.0
 71
     5
 72
     1
  1
10
 73
     1
 44
1.0
1001
ACAD
1000
MTEXTBEGIN
1070
    73
1070
     1
1070
    44
1040
1.0
1070
    74
1070
     0
1000
MTEXTEND
  0
POINT
  5
150F
330
C9E
100
AcDbEntity
  8
Defpoints
 62
     0
100
AcDbPoint
 10
270.0
 20
130.625
 30
0.0
  0
POINT
  5
1510
330
C9E
100
AcDbEntity
  8
Defpoints
 62
     0
100
AcDbPoint
 10
280.0
 20
130.625
 30
0.0
  0
POINT
  5
1511
330
C9E
100
AcDbEntity
  8
Defpoints
 62
     0
100
AcDbPoint
 10
280.0
 20
139.5427940712716
 30
0.0
  0
ENDBLK
  5
CA9
330
C9E
100
AcDbEntity
  8
0
100
AcDbBlockEnd
  0
BLOCK
  5
CC0
330
CB6
100
AcDbEntity
  8
0
100
AcDbBlockBegin
  2
*D44
 70
     1
 10
0.0
 20
0.0
 30
0.0
  3
*D44
  1

  0
LINE
  5
1512
330
CB6
100
AcDbEntity
  8
c_lateral
 62
     0
370
    -2
100
AcDbLine
 10
290.0
 20
127.625
 30
0.0
 11
290.0
 21
140.7927940712716
 31
0.0
  0
LINE
  5
1513
330
CB6
100
AcDbEntity
  8
c_lateral
 62
     0
370
    -2
100
AcDbLine
 10
280.0
 20
130.625
 30
0.0
 11
280.0
 21
140.7927940712716
 31
0.0
  0
LINE
  5
1514
330
CB6
100
AcDbEntity
  8
c_lateral
 62
     0
370
    -2
100
AcDbLine
 10
287.5
 20
139.5427940712716
 30
0.0
 11
282.5
 21
139.5427940712716
 31
0.0
  0
SOLID
  5
1515
330
CB6
100
AcDbEntity
  8
c_lateral
 62
     0
100
AcDbTrace
 10
287.5
 20
139.9594607379382
 30
0.0
 11
287.5
 21
139.1261274046049
 31
0.0
 12
290.0
 22
139.5427940712716
 32
0.0
 13
290.0
 23
139.5427940712716
 33
0.0
  0
SOLID
  5
1516
330
CB6
100
AcDbEntity
  8
c_lateral
 62
     0
100
AcDbTrace
 10
282.5
 20
139.9594607379382
 30
0.0
 11
282.5
 21
139.1261274046049
 31
0.0
 12
280.0
 22
139.5427940712716
 32
0.0
 13
280.0
 23
139.5427940712716
 33
0.0
  0
MTEXT
  5
1517
330
CB6
100
AcDbEntity
  8
c_lateral
 62
     0
100
AcDbMText
 10
285.0
 20
141.4177940712716
 30
0.0
 40
2.5
 41
0.0
 71
     5
 72
     1
  1
10
 73
     1
 44
1.0
1001
ACAD
1000
MTEXTBEGIN
1070
    73
1070
     1
1070
    44
1040
1.0
1070
    74
1070
     0
1000
MTEXTEND
  0
POINT
  5
1518
330
CB6
100
AcDbEntity
  8
Defpoints
 62
     0
100
AcDbPoint
 10
290.0
 20
127.0
 30
0.0
  0
POINT
  5
1519
330
CB6
100
AcDbEntity
  8
Defpoints
 62
     0
100
AcDbPoint
 10
280.0
 20
130.0
 30
0.0
  0
POINT
  5
151A
330
CB6
100
AcDbEntity
  8
Defpoints
 62
     0
100
AcDbPoint
 10
280.0
 20
139.5427940712716
 30
0.0
  0
ENDBLK
  5
CC1
330
CB6
100
AcDbEntity
  8
0
100
AcDbBlockEnd
  0
BLOCK
  5
CF0
330
CE6
100
AcDbEntity
  8
0
100
AcDbBlockBegin
  2
*D45
 70
     1
 10
0.0
 20
0.0
 30
0.0
  3
*D45
  1

  0
LINE
  5
151B
330
CE6
100
AcDbEntity
  8
c_lateral
 62
     0
370
    -2
100
AcDbLine
 10
280.625
 20
50.0
 30
0.0
 11
324.6593334986255
 21
50.0
 31
0.0
  0
LINE
  5
151C
330
CE6
100
AcDbEntity
  8
c_lateral
 62
     0
370
    -2
100
AcDbLine
 10
280.625
 20
130.0
 30
0.0
 11
324.6593334986255
 21
130.0
 31
0.0
  0
LINE
  5
151D
330
CE6
100
AcDbEntity
  8
c_lateral
 62
     0
370
    -2
100
AcDbLine
 10
323.4093334986255
 20
52.5
 30
0.0
 11
323.4093334986255
 21
127.5
 31
0.0
  0
SOLID
  5
151E
330
CE6
100
AcDbEntity
  8
c_lateral
 62
     0
100
AcDbTrace
 10
322.9926668319588
 20
52.5
 30
0.0
 11
323.8260001652922
 21
52.5
 31
0.0
 12
323.4093334986255
 22
50.0
 32
0.0
 13
323.4093334986255
 23
50.0
 33
0.0
  0
SOLID
  5
151F
330
CE6
100
AcDbEntity
  8
c_lateral
 62
     0
100
AcDbTrace
 10
322.9926668319588
 20
127.5
 30
0.0
 11
323.8260001652922
 21
127.5
 31
0.0
 12
323.4093334986255
 22
130.0
 32
0.0
 13
323.4093334986255
 23
130.0
 33
0.0
  0
MTEXT
  5
1520
330
CE6
100
AcDbEntity
  8
c_lateral
 62
     0
100
AcDbMText
 10
321.5343334986255
 20
90.00000000000005
 30
0.0
 40
2.5
 41
0.0
 71
     5
 72
     1
  1
80
 11
0.0000000000000001
 21
1.0
 31
0.0
 73
     1
 44
1.0
1001
ACAD
1000
MTEXTBEGIN
1070
    73
1070
     1
1070
    44
1040
1.0
1070
    74
1070
     0
1000
MTEXTEND
  0
POINT
  5
1521
330
CE6
100
AcDbEntity
  8
Defpoints
 62
     0
100
AcDbPoint
 10
280.0
 20
50.0
 30
0.0
  0
POINT
  5
1522
330
CE6
100
AcDbEntity
  8
Defpoints
 62
     0
100
AcDbPoint
 10
280.0
 20
130.0
 30
0.0
  0
POINT
  5
1523
330
CE6
100
AcDbEntity
  8
Defpoints
 62
     0
100
AcDbPoint
 10
323.4093334986255
 20
130.0
 30
0.0
  0
ENDBLK
  5
CF1
330
CE6
100
AcDbEntity
  8
0
100
AcDbBlockEnd
  0
BLOCK
  5
E65
330
E5C
100
AcDbEntity
  8
0
100
AcDbBlockBegin
  2
*D46
 70
     1
 10
0.0
 20
0.0
 30
0.0
  3
*D46
  1

  0
LINE
  5
E68
330
E5C
100
AcDbEntity
  8
diametros
 62
     0
370
    -2
100
AcDbLine
 10
79.37436157543132
 20
68.88603527062851
 30
0.0
 11
73.6287851259734
 21
63.43975558863039
 31
0.0
  0
LINE
  5
E69
330
E5C
100
AcDbEntity
  8
diametros
 62
     0
370
    -2
100
AcDbLine
 10
66.37121487402656
 20
56.56024441136961
 30
0.0
 11
64.55682231103985
 21
54.84036661705442
 31
0.0
  0
MTEXT
  5
E6A
330
E5C
100
AcDbEntity
  8
diametros
 62
     0
100
AcDbMText
 10
76.11886128645932
 20
68.38362874902708
 30
0.0
 40
2.5
 41
0.0
 71
     5
 72
     1
  1
\U+22055
 11
0.7257570251946853
 21
0.6879511177260787
 31
0.0
 73
     1
 44
1.0
1001
ACAD
1000
MTEXTBEGIN
1070
    73
1070
     1
1070
    44
1040
1.0
1070
    74
1070
     0
1000
MTEXTEND
  0
LINE
  5
E6B
330
E5C
100
AcDbEntity
  8
diametros
 62
     0
370
    -2
100
AcDbLine
 10
68.18560743701327
 20
58.28012220568481
 30
0.0
 11
71.8143925629867
 21
61.71987779431519
 31
0.0
  0
SOLID
  5
E6C
330
E5C
100
AcDbEntity
  8
diametros
 62
     0
100
AcDbTrace
 10
66.08456857497403
 20
56.8626431718674
 30
0.0
 11
66.65786117307909
 21
56.25784565087183
 31
0.0
 12
68.18560743701327
 22
58.28012220568481
 32
0.0
 13
68.18560743701327
 23
58.28012220568481
 33
0.0
  0
SOLID
  5
E6D
330
E5C
100
AcDbEntity
  8
diametros
 62
     0
100
AcDbTrace
 10
73.34213882692087
 20
63.74215434912818
 30
0.0
 11
73.91543142502595
 21
63.1373568281326
 31
0.0
 12
71.8143925629867
 22
61.71987779431519
 32
0.0
 13
71.8143925629867
 23
61.71987779431519
 33
0.0
  0
POINT
  5
E6E
330
E5C
100
AcDbEntity
  8
Defpoints
 62
     0
100
AcDbPoint
 10
71.8143925629867
 20
61.71987779431519
 30
0.0
  0
POINT
  5
E6F
330
E5C
100
AcDbEntity
  8
Defpoints
 62
     0
100
AcDbPoint
 10
68.18560743701327
 20
58.28012220568481
 30
0.0
  0
ENDBLK
  5
E66
330
E5C
100
AcDbEntity
  8
0
100
AcDbBlockEnd
  0
BLOCK
  5
E7B
330
E72
100
AcDbEntity
  8
0
100
AcDbBlockBegin
  2
*D47
 70
     1
 10
0.0
 20
0.0
 30
0.0
  3
*D47
  1

  0
LINE
  5
E7E
330
E72
100
AcDbEntity
  8
diametros
 62
     0
370
    -2
100
AcDbLine
 10
79.59292654298711
 20
78.6496264727808
 30
0.0
 11
73.71339091986597
 21
73.34824250559257
 31
0.0
  0
LINE
  5
E7F
330
E72
100
AcDbEntity
  8
diametros
 62
     0
370
    -2
100
AcDbLine
 10
66.286609080134
 20
66.65175749440743
 30
0.0
 11
64.42991362020101
 21
64.97763624161113
 31
0.0
  0
MTEXT
  5
E80
330
E72
100
AcDbEntity
  8
diametros
 62
     0
100
AcDbMText
 10
76.32591552179583
 20
78.22851671053458
 30
0.0
 40
2.5
 41
0.0
 71
     5
 72
     1
  1
\U+22055
 11
0.7426781839731981
 21
0.6696485011185142
 31
0.0
 73
     1
 44
1.0
1001
ACAD
1000
MTEXTBEGIN
1070
    73
1070
     1
1070
    44
1040
1.0
1070
    74
1070
     0
1000
MTEXTEND
  0
LINE
  5
E81
330
E72
100
AcDbEntity
  8
diametros
 62
     0
370
    -2
100
AcDbLine
 10
68.14330454006699
 20
68.32587874720371
 30
0.0
 11
71.85669545993298
 21
71.67412125279629
 31
0.0
  0
SOLID
  5
E82
330
E72
100
AcDbEntity
  8
diametros
 62
     0
100
AcDbTrace
 10
66.00758887133462
 20
66.96120673772959
 30
0.0
 11
66.56562928893338
 21
66.34230825108526
 31
0.0
 12
68.14330454006699
 22
68.32587874720371
 32
0.0
 13
68.14330454006699
 23
68.32587874720371
 33
0.0
  0
SOLID
  5
E83
330
E72
100
AcDbEntity
  8
diametros
 62
     0
100
AcDbTrace
 10
73.43437071106659
 20
73.65769174891473
 30
0.0
 11
73.99241112866535
 21
73.03879326227039
 31
0.0
 12
71.85669545993298
 22
71.67412125279629
 32
0.0
 13
71.85669545993298
 23
71.67412125279629
 33
0.0
  0
POINT
  5
E84
330
E72
100
AcDbEntity
  8
Defpoints
 62
     0
100
AcDbPoint
 10
71.85669545993298
 20
71.67412125279629
 30
0.0
  0
POINT
  5
E85
330
E72
100
AcDbEntity
  8
Defpoints
 62
     0
100
AcDbPoint
 10
68.14330454006699
 20
68.32587874720371
 30
0.0
  0
ENDBLK
  5
E7C
330
E72
100
AcDbEntity
  8
0
100
AcDbBlockEnd
  0
BLOCK
  5
E91
330
E88
100
AcDbEntity
  8
0
100
AcDbBlockBegin
  2
*D48
 70
     1
 10
0.0
 20
0.0
 30
0.0
  3
*D48
  1

  0
LINE
  5
E94
330
E88
100
AcDbEntity
  8
diametros
 62
     0
370
    -2
100
AcDbLine
 10
69.30035146476462
 20
78.96346698602882
 30
0.0
 11
63.60013605087663
 21
73.46972915588214
 31
0.0
  0
LINE
  5
E95
330
E88
100
AcDbEntity
  8
diametros
 62
     0
370
    -2
100
AcDbLine
 10
56.39986394912337
 20
66.53027084411786
 30
0.0
 11
54.59979592368505
 21
64.7954062661768
 31
0.0
  0
MTEXT
  5
E96
330
E88
100
AcDbEntity
  8
diametros
 62
     0
100
AcDbMText
 10
66.04912933708397
 20
78.43408137900474
 30
0.0
 40
2.5
 41
0.0
 71
     5
 72
     1
  1
\U+22055
 11
0.7200272101753243
 21
0.6939458311764253
 31
0.0
 73
     1
 44
1.0
1001
ACAD
1000
MTEXTBEGIN
1070
    73
1070
     1
1070
    44
1040
1.0
1070
    74
1070
     0
1000
MTEXTEND
  0
LINE
  5
E97
330
E88
100
AcDbEntity
  8
diametros
 62
     0
370
    -2
100
AcDbLine
 10
58.19993197456168
 20
68.26513542205893
 30
0.0
 11
61.80006802543831
 21
71.73486457794107
 31
0.0
  0
SOLID
  5
E98
330
E88
100
AcDbEntity
  8
diametros
 62
     0
100
AcDbTrace
 10
56.11071985279986
 20
66.8302821816909
 30
0.0
 11
56.68900804544688
 21
66.23025950654481
 31
0.0
 12
58.19993197456168
 22
68.26513542205893
 32
0.0
 13
58.19993197456168
 23
68.26513542205893
 33
0.0
  0
SOLID
  5
E99
330
E88
100
AcDbEntity
  8
diametros
 62
     0
100
AcDbTrace
 10
63.31099195455312
 20
73.76974049345519
 30
0.0
 11
63.88928014720015
 21
73.16971781830908
 31
0.0
 12
61.80006802543831
 22
71.73486457794107
 32
0.0
 13
61.80006802543831
 23
71.73486457794107
 33
0.0
  0
POINT
  5
E9A
330
E88
100
AcDbEntity
  8
Defpoints
 62
     0
100
AcDbPoint
 10
61.80006802543831
 20
71.73486457794107
 30
0.0
  0
POINT
  5
E9B
330
E88
100
AcDbEntity
  8
Defpoints
 62
     0
100
AcDbPoint
 10
58.19993197456168
 20
68.26513542205893
 30
0.0
  0
ENDBLK
  5
E92
330
E88
100
AcDbEntity
  8
0
100
AcDbBlockEnd
  0
BLOCK
  5
EA7
330
E9E
100
AcDbEntity
  8
0
100
AcDbBlockBegin
  2
*D49
 70
     1
 10
0.0
 20
0.0
 30
0.0
  3
*D49
  1

  0
LINE
  5
EAA
330
E9E
100
AcDbEntity
  8
diametros
 62
     0
370
    -2
100
AcDbLine
 10
79.87763046171593
 20
101.6769780584478
 30
0.0
 11
73.82359888840618
 21
106.778185054883
 31
0.0
  0
LINE
  5
EAB
330
E9E
100
AcDbEntity
  8
diametros
 62
     0
370
    -2
100
AcDbLine
 10
66.17640111159383
 20
113.221814945117
 30
0.0
 11
64.26460166739075
 21
114.8327224176755
 31
0.0
  0
MTEXT
  5
EAC
330
E9E
100
AcDbEntity
  8
diametros
 62
     0
100
AcDbMText
 10
79.01469500158147
 20
104.8559774035384
 30
0.0
 40
2.5
 41
0.0
 71
     5
 72
     1
  1
\U+22055
 11
0.7647197776812334
 21
-0.6443629890233959
 31
0.0
 73
     1
 44
1.0
1001
ACAD
1000
MTEXTBEGIN
1070
    73
1070
     1
1070
    44
1040
1.0
1070
    74
1070
     0
1000
MTEXTEND
  0
LINE
  5
EAD
330
E9E
100
AcDbEntity
  8
diametros
 62
     0
370
    -2
100
AcDbLine
 10
68.08820055579691
 20
111.6109074725585
 30
0.0
 11
71.91179944420309
 21
108.3890925274415
 31
0.0
  0
SOLID
  5
EAE
330
E9E
100
AcDbEntity
  8
diametros
 62
     0
100
AcDbTrace
 10
66.44488569035357
 20
113.5404481858175
 30
0.0
 11
65.90791653283409
 21
112.9031817044165
 31
0.0
 12
68.08820055579691
 22
111.6109074725585
 32
0.0
 13
68.08820055579691
 23
111.6109074725585
 33
0.0
  0
SOLID
  5
EAF
330
E9E
100
AcDbEntity
  8
diametros
 62
     0
100
AcDbTrace
 10
74.09208346716592
 20
107.0968182955835
 30
0.0
 11
73.55511430964644
 21
106.4595518141825
 31
0.0
 12
71.91179944420309
 22
108.3890925274415
 32
0.0
 13
71.91179944420309
 23
108.3890925274415
 33
0.0
  0
POINT
  5
EB0
330
E9E
100
AcDbEntity
  8
Defpoints
 62
     0
100
AcDbPoint
 10
71.91179944420309
 20
108.3890925274415
 30
0.0
  0
POINT
  5
EB1
330
E9E
100
AcDbEntity
  8
Defpoints
 62
     0
100
AcDbPoint
 10
68.08820055579691
 20
111.6109074725585
 30
0.0
  0
ENDBLK
  5
EA8
330
E9E
100
AcDbEntity
  8
0
100
AcDbBlockEnd
  0
BLOCK
  5
EBD
330
EB4
100
AcDbEntity
  8
0
100
AcDbBlockBegin
  2
*D50
 70
     1
 10
0.0
 20
0.0
 30
0.0
  3
*D50
  1

  0
LINE
  5
EC0
330
EB4
100
AcDbEntity
  8
diametros
 62
     0
370
    -2
100
AcDbLine
 10
79.92683025899309
 20
111.7357203104616
 30
0.0
 11
73.84264397122312
 21
116.8009239911464
 31
0.0
  0
LINE
  5
EC1
330
EB4
100
AcDbEntity
  8
diametros
 62
     0
370
    -2
100
AcDbLine
 10
66.15735602877684
 20
123.1990760088535
 30
0.0
 11
64.23603404316527
 21
124.7986140132803
 31
0.0
  0
MTEXT
  5
EC2
330
EB4
100
AcDbEntity
  8
diametros
 62
     0
100
AcDbMText
 10
79.04505161123399
 20
114.9095446377993
 30
0.0
 40
2.5
 41
0.0
 71
     5
 72
     1
  1
\U+22055
 11
0.7685287942446281
 21
-0.6398152017707134
 31
0.0
 73
     1
 44
1.0
1001
ACAD
1000
MTEXTBEGIN
1070
    73
1070
     1
1070
    44
1040
1.0
1070
    74
1070
     0
1000
MTEXTEND
  0
LINE
  5
EC3
330
EB4
100
AcDbEntity
  8
diametros
 62
     0
370
    -2
100
AcDbLine
 10
68.07867801438842
 20
121.5995380044268
 30
0.0
 11
71.92132198561155
 21
118.4004619955732
 31
0.0
  0
SOLID
  5
EC4
330
EB4
100
AcDbEntity
  8
diametros
 62
     0
100
AcDbTrace
 10
66.4239456961813
 20
123.5192963397888
 30
0.0
 11
65.8907663613724
 21
122.8788556779183
 31
0.0
 12
68.07867801438842
 22
121.5995380044268
 32
0.0
 13
68.07867801438842
 23
121.5995380044268
 33
0.0
  0
SOLID
  5
EC5
330
EB4
100
AcDbEntity
  8
diametros
 62
     0
100
AcDbTrace
 10
74.10923363862758
 20
117.1211443220817
 30
0.0
 11
73.57605430381868
 21
116.4807036602111
 31
0.0
 12
71.92132198561155
 22
118.4004619955732
 32
0.0
 13
71.92132198561155
 23
118.4004619955732
 33
0.0
  0
POINT
  5
EC6
330
EB4
100
AcDbEntity
  8
Defpoints
 62
     0
100
AcDbPoint
 10
71.92132198561155
 20
118.4004619955732
 30
0.0
  0
POINT
  5
EC7
330
EB4
100
AcDbEntity
  8
Defpoints
 62
     0
100
AcDbPoint
 10
68.07867801438842
 20
121.5995380044268
 30
0.0
  0
ENDBLK
  5
EBE
330
EB4
100
AcDbEntity
  8
0
100
AcDbBlockEnd
  0
BLOCK
  5
ED3
330
ECA
100
AcDbEntity
  8
0
100
AcDbBlockBegin
  2
*D51
 70
     1
 10
0.0
 20
0.0
 30
0.0
  3
*D51
  1

  0
LINE
  5
ED6
330
ECA
100
AcDbEntity
  8
diametros
 62
     0
370
    -2
100
AcDbLine
 10
69.64930868192358
 20
101.4133173030132
 30
0.0
 11
63.73521626397043
 21
106.6761228269728
 31
0.0
  0
LINE
  5
ED7
330
ECA
100
AcDbEntity
  8
diametros
 62
     0
370
    -2
100
AcDbLine
 10
56.26478373602958
 20
113.3238771730271
 30
0.0
 11
54.39717560404438
 21
114.9858157595407
 31
0.0
  0
MTEXT
  5
ED8
330
ECA
100
AcDbEntity
  8
diametros
 62
     0
100
AcDbMText
 10
68.87252047882478
 20
104.6144568707251
 30
0.0
 40
2.5
 41
0.0
 71
     5
 72
     1
  1
\U+22055
 11
0.7470432527940825
 21
-0.6647754346054288
 31
0.0
 73
     1
 44
1.0
1001
ACAD
1000
MTEXTBEGIN
1070
    73
1070
     1
1070
    44
1040
1.0
1070
    74
1070
     0
1000
MTEXTEND
  0
LINE
  5
ED9
330
ECA
100
AcDbEntity
  8
diametros
 62
     0
370
    -2
100
AcDbLine
 10
58.13239186801479
 20
111.6619385865136
 30
0.0
 11
61.86760813198524
 21
108.3380614134864
 31
0.0
  0
SOLID
  5
EDA
330
ECA
100
AcDbEntity
  8
diametros
 62
     0
100
AcDbTrace
 10
56.54177350044851
 20
113.6351451950247
 30
0.0
 11
55.98779397161066
 21
113.0126091510296
 31
0.0
 12
58.13239186801479
 22
111.6619385865136
 32
0.0
 13
58.13239186801479
 23
111.6619385865136
 33
0.0
  0
SOLID
  5
EDB
330
ECA
100
AcDbEntity
  8
diametros
 62
     0
100
AcDbTrace
 10
64.01220602838936
 20
106.9873908489704
 30
0.0
 11
63.45822649955151
 21
106.3648548049753
 31
0.0
 12
61.86760813198524
 22
108.3380614134864
 32
0.0
 13
61.86760813198524
 23
108.3380614134864
 33
0.0
  0
POINT
  5
EDC
330
ECA
100
AcDbEntity
  8
Defpoints
 62
     0
100
AcDbPoint
 10
61.86760813198524
 20
108.3380614134864
 30
0.0
  0
POINT
  5
EDD
330
ECA
100
AcDbEntity
  8
Defpoints
 62
     0
100
AcDbPoint
 10
58.13239186801479
 20
111.6619385865136
 30
0.0
  0
ENDBLK
  5
ED4
330
ECA
100
AcDbEntity
  8
0
100
AcDbBlockEnd
  0
BLOCK
  5
F38
330
F2F
100
AcDbEntity
  8
0
100
AcDbBlockBegin
  2
*D52
 70
     1
 10
0.0
 20
0.0
 30
0.0
  3
*D52
  1

  0
LINE
  5
F3B
330
F2F
100
AcDbEntity
  8
diametros
 62
     0
370
    -2
100
AcDbLine
 10
110.0555126532794
 20
156.4958992118173
 30
0.0
 11
116.4569726399791
 21
161.1536799226058
 31
0.0
  0
LINE
  5
F3C
330
F2F
100
AcDbEntity
  8
diametros
 62
     0
370
    -2
100
AcDbLine
 10
124.5430273600209
 20
167.0371923993914
 30
0.0
 11
126.5645410400313
 21
168.5080705185878
 31
0.0
  0
MTEXT
  5
F3D
330
F2F
100
AcDbEntity
  8
diametros
 62
     0
100
AcDbMText
 10
111.1423272172268
 20
159.6054857676212
 30
0.0
 40
2.5
 41
0.0
 71
     5
 72
     1
  1
\U+22055
 11
0.8086054720041721
 21
0.5883512476785535
 31
0.0
 73
     1
 44
1.0
1001
ACAD
1000
MTEXTBEGIN
1070
    73
1070
     1
1070
    44
1040
1.0
1070
    74
1070
     0
1000
MTEXTEND
  0
LINE
  5
F3E
330
F2F
100
AcDbEntity
  8
diametros
 62
     0
370
    -2
100
AcDbLine
 10
122.5215136800104
 20
165.566314280195
 30
0.0
 11
118.4784863199896
 21
162.6245580418022
 31
0.0
  0
SOLID
  5
F3F
330
F2F
100
AcDbEntity
  8
diametros
 62
     0
100
AcDbTrace
 10
124.2978810068215
 20
167.3741113460597
 30
0.0
 11
124.7881737132203
 21
166.700273452723
 31
0.0
 12
122.5215136800104
 22
165.566314280195
 32
0.0
 13
122.5215136800104
 23
165.566314280195
 33
0.0
  0
SOLID
  5
F40
330
F2F
100
AcDbEntity
  8
diametros
 62
     0
100
AcDbTrace
 10
116.2118262867797
 20
161.4905988692742
 30
0.0
 11
116.7021189931785
 21
160.8167609759374
 31
0.0
 12
118.4784863199896
 22
162.6245580418022
 32
0.0
 13
118.4784863199896
 23
162.6245580418022
 33
0.0
  0
POINT
  5
F41
330
F2F
100
AcDbEntity
  8
Defpoints
 62
     0
100
AcDbPoint
 10
118.4784863199896
 20
162.6245580418022
 30
0.0
  0
POINT
  5
F42
330
F2F
100
AcDbEntity
  8
Defpoints
 62
     0
100
AcDbPoint
 10
122.5215136800104
 20
165.566314280195
 30
0.0
  0
ENDBLK
  5
F39
330
F2F
100
AcDbEntity
  8
0
100
AcDbBlockEnd
  0
BLOCK
  5
F52
330
F49
100
AcDbEntity
  8
0
100
AcDbBlockBegin
  2
*D53
 70
     1
 10
0.0
 20
0.0
 30
0.0
  3
*D53
  1

  0
LINE
  5
141A
330
F49
100
AcDbEntity
  8
diametros
 62
     0
370
    -2
100
AcDbLine
 10
107.8073282181866
 20
-1.700366054104769
 30
0.0
 11
115.5867076973625
 21
-3.168312248652593
 31
0.0
  0
LINE
  5
141B
330
F49
100
AcDbEntity
  8
diametros
 62
     0
370
    -2
100
AcDbLine
 10
125.4132923026374
 20
-5.022560073344582
 30
0.0
 11
127.8699384539561
 21
-5.486122029517581
 31
0.0
  0
MTEXT
  5
141C
330
F49
100
AcDbEntity
  8
diametros
 62
     0
100
AcDbMText
 10
110.816366349245
 20
-0.3600735598031441
 30
0.0
 40
2.5
 41
0.0
 71
     5
 72
     1
  1
\U+22055
 11
0.9826584605274867
 21
-0.185424782469199
 31
0.0
 73
     1
 44
1.0
1001
ACAD
1000
MTEXTBEGIN
1070
    73
1070
     1
1070
    44
1040
1.0
1070
    74
1070
     0
1000
MTEXTEND
  0
LINE
  5
141D
330
F49
100
AcDbEntity
  8
diametros
 62
     0
370
    -2
100
AcDbLine
 10
122.9566461513187
 20
-4.558998117171583
 30
0.0
 11
118.0433538486813
 21
-3.631874204825589
 31
0.0
  0
SOLID
  5
141E
330
F49
100
AcDbEntity
  8
diametros
 62
     0
100
AcDbTrace
 10
125.4905526286663
 20
-4.613119048124794
 30
0.0
 11
125.3360319766086
 21
-5.43200109856437
 31
0.0
 12
122.9566461513187
 22
-4.558998117171583
 32
0.0
 13
122.9566461513187
 23
-4.558998117171583
 33
0.0
  0
SOLID
  5
141F
330
F49
100
AcDbEntity
  8
diametros
 62
     0
100
AcDbTrace
 10
115.6639680233914
 20
-2.758871223432805
 30
0.0
 11
115.5094473713337
 21
-3.577753273872382
 31
0.0
 12
118.0433538486813
 22
-3.631874204825589
 32
0.0
 13
118.0433538486813
 23
-3.631874204825589
 33
0.0
  0
POINT
  5
1420
330
F49
100
AcDbEntity
  8
Defpoints
 62
     0
100
AcDbPoint
 10
118.0433538486813
 20
-3.631874204825589
 30
0.0
  0
POINT
  5
1421
330
F49
100
AcDbEntity
  8
Defpoints
 62
     0
100
AcDbPoint
 10
122.9566461513187
 20
-4.558998117171583
 30
0.0
  0
ENDBLK
  5
F53
330
F49
100
AcDbEntity
  8
0
100
AcDbBlockEnd
  0
BLOCK
  5
FFD
330
FF1
100
AcDbEntity
  8
0
100
AcDbBlockBegin
  2
*D54
 70
     1
 10
0.0
 20
0.0
 30
0.0
  3
*D54
  1

  0
LINE
  5
1000
330
FF1
100
AcDbEntity
  8
c_lateral
 62
     0
370
    -2
100
AcDbLine
 10
125.0
 20
169.7204361609986
 30
0.0
 11
125.0
 21
178.332262358275
 31
0.0
  0
LINE
  5
1001
330
FF1
100
AcDbEntity
  8
c_lateral
 62
     0
370
    -2
100
AcDbLine
 10
120.5
 20
164.7204361609986
 30
0.0
 11
120.5
 21
178.332262358275
 31
0.0
  0
LINE
  5
1002
330
FF1
100
AcDbEntity
  8
c_lateral
 62
     0
370
    -2
100
AcDbLine
 10
127.5
 20
177.082262358275
 30
0.0
 11
130.0
 21
177.082262358275
 31
0.0
  0
LINE
  5
1003
330
FF1
100
AcDbEntity
  8
c_lateral
 62
     0
370
    -2
100
AcDbLine
 10
118.0
 20
177.082262358275
 30
0.0
 11
108.8333333333333
 21
177.082262358275
 31
0.0
  0
LINE
  5
1004
330
FF1
100
AcDbEntity
  8
c_lateral
 62
     0
370
    -2
100
AcDbLine
 10
125.0
 20
177.082262358275
 30
0.0
 11
120.5
 21
177.082262358275
 31
0.0
  0
SOLID
  5
1005
330
FF1
100
AcDbEntity
  8
c_lateral
 62
     0
100
AcDbTrace
 10
127.5
 20
177.4989290249416
 30
0.0
 11
127.5
 21
176.6655956916083
 31
0.0
 12
125.0
 22
177.082262358275
 32
0.0
 13
125.0
 23
177.082262358275
 33
0.0
  0
SOLID
  5
1006
330
FF1
100
AcDbEntity
  8
c_lateral
 62
     0
100
AcDbTrace
 10
118.0
 20
177.4989290249416
 30
0.0
 11
118.0
 21
176.6655956916083
 31
0.0
 12
120.5
 22
177.082262358275
 32
0.0
 13
120.5
 23
177.082262358275
 33
0.0
  0
MTEXT
  5
1007
330
FF1
100
AcDbEntity
  8
c_lateral
 62
     0
100
AcDbMText
 10
112.1666666666667
 20
179.1655956916083
 30
0.0
 40
2.5
 41
0.0
 71
     5
 72
     1
  1
4,5
 73
     1
 44
1.0
1001
ACAD
1000
MTEXTBEGIN
1070
    73
1070
     1
1070
    44
1040
1.0
1070
    74
1070
     0
1000
MTEXTEND
  0
POINT
  5
1008
330
FF1
100
AcDbEntity
  8
Defpoints
 62
     0
100
AcDbPoint
 10
125.0
 20
169.0954361609986
 30
0.0
  0
POINT
  5
1009
330
FF1
100
AcDbEntity
  8
Defpoints
 62
     0
100
AcDbPoint
 10
120.5
 20
164.0954361609986
 30
0.0
  0
POINT
  5
100A
330
FF1
100
AcDbEntity
  8
Defpoints
 62
     0
100
AcDbPoint
 10
120.5
 20
177.082262358275
 30
0.0
  0
ENDBLK
  5
FFE
330
FF1
100
AcDbEntity
  8
0
100
AcDbBlockEnd
  0
BLOCK
  5
1017
330
100D
100
AcDbEntity
  8
0
100
AcDbBlockBegin
  2
*D55
 70
     1
 10
0.0
 20
0.0
 30
0.0
  3
*D55
  1

  0
LINE
  5
101A
330
100D
100
AcDbEntity
  8
c_lateral
 62
     0
370
    -2
100
AcDbLine
 10
169.5
 20
164.7204361609986
 30
0.0
 11
169.5
 21
178.332262358275
 31
0.0
  0
LINE
  5
101B
330
100D
100
AcDbEntity
  8
c_lateral
 62
     0
370
    -2
100
AcDbLine
 10
180.0
 20
169.7204361609986
 30
0.0
 11
180.0
 21
178.332262358275
 31
0.0
  0
LINE
  5
101C
330
100D
100
AcDbEntity
  8
c_lateral
 62
     0
370
    -2
100
AcDbLine
 10
172.0
 20
177.082262358275
 30
0.0
 11
177.5
 21
177.082262358275
 31
0.0
  0
SOLID
  5
101D
330
100D
100
AcDbEntity
  8
c_lateral
 62
     0
100
AcDbTrace
 10
172.0
 20
177.4989290249416
 30
0.0
 11
172.0
 21
176.6655956916083
 31
0.0
 12
169.5
 22
177.082262358275
 32
0.0
 13
169.5
 23
177.082262358275
 33
0.0
  0
SOLID
  5
101E
330
100D
100
AcDbEntity
  8
c_lateral
 62
     0
100
AcDbTrace
 10
177.5
 20
177.4989290249416
 30
0.0
 11
177.5
 21
176.6655956916083
 31
0.0
 12
180.0
 22
177.082262358275
 32
0.0
 13
180.0
 23
177.082262358275
 33
0.0
  0
MTEXT
  5
101F
330
100D
100
AcDbEntity
  8
c_lateral
 62
     0
100
AcDbMText
 10
174.75
 20
179.1655956916083
 30
0.0
 40
2.5
 41
0.0
 71
     5
 72
     1
  1
10,5
 73
     1
 44
1.0
1001
ACAD
1000
MTEXTBEGIN
1070
    73
1070
     1
1070
    44
1040
1.0
1070
    74
1070
     0
1000
MTEXTEND
  0
POINT
  5
1020
330
100D
100
AcDbEntity
  8
Defpoints
 62
     0
100
AcDbPoint
 10
169.5
 20
164.0954361609986
 30
0.0
  0
POINT
  5
1021
330
100D
100
AcDbEntity
  8
Defpoints
 62
     0
100
AcDbPoint
 10
180.0
 20
169.0954361609986
 30
0.0
  0
POINT
  5
1022
330
100D
100
AcDbEntity
  8
Defpoints
 62
     0
100
AcDbPoint
 10
180.0
 20
177.082262358275
 30
0.0
  0
ENDBLK
  5
1018
330
100D
100
AcDbEntity
  8
0
100
AcDbBlockEnd
  0
BLOCK
  5
10DE
330
10D4
100
AcDbEntity
  8
0
100
AcDbBlockBegin
  2
*D56
 70
     1
 10
0.0
 20
0.0
 30
0.0
  3
*D56
  1

  0
LINE
  5
152D
330
10D4
100
AcDbEntity
  8
c_lateral
 62
     0
370
    -2
100
AcDbLine
 10
270.0
 20
130.625
 30
0.0
 11
270.0
 21
140.6938855600571
 31
0.0
  0
LINE
  5
152E
330
10D4
100
AcDbEntity
  8
c_lateral
 62
     0
370
    -2
100
AcDbLine
 10
263.0
 20
127.625
 30
0.0
 11
263.0
 21
140.6938855600571
 31
0.0
  0
LINE
  5
152F
330
10D4
100
AcDbEntity
  8
c_lateral
 62
     0
370
    -2
100
AcDbLine
 10
267.5
 20
139.4438855600571
 30
0.0
 11
265.5
 21
139.4438855600571
 31
0.0
  0
SOLID
  5
1530
330
10D4
100
AcDbEntity
  8
c_lateral
 62
     0
100
AcDbTrace
 10
267.5
 20
139.8605522267237
 30
0.0
 11
267.5
 21
139.0272188933904
 31
0.0
 12
270.0
 22
139.4438855600571
 32
0.0
 13
270.0
 23
139.4438855600571
 33
0.0
  0
SOLID
  5
1531
330
10D4
100
AcDbEntity
  8
c_lateral
 62
     0
100
AcDbTrace
 10
265.5
 20
139.8605522267237
 30
0.0
 11
265.5
 21
139.0272188933904
 31
0.0
 12
263.0
 22
139.4438855600571
 32
0.0
 13
263.0
 23
139.4438855600571
 33
0.0
  0
MTEXT
  5
1532
330
10D4
100
AcDbEntity
  8
c_lateral
 62
     0
100
AcDbMText
 10
266.5
 20
141.3188855600571
 30
0.0
 40
2.5
 41
0.0
 71
     5
 72
     1
  1
7
 73
     1
 44
1.0
1001
ACAD
1000
MTEXTBEGIN
1070
    73
1070
     1
1070
    44
1040
1.0
1070
    74
1070
     0
1000
MTEXTEND
  0
POINT
  5
1533
330
10D4
100
AcDbEntity
  8
Defpoints
 62
     0
100
AcDbPoint
 10
270.0
 20
130.0
 30
0.0
  0
POINT
  5
1534
330
10D4
100
AcDbEntity
  8
Defpoints
 62
     0
100
AcDbPoint
 10
263.0
 20
127.0
 30
0.0
  0
POINT
  5
1535
330
10D4
100
AcDbEntity
  8
Defpoints
 62
     0
100
AcDbPoint
 10
263.0
 20
139.4438855600571
 30
0.0
  0
ENDBLK
  5
10DF
330
10D4
100
AcDbEntity
  8
0
100
AcDbBlockEnd
  0
BLOCK
  5
1110
330
1106
100
AcDbEntity
  8
0
100
AcDbBlockBegin
  2
*D57
 70
     1
 10
0.0
 20
0.0
 30
0.0
  3
*D57
  1

  0
LINE
  5
1536
330
1106
100
AcDbEntity
  8
c_lateral
 62
     0
370
    -2
100
AcDbLine
 10
259.375
 20
100.0
 30
0.0
 11
244.731945648268
 21
100.0
 31
0.0
  0
LINE
  5
1537
330
1106
100
AcDbEntity
  8
c_lateral
 62
     0
370
    -2
100
AcDbLine
 10
259.375
 20
80.0
 30
0.0
 11
244.731945648268
 21
80.0
 31
0.0
  0
LINE
  5
1538
330
1106
100
AcDbEntity
  8
c_lateral
 62
     0
370
    -2
100
AcDbLine
 10
245.981945648268
 20
97.5
 30
0.0
 11
245.981945648268
 21
82.5
 31
0.0
  0
SOLID
  5
1539
330
1106
100
AcDbEntity
  8
c_lateral
 62
     0
100
AcDbTrace
 10
245.5652789816014
 20
97.5
 30
0.0
 11
246.3986123149347
 21
97.5
 31
0.0
 12
245.981945648268
 22
100.0
 32
0.0
 13
245.981945648268
 23
100.0
 33
0.0
  0
SOLID
  5
153A
330
1106
100
AcDbEntity
  8
c_lateral
 62
     0
100
AcDbTrace
 10
245.5652789816014
 20
82.5
 30
0.0
 11
246.3986123149347
 21
82.5
 31
0.0
 12
245.981945648268
 22
80.0
 32
0.0
 13
245.981945648268
 23
80.0
 33
0.0
  0
MTEXT
  5
153B
330
1106
100
AcDbEntity
  8
c_lateral
 62
     0
100
AcDbMText
 10
244.106945648268
 20
90.00000000000005
 30
0.0
 40
2.5
 41
0.0
 71
     5
 72
     1
  1
20
 11
0.0000000000000001
 21
1.0
 31
0.0
 73
     1
 44
1.0
1001
ACAD
1000
MTEXTBEGIN
1070
    73
1070
     1
1070
    44
1040
1.0
1070
    74
1070
     0
1000
MTEXTEND
  0
POINT
  5
153C
330
1106
100
AcDbEntity
  8
Defpoints
 62
     0
100
AcDbPoint
 10
260.0
 20
100.0
 30
0.0
  0
POINT
  5
153D
330
1106
100
AcDbEntity
  8
Defpoints
 62
     0
100
AcDbPoint
 10
260.0
 20
80.0
 30
0.0
  0
POINT
  5
153E
330
1106
100
AcDbEntity
  8
Defpoints
 62
     0
100
AcDbPoint
 10
245.981945648268
 20
80.0
 30
0.0
  0
ENDBLK
  5
1111
330
1106
100
AcDbEntity
  8
0
100
AcDbBlockEnd
  0
BLOCK
  5
112A
330
111E
100
AcDbEntity
  8
0
100
AcDbBlockBegin
  2
*D58
 70
     1
 10
0.0
 20
0.0
 30
0.0
  3
*D58
  1

  0
LINE
  5
153F
330
111E
100
AcDbEntity
  8
c_lateral
 62
     0
370
    -2
100
AcDbLine
 10
260.0
 20
79.375
 30
0.0
 11
260.0
 21
45.59620167237767
 31
0.0
  0
LINE
  5
1540
330
111E
100
AcDbEntity
  8
c_lateral
 62
     0
370
    -2
100
AcDbLine
 10
263.0
 20
79.375
 30
0.0
 11
263.0
 21
45.59620167237767
 31
0.0
  0
LINE
  5
1541
330
111E
100
AcDbEntity
  8
c_lateral
 62
     0
370
    -2
100
AcDbLine
 10
257.5
 20
46.84620167237767
 30
0.0
 11
255.0
 21
46.84620167237767
 31
0.0
  0
LINE
  5
1542
330
111E
100
AcDbEntity
  8
c_lateral
 62
     0
370
    -2
100
AcDbLine
 10
265.5
 20
46.84620167237767
 30
0.0
 11
268.0
 21
46.84620167237767
 31
0.0
  0
LINE
  5
1543
330
111E
100
AcDbEntity
  8
c_lateral
 62
     0
370
    -2
100
AcDbLine
 10
260.0
 20
46.84620167237767
 30
0.0
 11
263.0
 21
46.84620167237767
 31
0.0
  0
SOLID
  5
1544
330
111E
100
AcDbEntity
  8
c_lateral
 62
     0
100
AcDbTrace
 10
257.5
 20
47.26286833904434
 30
0.0
 11
257.5
 21
46.42953500571101
 31
0.0
 12
260.0
 22
46.84620167237767
 32
0.0
 13
260.0
 23
46.84620167237767
 33
0.0
  0
SOLID
  5
1545
330
111E
100
AcDbEntity
  8
c_lateral
 62
     0
100
AcDbTrace
 10
265.5
 20
47.26286833904434
 30
0.0
 11
265.5
 21
46.42953500571101
 31
0.0
 12
263.0
 22
46.84620167237767
 32
0.0
 13
263.0
 23
46.84620167237767
 33
0.0
  0
MTEXT
  5
1546
330
111E
100
AcDbEntity
  8
c_lateral
 62
     0
100
AcDbMText
 10
261.5
 20
48.72120167237767
 30
0.0
 40
2.5
 41
0.0
 71
     5
 72
     1
  1
3
 73
     1
 44
1.0
1001
ACAD
1000
MTEXTBEGIN
1070
    73
1070
     1
1070
    44
1040
1.0
1070
    74
1070
     0
1000
MTEXTEND
  0
POINT
  5
1547
330
111E
100
AcDbEntity
  8
Defpoints
 62
     0
100
AcDbPoint
 10
260.0
 20
80.0
 30
0.0
  0
POINT
  5
1548
330
111E
100
AcDbEntity
  8
Defpoints
 62
     0
100
AcDbPoint
 10
263.0
 20
80.0
 30
0.0
  0
POINT
  5
1549
330
111E
100
AcDbEntity
  8
Defpoints
 62
     0
100
AcDbPoint
 10
263.0
 20
46.84620167237767
 30
0.0
  0
ENDBLK
  5
112B
330
111E
100
AcDbEntity
  8
0
100
AcDbBlockEnd
  0
BLOCK
  5
11AE
330
11A5
100
AcDbEntity
  8
0
100
AcDbBlockBegin
  2
*D59
 70
     1
 10
0.0
 20
0.0
 30
0.0
  3
*D59
  1

  0
LINE
  5
1769
330
11A5
100
AcDbEntity
  8
diametros
 62
     0
370
    -2
100
AcDbLine
 10
-75.87556976182739
 20
161.8994760518608
 30
0.0
 11
-62.40384663851887
 21
153.2002976053637
 31
0.0
  0
LINE
  5
176A
330
11A5
100
AcDbEntity
  8
diametros
 62
     0
370
    -2
100
AcDbLine
 10
-11.9992513394902
 20
120.652228956961
 30
0.0
 11
-9.899059868697335
 21
119.2960594299443
 31
0.0
  0
MTEXT
  5
176B
330
11A5
100
AcDbEntity
  8
diametros
 62
     0
100
AcDbMText
 10
-71.5331394544761
 20
161.3273512371789
 30
0.0
 40
2.5
 41
0.0
 71
     5
 72
     1
  1
\U+220555
 11
0.8400765883171452
 21
-0.5424678108067111
 31
0.0
 73
     1
 44
1.0
1001
ACAD
1000
MTEXTBEGIN
1070
    73
1070
     1
1070
    44
1040
1.0
1070
    74
1070
     0
1000
MTEXTEND
  0
LINE
  5
176C
330
11A5
100
AcDbEntity
  8
diametros
 62
     0
370
    -2
100
AcDbLine
 10
-14.09944281028306
 20
122.0083984839778
 30
0.0
 11
-60.30365516772603
 21
151.8441280783469
 31
0.0
  0
SOLID
  5
176D
330
11A5
100
AcDbEntity
  8
diametros
 62
     0
100
AcDbTrace
 10
-11.7732230849874
 20
121.0022608687598
 30
0.0
 11
-12.22527959399299
 21
120.3021970451622
 31
0.0
 12
-14.09944281028306
 22
122.0083984839778
 32
0.0
 13
-14.09944281028306
 23
122.0083984839778
 33
0.0
  0
SOLID
  5
176E
330
11A5
100
AcDbEntity
  8
diametros
 62
     0
100
AcDbTrace
 10
-62.17781838401608
 20
153.5503295171625
 30
0.0
 11
-62.62987489302167
 21
152.8502656935649
 31
0.0
 12
-60.30365516772603
 22
151.8441280783469
 32
0.0
 13
-60.30365516772603
 23
151.8441280783469
 33
0.0
  0
POINT
  5
176F
330
11A5
100
AcDbEntity
  8
Defpoints
 62
     0
100
AcDbPoint
 10
-60.30365516772603
 20
151.8441280783469
 30
0.0
  0
POINT
  5
1770
330
11A5
100
AcDbEntity
  8
Defpoints
 62
     0
100
AcDbPoint
 10
-14.09944281028306
 20
122.0083984839778
 30
0.0
  0
ENDBLK
  5
11AF
330
11A5
100
AcDbEntity
  8
0
100
AcDbBlockEnd
  0
BLOCK
  5
11C4
330
11BB
100
AcDbEntity
  8
0
100
AcDbBlockBegin
  2
*D60
 70
     1
 10
0.0
 20
0.0
 30
0.0
  3
*D60
  1

  0
LINE
  5
1771
330
11BB
100
AcDbEntity
  8
diametros
 62
     0
370
    -2
100
AcDbLine
 10
-86.97341731292659
 20
71.92055602810305
 30
0.0
 11
-63.2825573004294
 21
58.45415551609203
 31
0.0
  0
LINE
  5
1772
330
11BB
100
AcDbEntity
  8
diametros
 62
     0
370
    -2
100
AcDbLine
 10
-11.1205406775797
 20
28.80412985273798
 30
0.0
 11
-8.947123318294297
 21
27.5687121167649
 31
0.0
  0
MTEXT
  5
1773
330
11BB
100
AcDbEntity
  8
diametros
 62
     0
100
AcDbMText
 10
-82.60560985874491
 20
71.5945409656097
 30
0.0
 40
2.5
 41
0.0
 71
     5
 72
     1
  1
\U+220555
 11
0.8693669437141613
 21
-0.4941670943892342
 31
0.0
 73
     1
 44
1.0
1001
ACAD
1000
MTEXTBEGIN
1070
    73
1070
     1
1070
    44
1040
1.0
1070
    74
1070
     0
1000
MTEXTEND
  0
LINE
  5
1774
330
11BB
100
AcDbEntity
  8
diametros
 62
     0
370
    -2
100
AcDbLine
 10
-13.2939580368651
 20
30.03954758871107
 30
0.0
 11
-61.109139941144
 21
57.21873778011894
 31
0.0
  0
SOLID
  5
1775
330
11BB
100
AcDbEntity
  8
diametros
 62
     0
100
AcDbTrace
 10
-10.91463772158418
 20
29.16636607928555
 30
0.0
 11
-11.32644363357521
 21
28.44189362619042
 31
0.0
 12
-13.2939580368651
 22
30.03954758871107
 32
0.0
 13
-13.2939580368651
 23
30.03954758871107
 33
0.0
  0
SOLID
  5
1776
330
11BB
100
AcDbEntity
  8
diametros
 62
     0
100
AcDbTrace
 10
-63.07665434443388
 20
58.81639174263959
 30
0.0
 11
-63.4884602564249
 21
58.09191928954446
 31
0.0
 12
-61.109139941144
 22
57.21873778011894
 32
0.0
 13
-61.109139941144
 23
57.21873778011894
 33
0.0
  0
POINT
  5
1777
330
11BB
100
AcDbEntity
  8
Defpoints
 62
     0
100
AcDbPoint
 10
-61.109139941144
 20
57.21873778011894
 30
0.0
  0
POINT
  5
1778
330
11BB
100
AcDbEntity
  8
Defpoints
 62
     0
100
AcDbPoint
 10
-13.2939580368651
 20
30.03954758871107
 30
0.0
  0
ENDBLK
  5
11C5
330
11BB
100
AcDbEntity
  8
0
100
AcDbBlockEnd
  0
BLOCK
  5
11EE
330
11E4
100
AcDbEntity
  8
0
100
AcDbBlockBegin
  2
*D61
 70
     1
 10
0.0
 20
0.0
 30
0.0
  3
*D61
  1

  0
LINE
  5
11F1
330
11E4
100
AcDbEntity
  8
c_base
 62
     0
370
    -2
100
AcDbLine
 10
161.375
 20
100.0
 30
0.0
 11
146.2159227369196
 21
100.0
 31
0.0
  0
LINE
  5
11F2
330
11E4
100
AcDbEntity
  8
c_base
 62
     0
370
    -2
100
AcDbLine
 10
161.375
 20
80.0
 30
0.0
 11
146.2159227369196
 21
80.00000000000001
 31
0.0
  0
LINE
  5
11F3
330
11E4
100
AcDbEntity
  8
c_base
 62
     0
370
    -2
100
AcDbLine
 10
147.4659227369196
 20
97.50000000000001
 30
0.0
 11
147.4659227369196
 21
82.50000000000001
 31
0.0
  0
SOLID
  5
11F4
330
11E4
100
AcDbEntity
  8
c_base
 62
     0
100
AcDbTrace
 10
147.049256070253
 20
97.50000000000001
 30
0.0
 11
147.8825894035863
 21
97.50000000000001
 31
0.0
 12
147.4659227369196
 22
100.0
 32
0.0
 13
147.4659227369196
 23
100.0
 33
0.0
  0
SOLID
  5
11F5
330
11E4
100
AcDbEntity
  8
c_base
 62
     0
100
AcDbTrace
 10
147.049256070253
 20
82.50000000000001
 30
0.0
 11
147.8825894035863
 21
82.50000000000001
 31
0.0
 12
147.4659227369196
 22
80.00000000000001
 32
0.0
 13
147.4659227369196
 23
80.00000000000001
 33
0.0
  0
MTEXT
  5
11F6
330
11E4
100
AcDbEntity
  8
c_base
 62
     0
100
AcDbMText
 10
145.5909227369196
 20
90.00000000000003
 30
0.0
 40
2.5
 41
0.0
 71
     5
 72
     1
  1
20
 11
0.0000000000000001
 21
1.0
 31
0.0
 73
     1
 44
1.0
1001
ACAD
1000
MTEXTBEGIN
1070
    73
1070
     1
1070
    44
1040
1.0
1070
    74
1070
     0
1000
MTEXTEND
  0
POINT
  5
11F7
330
11E4
100
AcDbEntity
  8
Defpoints
 62
     0
100
AcDbPoint
 10
162.0
 20
100.0
 30
0.0
  0
POINT
  5
11F8
330
11E4
100
AcDbEntity
  8
Defpoints
 62
     0
100
AcDbPoint
 10
162.0
 20
80.0
 30
0.0
  0
POINT
  5
11F9
330
11E4
100
AcDbEntity
  8
Defpoints
 62
     0
100
AcDbPoint
 10
147.4659227369196
 20
80.00000000000001
 30
0.0
  0
ENDBLK
  5
11EF
330
11E4
100
AcDbEntity
  8
0
100
AcDbBlockEnd
  0
BLOCK
  5
126A
330
1260
100
AcDbEntity
  8
0
100
AcDbBlockBegin
  2
*D62
 70
     1
 10
0.0
 20
0.0
 30
0.0
  3
*D62
  1

  0
LINE
  5
126D
330
1260
100
AcDbEntity
  8
c_base
 62
     0
370
    -2
100
AcDbLine
 10
172.0
 20
101.25
 30
0.0
 11
172.0
 21
108.9984545075582
 31
0.0
  0
LINE
  5
126E
330
1260
100
AcDbEntity
  8
c_base
 62
     0
370
    -2
100
AcDbLine
 10
162.0
 20
101.25
 30
0.0
 11
162.0
 21
108.9984545075582
 31
0.0
  0
LINE
  5
126F
330
1260
100
AcDbEntity
  8
c_base
 62
     0
370
    -2
100
AcDbLine
 10
169.5
 20
107.7484545075583
 30
0.0
 11
164.5
 21
107.7484545075583
 31
0.0
  0
SOLID
  5
1270
330
1260
100
AcDbEntity
  8
c_base
 62
     0
100
AcDbTrace
 10
169.5
 20
108.1651211742249
 30
0.0
 11
169.5
 21
107.3317878408916
 31
0.0
 12
172.0
 22
107.7484545075583
 32
0.0
 13
172.0
 23
107.7484545075583
 33
0.0
  0
SOLID
  5
1271
330
1260
100
AcDbEntity
  8
c_base
 62
     0
100
AcDbTrace
 10
164.5
 20
108.1651211742249
 30
0.0
 11
164.5
 21
107.3317878408916
 31
0.0
 12
162.0
 22
107.7484545075583
 32
0.0
 13
162.0
 23
107.7484545075583
 33
0.0
  0
MTEXT
  5
1272
330
1260
100
AcDbEntity
  8
c_base
 62
     0
100
AcDbMText
 10
167.0
 20
109.6234545075583
 30
0.0
 40
2.5
 41
0.0
 71
     5
 72
     1
  1
10
 73
     1
 44
1.0
1001
ACAD
1000
MTEXTBEGIN
1070
    73
1070
     1
1070
    44
1040
1.0
1070
    74
1070
     0
1000
MTEXTEND
  0
POINT
  5
1273
330
1260
100
AcDbEntity
  8
Defpoints
 62
     0
100
AcDbPoint
 10
172.0
 20
100.625
 30
0.0
  0
POINT
  5
1274
330
1260
100
AcDbEntity
  8
Defpoints
 62
     0
100
AcDbPoint
 10
162.0
 20
100.625
 30
0.0
  0
POINT
  5
1275
330
1260
100
AcDbEntity
  8
Defpoints
 62
     0
100
AcDbPoint
 10
162.0
 20
107.7484545075583
 30
0.0
  0
ENDBLK
  5
126B
330
1260
100
AcDbEntity
  8
0
100
AcDbBlockEnd
  0
BLOCK
  5
12A5
330
1299
100
AcDbEntity
  8
0
100
AcDbBlockBegin
  2
*D63
 70
     1
 10
0.0
 20
0.0
 30
0.0
  3
*D63
  1

  0
LINE
  5
12A8
330
1299
100
AcDbEntity
  8
c_base
 62
     0
370
    -2
100
AcDbLine
 10
172.0
 20
79.375
 30
0.0
 11
172.0
 21
71.96471267308203
 31
0.0
  0
LINE
  5
12A9
330
1299
100
AcDbEntity
  8
c_base
 62
     0
370
    -2
100
AcDbLine
 10
177.0
 20
79.375
 30
0.0
 11
177.0
 21
71.96471267308203
 31
0.0
  0
LINE
  5
12AA
330
1299
100
AcDbEntity
  8
c_base
 62
     0
370
    -2
100
AcDbLine
 10
169.5
 20
73.21471267308203
 30
0.0
 11
167.0
 21
73.21471267308203
 31
0.0
  0
LINE
  5
12AB
330
1299
100
AcDbEntity
  8
c_base
 62
     0
370
    -2
100
AcDbLine
 10
179.5
 20
73.21471267308203
 30
0.0
 11
182.0
 21
73.21471267308203
 31
0.0
  0
LINE
  5
12AC
330
1299
100
AcDbEntity
  8
c_base
 62
     0
370
    -2
100
AcDbLine
 10
172.0
 20
73.21471267308203
 30
0.0
 11
177.0
 21
73.21471267308203
 31
0.0
  0
SOLID
  5
12AD
330
1299
100
AcDbEntity
  8
c_base
 62
     0
100
AcDbTrace
 10
169.5
 20
73.6313793397487
 30
0.0
 11
169.5
 21
72.79804600641536
 31
0.0
 12
172.0
 22
73.21471267308203
 32
0.0
 13
172.0
 23
73.21471267308203
 33
0.0
  0
SOLID
  5
12AE
330
1299
100
AcDbEntity
  8
c_base
 62
     0
100
AcDbTrace
 10
179.5
 20
73.6313793397487
 30
0.0
 11
179.5
 21
72.79804600641536
 31
0.0
 12
177.0
 22
73.21471267308203
 32
0.0
 13
177.0
 23
73.21471267308203
 33
0.0
  0
MTEXT
  5
12AF
330
1299
100
AcDbEntity
  8
c_base
 62
     0
100
AcDbMText
 10
174.5
 20
75.08971267308203
 30
0.0
 40
2.5
 41
0.0
 71
     5
 72
     1
  1
5
 73
     1
 44
1.0
1001
ACAD
1000
MTEXTBEGIN
1070
    73
1070
     1
1070
    44
1040
1.0
1070
    74
1070
     0
1000
MTEXTEND
  0
POINT
  5
12B0
330
1299
100
AcDbEntity
  8
Defpoints
 62
     0
100
AcDbPoint
 10
172.0
 20
80.0
 30
0.0
  0
POINT
  5
12B1
330
1299
100
AcDbEntity
  8
Defpoints
 62
     0
100
AcDbPoint
 10
177.0
 20
80.0
 30
0.0
  0
POINT
  5
12B2
330
1299
100
AcDbEntity
  8
Defpoints
 62
     0
100
AcDbPoint
 10
177.0
 20
73.21471267308203
 30
0.0
  0
ENDBLK
  5
12A6
330
1299
100
AcDbEntity
  8
0
100
AcDbBlockEnd
  0
BLOCK
  5
12DB
330
12D1
100
AcDbEntity
  8
0
100
AcDbBlockBegin
  2
*D64
 70
     1
 10
0.0
 20
0.0
 30
0.0
  3
*D64
  1

  0
LINE
  5
12DE
330
12D1
100
AcDbEntity
  8
c_base
 62
     0
370
    -2
100
AcDbLine
 10
70.0
 20
49.375
 30
0.0
 11
70.0
 21
27.68026665779672
 31
0.0
  0
LINE
  5
12DF
330
12D1
100
AcDbEntity
  8
c_base
 62
     0
370
    -2
100
AcDbLine
 10
115.0
 20
49.375
 30
0.0
 11
115.0
 21
27.68026665779672
 31
0.0
  0
LINE
  5
12E0
330
12D1
100
AcDbEntity
  8
c_base
 62
     0
370
    -2
100
AcDbLine
 10
72.5
 20
28.93026665779672
 30
0.0
 11
112.5
 21
28.93026665779672
 31
0.0
  0
SOLID
  5
12E1
330
12D1
100
AcDbEntity
  8
c_base
 62
     0
100
AcDbTrace
 10
72.5
 20
29.34693332446339
 30
0.0
 11
72.5
 21
28.51359999113006
 31
0.0
 12
70.0
 22
28.93026665779672
 32
0.0
 13
70.0
 23
28.93026665779672
 33
0.0
  0
SOLID
  5
12E2
330
12D1
100
AcDbEntity
  8
c_base
 62
     0
100
AcDbTrace
 10
112.5
 20
29.34693332446339
 30
0.0
 11
112.5
 21
28.51359999113006
 31
0.0
 12
115.0
 22
28.93026665779672
 32
0.0
 13
115.0
 23
28.93026665779672
 33
0.0
  0
MTEXT
  5
12E3
330
12D1
100
AcDbEntity
  8
c_base
 62
     0
100
AcDbMText
 10
92.5
 20
30.80526665779672
 30
0.0
 40
2.5
 41
0.0
 71
     5
 72
     1
  1
45
 73
     1
 44
1.0
1001
ACAD
1000
MTEXTBEGIN
1070
    73
1070
     1
1070
    44
1040
1.0
1070
    74
1070
     0
1000
MTEXTEND
  0
POINT
  5
12E4
330
12D1
100
AcDbEntity
  8
Defpoints
 62
     0
100
AcDbPoint
 10
70.0
 20
50.0
 30
0.0
  0
POINT
  5
12E5
330
12D1
100
AcDbEntity
  8
Defpoints
 62
     0
100
AcDbPoint
 10
115.0
 20
50.0
 30
0.0
  0
POINT
  5
12E6
330
12D1
100
AcDbEntity
  8
Defpoints
 62
     0
100
AcDbPoint
 10
115.0
 20
28.93026665779672
 30
0.0
  0
ENDBLK
  5
12DC
330
12D1
100
AcDbEntity
  8
0
100
AcDbBlockEnd
  0
BLOCK
  5
12F8
330
12EE
100
AcDbEntity
  8
0
100
AcDbBlockBegin
  2
*D65
 70
     1
 10
0.0
 20
0.0
 30
0.0
  3
*D65
  1

  0
LINE
  5
12FB
330
12EE
100
AcDbEntity
  8
c_base
 62
     0
370
    -2
100
AcDbLine
 10
170.0
 20
49.375
 30
0.0
 11
170.0
 21
27.68026665779672
 31
0.0
  0
LINE
  5
12FC
330
12EE
100
AcDbEntity
  8
c_base
 62
     0
370
    -2
100
AcDbLine
 10
202.0
 20
49.375
 30
0.0
 11
202.0
 21
27.68026665779672
 31
0.0
  0
LINE
  5
12FD
330
12EE
100
AcDbEntity
  8
c_base
 62
     0
370
    -2
100
AcDbLine
 10
172.5
 20
28.93026665779672
 30
0.0
 11
199.5
 21
28.93026665779672
 31
0.0
  0
SOLID
  5
12FE
330
12EE
100
AcDbEntity
  8
c_base
 62
     0
100
AcDbTrace
 10
172.5
 20
29.34693332446339
 30
0.0
 11
172.5
 21
28.51359999113006
 31
0.0
 12
170.0
 22
28.93026665779672
 32
0.0
 13
170.0
 23
28.93026665779672
 33
0.0
  0
SOLID
  5
12FF
330
12EE
100
AcDbEntity
  8
c_base
 62
     0
100
AcDbTrace
 10
199.5
 20
29.34693332446339
 30
0.0
 11
199.5
 21
28.51359999113006
 31
0.0
 12
202.0
 22
28.93026665779672
 32
0.0
 13
202.0
 23
28.93026665779672
 33
0.0
  0
MTEXT
  5
1300
330
12EE
100
AcDbEntity
  8
c_base
 62
     0
100
AcDbMText
 10
186.0
 20
30.80526665779672
 30
0.0
 40
2.5
 41
0.0
 71
     5
 72
     1
  1
32
 73
     1
 44
1.0
1001
ACAD
1000
MTEXTBEGIN
1070
    73
1070
     1
1070
    44
1040
1.0
1070
    74
1070
     0
1000
MTEXTEND
  0
POINT
  5
1301
330
12EE
100
AcDbEntity
  8
Defpoints
 62
     0
100
AcDbPoint
 10
170.0
 20
50.0
 30
0.0
  0
POINT
  5
1302
330
12EE
100
AcDbEntity
  8
Defpoints
 62
     0
100
AcDbPoint
 10
202.0
 20
50.0
 30
0.0
  0
POINT
  5
1303
330
12EE
100
AcDbEntity
  8
Defpoints
 62
     0
100
AcDbPoint
 10
202.0
 20
28.93026665779672
 30
0.0
  0
ENDBLK
  5
12F9
330
12EE
100
AcDbEntity
  8
0
100
AcDbBlockEnd
  0
BLOCK
  5
1310
330
1306
100
AcDbEntity
  8
0
100
AcDbBlockBegin
  2
*D66
 70
     1
 10
0.0
 20
0.0
 30
0.0
  3
*D66
  1

  0
LINE
  5
1313
330
1306
100
AcDbEntity
  8
c_base
 62
     0
370
    -2
100
AcDbLine
 10
207.625
 20
125.0
 30
0.0
 11
225.996009533226
 21
125.0
 31
0.0
  0
LINE
  5
1314
330
1306
100
AcDbEntity
  8
c_base
 62
     0
370
    -2
100
AcDbLine
 10
207.625
 20
55.0
 30
0.0
 11
225.996009533226
 21
55.0
 31
0.0
  0
LINE
  5
1315
330
1306
100
AcDbEntity
  8
c_base
 62
     0
370
    -2
100
AcDbLine
 10
224.746009533226
 20
122.5
 30
0.0
 11
224.746009533226
 21
57.5
 31
0.0
  0
SOLID
  5
1316
330
1306
100
AcDbEntity
  8
c_base
 62
     0
100
AcDbTrace
 10
224.3293428665594
 20
122.5
 30
0.0
 11
225.1626761998927
 21
122.5
 31
0.0
 12
224.746009533226
 22
125.0
 32
0.0
 13
224.746009533226
 23
125.0
 33
0.0
  0
SOLID
  5
1317
330
1306
100
AcDbEntity
  8
c_base
 62
     0
100
AcDbTrace
 10
224.3293428665594
 20
57.5
 30
0.0
 11
225.1626761998927
 21
57.5
 31
0.0
 12
224.746009533226
 22
55.0
 32
0.0
 13
224.746009533226
 23
55.0
 33
0.0
  0
MTEXT
  5
1318
330
1306
100
AcDbEntity
  8
c_base
 62
     0
100
AcDbMText
 10
222.871009533226
 20
90.00000000000003
 30
0.0
 40
2.5
 41
0.0
 71
     5
 72
     1
  1
70
 11
0.0000000000000001
 21
1.0
 31
0.0
 73
     1
 44
1.0
1001
ACAD
1000
MTEXTBEGIN
1070
    73
1070
     1
1070
    44
1040
1.0
1070
    74
1070
     0
1000
MTEXTEND
  0
POINT
  5
1319
330
1306
100
AcDbEntity
  8
Defpoints
 62
     0
100
AcDbPoint
 10
207.0
 20
125.0
 30
0.0
  0
POINT
  5
131A
330
1306
100
AcDbEntity
  8
Defpoints
 62
     0
100
AcDbPoint
 10
207.0
 20
55.0
 30
0.0
  0
POINT
  5
131B
330
1306
100
AcDbEntity
  8
Defpoints
 62
     0
100
AcDbPoint
 10
224.746009533226
 20
55.0
 30
0.0
  0
ENDBLK
  5
1311
330
1306
100
AcDbEntity
  8
0
100
AcDbBlockEnd
  0
BLOCK
  5
1325
330
131E
100
AcDbEntity
  8
0
100
AcDbBlockBegin
  2
*D67
 70
     1
 10
0.0
 20
0.0
 30
0.0
  3
*D67
  1

  0
LINE
  5
1328
330
131E
100
AcDbEntity
  8
diametros
 62
     0
370
    -2
100
AcDbLine
 10
217.6896672107309
 20
134.7763347341761
 30
0.0
 11
208.3653981972866
 21
128.9663214430981
 31
0.0
  0
MTEXT
  5
1329
330
131E
100
AcDbEntity
  8
diametros
 62
     0
100
AcDbMText
 10
214.3994708342696
 20
134.9354015401568
 30
0.0
 40
2.5
 41
0.0
 71
     5
 72
     1
  1
R5
 11
0.8487197596382188
 21
0.52884285907975
 31
0.0
 73
     1
 44
1.0
1001
ACAD
1000
MTEXTBEGIN
1070
    73
1070
     1
1070
    44
1040
1.0
1070
    74
1070
     0
1000
MTEXTEND
  0
LINE
  5
132A
330
131E
100
AcDbEntity
  8
diametros
 62
     0
370
    -2
100
AcDbLine
 10
202.0000000000001
 20
125.0
 30
0.0
 11
206.2435987981911
 21
127.6442142953987
 31
0.0
  0
SOLID
  5
132B
330
131E
100
AcDbEntity
  8
diametros
 62
     0
100
AcDbTrace
 10
208.1450470060034
 20
129.3199546762807
 30
0.0
 11
208.5857493885699
 21
128.6126882099155
 31
0.0
 12
206.2435987981911
 22
127.6442142953987
 32
0.0
 13
206.2435987981911
 23
127.6442142953987
 33
0.0
  0
POINT
  5
132C
330
131E
100
AcDbEntity
  8
Defpoints
 62
     0
100
AcDbPoint
 10
206.2435987981911
 20
127.6442142953987
 30
0.0
  0
POINT
  5
132D
330
131E
100
AcDbEntity
  8
Defpoints
 62
     0
100
AcDbPoint
 10
202.0000000000001
 20
125.0
 30
0.0
  0
ENDBLK
  5
1326
330
131E
100
AcDbEntity
  8
0
100
AcDbBlockEnd
  0
BLOCK
  5
1337
330
1330
100
AcDbEntity
  8
0
100
AcDbBlockBegin
  2
*D68
 70
     1
 10
0.0
 20
0.0
 30
0.0
  3
*D68
  1

  0
LINE
  5
133A
330
1330
100
AcDbEntity
  8
diametros
 62
     0
370
    -2
100
AcDbLine
 10
216.2105924920274
 20
42.58717479223678
 30
0.0
 11
207.6485471488727
 21
50.06604467926982
 31
0.0
  0
MTEXT
  5
133B
330
1330
100
AcDbEntity
  8
diametros
 62
     0
100
AcDbMText
 10
215.404328185117
 20
45.78101766749642
 30
0.0
 40
2.5
 41
0.0
 71
     5
 72
     1
  1
R5
 11
0.7531396198497032
 21
-0.6578607094306857
 31
0.0
 73
     1
 44
1.0
1001
ACAD
1000
MTEXTBEGIN
1070
    73
1070
     1
1070
    44
1040
1.0
1070
    74
1070
     0
1000
MTEXTEND
  0
LINE
  5
133C
330
1330
100
AcDbEntity
  8
diametros
 62
     0
370
    -2
100
AcDbLine
 10
201.9999999999999
 20
55.00000000000006
 30
0.0
 11
205.7656980992485
 21
51.71069645284655
 31
0.0
  0
SOLID
  5
133D
330
1330
100
AcDbEntity
  8
diametros
 62
     0
100
AcDbTrace
 10
207.9226557778022
 20
50.3798528542072
 30
0.0
 11
207.3744385199433
 21
49.75223650433247
 31
0.0
 12
205.7656980992485
 22
51.71069645284655
 32
0.0
 13
205.7656980992485
 23
51.71069645284655
 33
0.0
  0
POINT
  5
133E
330
1330
100
AcDbEntity
  8
Defpoints
 62
     0
100
AcDbPoint
 10
205.7656980992485
 20
51.71069645284655
 30
0.0
  0
POINT
  5
133F
330
1330
100
AcDbEntity
  8
Defpoints
 62
     0
100
AcDbPoint
 10
201.9999999999999
 20
55.00000000000006
 30
0.0
  0
ENDBLK
  5
1338
330
1330
100
AcDbEntity
  8
0
100
AcDbBlockEnd
  0
BLOCK
  5
134E
330
1342
100
AcDbEntity
  8
0
100
AcDbBlockBegin
  2
*D69
 70
     1
 10
0.0
 20
0.0
 30
0.0
  3
*D69
  1

  0
LINE
  5
1351
330
1342
100
AcDbEntity
  8
c_base
 62
     0
370
    -2
100
AcDbLine
 10
202.0
 20
49.375
 30
0.0
 11
202.0
 21
27.57404323461303
 31
0.0
  0
LINE
  5
1352
330
1342
100
AcDbEntity
  8
c_base
 62
     0
370
    -2
100
AcDbLine
 10
207.0
 20
54.375
 30
0.0
 11
207.0
 21
27.57404323461303
 31
0.0
  0
LINE
  5
1353
330
1342
100
AcDbEntity
  8
c_base
 62
     0
370
    -2
100
AcDbLine
 10
199.5
 20
28.82404323461303
 30
0.0
 11
197.0
 21
28.82404323461303
 31
0.0
  0
LINE
  5
1354
330
1342
100
AcDbEntity
  8
c_base
 62
     0
370
    -2
100
AcDbLine
 10
209.5
 20
28.82404323461303
 30
0.0
 11
212.0
 21
28.82404323461303
 31
0.0
  0
LINE
  5
1355
330
1342
100
AcDbEntity
  8
c_base
 62
     0
370
    -2
100
AcDbLine
 10
202.0
 20
28.82404323461303
 30
0.0
 11
207.0
 21
28.82404323461303
 31
0.0
  0
SOLID
  5
1356
330
1342
100
AcDbEntity
  8
c_base
 62
     0
100
AcDbTrace
 10
199.5
 20
29.2407099012797
 30
0.0
 11
199.5
 21
28.40737656794636
 31
0.0
 12
202.0
 22
28.82404323461303
 32
0.0
 13
202.0
 23
28.82404323461303
 33
0.0
  0
SOLID
  5
1357
330
1342
100
AcDbEntity
  8
c_base
 62
     0
100
AcDbTrace
 10
209.5
 20
29.2407099012797
 30
0.0
 11
209.5
 21
28.40737656794636
 31
0.0
 12
207.0
 22
28.82404323461303
 32
0.0
 13
207.0
 23
28.82404323461303
 33
0.0
  0
MTEXT
  5
1358
330
1342
100
AcDbEntity
  8
c_base
 62
     0
100
AcDbMText
 10
204.5
 20
30.69904323461303
 30
0.0
 40
2.5
 41
0.0
 71
     5
 72
     1
  1
5
 73
     1
 44
1.0
1001
ACAD
1000
MTEXTBEGIN
1070
    73
1070
     1
1070
    44
1040
1.0
1070
    74
1070
     0
1000
MTEXTEND
  0
POINT
  5
1359
330
1342
100
AcDbEntity
  8
Defpoints
 62
     0
100
AcDbPoint
 10
202.0
 20
50.0
 30
0.0
  0
POINT
  5
135A
330
1342
100
AcDbEntity
  8
Defpoints
 62
     0
100
AcDbPoint
 10
207.0
 20
55.0
 30
0.0
  0
POINT
  5
135B
330
1342
100
AcDbEntity
  8
Defpoints
 62
     0
100
AcDbPoint
 10
207.0
 20
28.82404323461303
 30
0.0
  0
ENDBLK
  5
134F
330
1342
100
AcDbEntity
  8
0
100
AcDbBlockEnd
  0
BLOCK
  5
136A
330
135E
100
AcDbEntity
  8
0
100
AcDbBlockBegin
  2
*D70
 70
     1
 10
0.0
 20
0.0
 30
0.0
  3
*D70
  1

  0
LINE
  5
136D
330
135E
100
AcDbEntity
  8
c_base
 62
     0
370
    -2
100
AcDbLine
 10
202.625
 20
50.0
 30
0.0
 11
225.996009533226
 21
50.0
 31
0.0
  0
LINE
  5
136E
330
135E
100
AcDbEntity
  8
c_base
 62
     0
370
    -2
100
AcDbLine
 10
207.625
 20
55.0
 30
0.0
 11
225.996009533226
 21
55.0
 31
0.0
  0
LINE
  5
136F
330
135E
100
AcDbEntity
  8
c_base
 62
     0
370
    -2
100
AcDbLine
 10
224.746009533226
 20
47.49999999999999
 30
0.0
 11
224.746009533226
 21
44.99999999999999
 31
0.0
  0
LINE
  5
1370
330
135E
100
AcDbEntity
  8
c_base
 62
     0
370
    -2
100
AcDbLine
 10
224.746009533226
 20
57.5
 30
0.0
 11
224.746009533226
 21
60.0
 31
0.0
  0
LINE
  5
1371
330
135E
100
AcDbEntity
  8
c_base
 62
     0
370
    -2
100
AcDbLine
 10
224.746009533226
 20
50.0
 30
0.0
 11
224.746009533226
 21
55.0
 31
0.0
  0
SOLID
  5
1372
330
135E
100
AcDbEntity
  8
c_base
 62
     0
100
AcDbTrace
 10
224.3293428665594
 20
47.49999999999999
 30
0.0
 11
225.1626761998927
 21
47.49999999999999
 31
0.0
 12
224.746009533226
 22
50.0
 32
0.0
 13
224.746009533226
 23
50.0
 33
0.0
  0
SOLID
  5
1373
330
135E
100
AcDbEntity
  8
c_base
 62
     0
100
AcDbTrace
 10
224.3293428665594
 20
57.5
 30
0.0
 11
225.1626761998927
 21
57.5
 31
0.0
 12
224.746009533226
 22
55.0
 32
0.0
 13
224.746009533226
 23
55.0
 33
0.0
  0
MTEXT
  5
1374
330
135E
100
AcDbEntity
  8
c_base
 62
     0
100
AcDbMText
 10
222.871009533226
 20
52.50000000000003
 30
0.0
 40
2.5
 41
0.0
 71
     5
 72
     1
  1
5
 11
0.0000000000000001
 21
1.0
 31
0.0
 73
     1
 44
1.0
1001
ACAD
1000
MTEXTBEGIN
1070
    73
1070
     1
1070
    44
1040
1.0
1070
    74
1070
     0
1000
MTEXTEND
  0
POINT
  5
1375
330
135E
100
AcDbEntity
  8
Defpoints
 62
     0
100
AcDbPoint
 10
202.0
 20
50.0
 30
0.0
  0
POINT
  5
1376
330
135E
100
AcDbEntity
  8
Defpoints
 62
     0
100
AcDbPoint
 10
207.0
 20
55.0
 30
0.0
  0
POINT
  5
1377
330
135E
100
AcDbEntity
  8
Defpoints
 62
     0
100
AcDbPoint
 10
224.746009533226
 20
55.0
 30
0.0
  0
ENDBLK
  5
136B
330
135E
100
AcDbEntity
  8
0
100
AcDbBlockEnd
  0
BLOCK
  5
142D
330
1423
100
AcDbEntity
  8
0
100
AcDbBlockBegin
  2
*D71
 70
     1
 10
0.0
 20
0.0
 30
0.0
  3
*D71
  1

  0
LINE
  5
1430
330
1423
100
AcDbEntity
  8
c_lateral
 62
     0
370
    -2
100
AcDbLine
 10
105.0
 20
8.529563839001411
 30
0.0
 11
105.0
 21
21.07896319014933
 31
0.0
  0
LINE
  5
1431
330
1423
100
AcDbEntity
  8
c_lateral
 62
     0
370
    -2
100
AcDbLine
 10
115.0
 20
8.529563839001458
 30
0.0
 11
115.0
 21
21.07896319014933
 31
0.0
  0
LINE
  5
1432
330
1423
100
AcDbEntity
  8
c_lateral
 62
     0
370
    -2
100
AcDbLine
 10
107.5
 20
19.82896319014933
 30
0.0
 11
112.5
 21
19.82896319014933
 31
0.0
  0
SOLID
  5
1433
330
1423
100
AcDbEntity
  8
c_lateral
 62
     0
100
AcDbTrace
 10
107.5
 20
20.245629856816
 30
0.0
 11
107.5
 21
19.41229652348267
 31
0.0
 12
105.0
 22
19.82896319014933
 32
0.0
 13
105.0
 23
19.82896319014933
 33
0.0
  0
SOLID
  5
1434
330
1423
100
AcDbEntity
  8
c_lateral
 62
     0
100
AcDbTrace
 10
112.5
 20
20.245629856816
 30
0.0
 11
112.5
 21
19.41229652348267
 31
0.0
 12
115.0
 22
19.82896319014933
 32
0.0
 13
115.0
 23
19.82896319014933
 33
0.0
  0
MTEXT
  5
1435
330
1423
100
AcDbEntity
  8
c_lateral
 62
     0
100
AcDbMText
 10
110.0
 20
21.70396319014933
 30
0.0
 40
2.5
 41
0.0
 71
     5
 72
     1
  1
10
 73
     1
 44
1.0
1001
ACAD
1000
MTEXTBEGIN
1070
    73
1070
     1
1070
    44
1040
1.0
1070
    74
1070
     0
1000
MTEXTEND
  0
POINT
  5
1436
330
1423
100
AcDbEntity
  8
Defpoints
 62
     0
100
AcDbPoint
 10
105.0
 20
7.904563839001411
 30
0.0
  0
POINT
  5
1437
330
1423
100
AcDbEntity
  8
Defpoints
 62
     0
100
AcDbPoint
 10
115.0
 20
7.904563839001458
 30
0.0
  0
POINT
  5
1438
330
1423
100
AcDbEntity
  8
Defpoints
 62
     0
100
AcDbPoint
 10
115.0
 20
19.82896319014933
 30
0.0
  0
ENDBLK
  5
142E
330
1423
100
AcDbEntity
  8
0
100
AcDbBlockEnd
  0
BLOCK
  5
14D6
330
14CC
100
AcDbEntity
  8
0
100
AcDbBlockBegin
  2
*D72
 70
     1
 10
0.0
 20
0.0
 30
0.0
  3
*D72
  1

  0
LINE
  5
154A
330
14CC
100
AcDbEntity
  8
c_lateral
 62
     0
370
    -2
100
AcDbLine
 10
258.75
 20
100.0
 30
0.0
 11
244.7485517057926
 21
100.0
 31
0.0
  0
LINE
  5
154B
330
14CC
100
AcDbEntity
  8
c_lateral
 62
     0
370
    -2
100
AcDbLine
 10
262.375
 20
127.0
 30
0.0
 11
244.7485517057926
 21
127.0
 31
0.0
  0
LINE
  5
154C
330
14CC
100
AcDbEntity
  8
c_lateral
 62
     0
370
    -2
100
AcDbLine
 10
245.9985517057926
 20
102.5
 30
0.0
 11
245.9985517057926
 21
124.5
 31
0.0
  0
SOLID
  5
154D
330
14CC
100
AcDbEntity
  8
c_lateral
 62
     0
100
AcDbTrace
 10
245.5818850391259
 20
102.5
 30
0.0
 11
246.4152183724592
 21
102.5
 31
0.0
 12
245.9985517057926
 22
100.0
 32
0.0
 13
245.9985517057926
 23
100.0
 33
0.0
  0
SOLID
  5
154E
330
14CC
100
AcDbEntity
  8
c_lateral
 62
     0
100
AcDbTrace
 10
245.5818850391259
 20
124.5
 30
0.0
 11
246.4152183724592
 21
124.5
 31
0.0
 12
245.9985517057926
 22
127.0
 32
0.0
 13
245.9985517057926
 23
127.0
 33
0.0
  0
MTEXT
  5
154F
330
14CC
100
AcDbEntity
  8
c_lateral
 62
     0
100
AcDbMText
 10
244.1235517057926
 20
113.5
 30
0.0
 40
2.5
 41
0.0
 71
     5
 72
     1
  1
27
 11
0.0000000000000001
 21
1.0
 31
0.0
 73
     1
 44
1.0
1001
ACAD
1000
MTEXTBEGIN
1070
    73
1070
     1
1070
    44
1040
1.0
1070
    74
1070
     0
1000
MTEXTEND
  0
POINT
  5
1550
330
14CC
100
AcDbEntity
  8
Defpoints
 62
     0
100
AcDbPoint
 10
259.375
 20
100.0
 30
0.0
  0
POINT
  5
1551
330
14CC
100
AcDbEntity
  8
Defpoints
 62
     0
100
AcDbPoint
 10
263.0
 20
127.0
 30
0.0
  0
POINT
  5
1552
330
14CC
100
AcDbEntity
  8
Defpoints
 62
     0
100
AcDbPoint
 10
245.9985517057926
 20
127.0
 30
0.0
  0
ENDBLK
  5
14D7
330
14CC
100
AcDbEntity
  8
0
100
AcDbBlockEnd
  0
BLOCK
  5
15C0
330
15B6
100
AcDbEntity
  8
0
100
AcDbBlockBegin
  2
*D73
 70
     1
 10
0.0
 20
0.0
 30
0.0
  3
*D73
  1

  0
LINE
  5
15E0
330
15B6
100
AcDbEntity
  8
c_lateral
 62
     0
370
    -2
100
AcDbLine
 10
275.0795636764037
 20
14.21575363406515
 30
0.0
 11
291.1418106970791
 21
14.21575363406514
 31
0.0
  0
LINE
  5
15E1
330
15B6
100
AcDbEntity
  8
c_lateral
 62
     0
370
    -2
100
AcDbLine
 10
275.0795636764037
 20
-5.784246365934848
 30
0.0
 11
291.1418106970791
 21
-5.784246365934852
 31
0.0
  0
LINE
  5
15E2
330
15B6
100
AcDbEntity
  8
c_lateral
 62
     0
370
    -2
100
AcDbLine
 10
289.8918106970791
 20
11.71575363406514
 30
0.0
 11
289.8918106970791
 21
-3.284246365934852
 31
0.0
  0
SOLID
  5
15E3
330
15B6
100
AcDbEntity
  8
c_lateral
 62
     0
100
AcDbTrace
 10
289.4751440304124
 20
11.71575363406514
 30
0.0
 11
290.3084773637458
 21
11.71575363406514
 31
0.0
 12
289.8918106970791
 22
14.21575363406514
 32
0.0
 13
289.8918106970791
 23
14.21575363406514
 33
0.0
  0
SOLID
  5
15E4
330
15B6
100
AcDbEntity
  8
c_lateral
 62
     0
100
AcDbTrace
 10
289.4751440304124
 20
-3.284246365934852
 30
0.0
 11
290.3084773637458
 21
-3.284246365934852
 31
0.0
 12
289.8918106970791
 22
-5.784246365934851
 32
0.0
 13
289.8918106970791
 23
-5.784246365934851
 33
0.0
  0
MTEXT
  5
15E5
330
15B6
100
AcDbEntity
  8
c_lateral
 62
     0
100
AcDbMText
 10
288.0168106970791
 20
4.215753634065193
 30
0.0
 40
2.5
 41
0.0
 71
     5
 72
     1
  1
20
 11
0.0000000000000001
 21
1.0
 31
0.0
 73
     1
 44
1.0
1001
ACAD
1000
MTEXTBEGIN
1070
    73
1070
     1
1070
    44
1040
1.0
1070
    74
1070
     0
1000
MTEXTEND
  0
POINT
  5
15E6
330
15B6
100
AcDbEntity
  8
Defpoints
 62
     0
100
AcDbPoint
 10
274.4545636764037
 20
14.21575363406515
 30
0.0
  0
POINT
  5
15E7
330
15B6
100
AcDbEntity
  8
Defpoints
 62
     0
100
AcDbPoint
 10
274.4545636764037
 20
-5.784246365934848
 30
0.0
  0
POINT
  5
15E8
330
15B6
100
AcDbEntity
  8
Defpoints
 62
     0
100
AcDbPoint
 10
289.8918106970791
 20
-5.784246365934851
 30
0.0
  0
ENDBLK
  5
15C1
330
15B6
100
AcDbEntity
  8
0
100
AcDbBlockEnd
  0
BLOCK
  5
15F4
330
15EA
100
AcDbEntity
  8
0
100
AcDbBlockBegin
  2
*D74
 70
     1
 10
0.0
 20
0.0
 30
0.0
  3
*D74
  1

  0
LINE
  5
15F7
330
15EA
100
AcDbEntity
  8
c_lateral
 62
     0
370
    -2
100
AcDbLine
 10
249.4545636764037
 20
-6.409246365934848
 30
0.0
 11
249.4545636764037
 21
-19.53659196566133
 31
0.0
  0
LINE
  5
15F8
330
15EA
100
AcDbEntity
  8
c_lateral
 62
     0
370
    -2
100
AcDbLine
 10
274.4545636764037
 20
-6.409246365934848
 30
0.0
 11
274.4545636764037
 21
-19.53659196566133
 31
0.0
  0
LINE
  5
15F9
330
15EA
100
AcDbEntity
  8
c_lateral
 62
     0
370
    -2
100
AcDbLine
 10
251.9545636764037
 20
-18.28659196566133
 30
0.0
 11
271.9545636764037
 21
-18.28659196566133
 31
0.0
  0
SOLID
  5
15FA
330
15EA
100
AcDbEntity
  8
c_lateral
 62
     0
100
AcDbTrace
 10
251.9545636764037
 20
-17.86992529899466
 30
0.0
 11
251.9545636764037
 21
-18.703258632328
 31
0.0
 12
249.4545636764037
 22
-18.28659196566133
 32
0.0
 13
249.4545636764037
 23
-18.28659196566133
 33
0.0
  0
SOLID
  5
15FB
330
15EA
100
AcDbEntity
  8
c_lateral
 62
     0
100
AcDbTrace
 10
271.9545636764037
 20
-17.86992529899466
 30
0.0
 11
271.9545636764037
 21
-18.703258632328
 31
0.0
 12
274.4545636764037
 22
-18.28659196566133
 32
0.0
 13
274.4545636764037
 23
-18.28659196566133
 33
0.0
  0
MTEXT
  5
15FC
330
15EA
100
AcDbEntity
  8
c_lateral
 62
     0
100
AcDbMText
 10
261.9545636764037
 20
-16.41159196566133
 30
0.0
 40
2.5
 41
0.0
 71
     5
 72
     1
  1
25
 73
     1
 44
1.0
1001
ACAD
1000
MTEXTBEGIN
1070
    73
1070
     1
1070
    44
1040
1.0
1070
    74
1070
     0
1000
MTEXTEND
  0
POINT
  5
15FD
330
15EA
100
AcDbEntity
  8
Defpoints
 62
     0
100
AcDbPoint
 10
249.4545636764037
 20
-5.784246365934848
 30
0.0
  0
POINT
  5
15FE
330
15EA
100
AcDbEntity
  8
Defpoints
 62
     0
100
AcDbPoint
 10
274.4545636764037
 20
-5.784246365934848
 30
0.0
  0
POINT
  5
15FF
330
15EA
100
AcDbEntity
  8
Defpoints
 62
     0
100
AcDbPoint
 10
274.4545636764037
 20
-18.28659196566133
 30
0.0
  0
ENDBLK
  5
15F5
330
15EA
100
AcDbEntity
  8
0
100
AcDbBlockEnd
  0
BLOCK
  5
160C
330
1602
100
AcDbEntity
  8
0
100
AcDbBlockBegin
  2
*D75
 70
     1
 10
0.0
 20
0.0
 30
0.0
  3
*D75
  1

  0
LINE
  5
160F
330
1602
100
AcDbEntity
  8
c_lateral
 62
     0
370
    -2
100
AcDbLine
 10
290.625
 20
127.0
 30
0.0
 11
304.9713789351188
 21
127.0
 31
0.0
  0
LINE
  5
1610
330
1602
100
AcDbEntity
  8
c_lateral
 62
     0
370
    -2
100
AcDbLine
 10
275.625
 20
113.5
 30
0.0
 11
304.9713789351188
 21
113.5
 31
0.0
  0
LINE
  5
1611
330
1602
100
AcDbEntity
  8
c_lateral
 62
     0
370
    -2
100
AcDbLine
 10
303.7213789351188
 20
124.5
 30
0.0
 11
303.7213789351188
 21
116.0
 31
0.0
  0
SOLID
  5
1612
330
1602
100
AcDbEntity
  8
c_lateral
 62
     0
100
AcDbTrace
 10
303.3047122684521
 20
124.5
 30
0.0
 11
304.1380456017855
 21
124.5
 31
0.0
 12
303.7213789351188
 22
127.0
 32
0.0
 13
303.7213789351188
 23
127.0
 33
0.0
  0
SOLID
  5
1613
330
1602
100
AcDbEntity
  8
c_lateral
 62
     0
100
AcDbTrace
 10
303.3047122684521
 20
116.0
 30
0.0
 11
304.1380456017855
 21
116.0
 31
0.0
 12
303.7213789351188
 22
113.5
 32
0.0
 13
303.7213789351188
 23
113.5
 33
0.0
  0
MTEXT
  5
1614
330
1602
100
AcDbEntity
  8
c_lateral
 62
     0
100
AcDbMText
 10
301.6380456017854
 20
120.25
 30
0.0
 40
2.5
 41
0.0
 71
     5
 72
     1
  1
13,5
 11
0.0000000000000001
 21
1.0
 31
0.0
 73
     1
 44
1.0
1001
ACAD
1000
MTEXTBEGIN
1070
    73
1070
     1
1070
    44
1040
1.0
1070
    74
1070
     0
1000
MTEXTEND
  0
POINT
  5
1615
330
1602
100
AcDbEntity
  8
Defpoints
 62
     0
100
AcDbPoint
 10
290.0
 20
127.0
 30
0.0
  0
POINT
  5
1616
330
1602
100
AcDbEntity
  8
Defpoints
 62
     0
100
AcDbPoint
 10
275.0
 20
113.5
 30
0.0
  0
POINT
  5
1617
330
1602
100
AcDbEntity
  8
Defpoints
 62
     0
100
AcDbPoint
 10
303.7213789351188
 20
113.5
 30
0.0
  0
ENDBLK
  5
160D
330
1602
100
AcDbEntity
  8
0
100
AcDbBlockEnd
  0
BLOCK
  5
1624
330
161A
100
AcDbEntity
  8
0
100
AcDbBlockBegin
  2
*D76
 70
     1
 10
0.0
 20
0.0
 30
0.0
  3
*D76
  1

  0
LINE
  5
1627
330
161A
100
AcDbEntity
  8
c_lateral
 62
     0
370
    -2
100
AcDbLine
 10
275.625
 20
113.5
 30
0.0
 11
305.3781305726261
 21
113.5
 31
0.0
  0
LINE
  5
1628
330
161A
100
AcDbEntity
  8
c_lateral
 62
     0
370
    -2
100
AcDbLine
 10
275.625
 20
100.0
 30
0.0
 11
305.3781305726261
 21
100.0
 31
0.0
  0
LINE
  5
1629
330
161A
100
AcDbEntity
  8
c_lateral
 62
     0
370
    -2
100
AcDbLine
 10
304.1281305726261
 20
111.0
 30
0.0
 11
304.1281305726261
 21
102.5
 31
0.0
  0
SOLID
  5
162A
330
161A
100
AcDbEntity
  8
c_lateral
 62
     0
100
AcDbTrace
 10
303.7114639059594
 20
111.0
 30
0.0
 11
304.5447972392928
 21
111.0
 31
0.0
 12
304.1281305726261
 22
113.5
 32
0.0
 13
304.1281305726261
 23
113.5
 33
0.0
  0
SOLID
  5
162B
330
161A
100
AcDbEntity
  8
c_lateral
 62
     0
100
AcDbTrace
 10
303.7114639059594
 20
102.5
 30
0.0
 11
304.5447972392928
 21
102.5
 31
0.0
 12
304.1281305726261
 22
100.0
 32
0.0
 13
304.1281305726261
 23
100.0
 33
0.0
  0
MTEXT
  5
162C
330
161A
100
AcDbEntity
  8
c_lateral
 62
     0
100
AcDbMText
 10
302.0447972392928
 20
106.75
 30
0.0
 40
2.5
 41
0.0
 71
     5
 72
     1
  1
13,5
 11
0.0000000000000001
 21
1.0
 31
0.0
 73
     1
 44
1.0
1001
ACAD
1000
MTEXTBEGIN
1070
    73
1070
     1
1070
    44
1040
1.0
1070
    74
1070
     0
1000
MTEXTEND
  0
POINT
  5
162D
330
161A
100
AcDbEntity
  8
Defpoints
 62
     0
100
AcDbPoint
 10
275.0
 20
113.5
 30
0.0
  0
POINT
  5
162E
330
161A
100
AcDbEntity
  8
Defpoints
 62
     0
100
AcDbPoint
 10
275.0
 20
100.0
 30
0.0
  0
POINT
  5
162F
330
161A
100
AcDbEntity
  8
Defpoints
 62
     0
100
AcDbPoint
 10
304.1281305726261
 20
100.0
 30
0.0
  0
ENDBLK
  5
1625
330
161A
100
AcDbEntity
  8
0
100
AcDbBlockEnd
  0
BLOCK
  5
163C
330
1632
100
AcDbEntity
  8
0
100
AcDbBlockBegin
  2
*D77
 70
     1
 10
0.0
 20
0.0
 30
0.0
  3
*D77
  1

  0
LINE
  5
163F
330
1632
100
AcDbEntity
  8
c_lateral
 62
     0
370
    -2
100
AcDbLine
 10
276.25
 20
100.0
 30
0.0
 11
305.3781305726261
 21
100.0
 31
0.0
  0
LINE
  5
1640
330
1632
100
AcDbEntity
  8
c_lateral
 62
     0
370
    -2
100
AcDbLine
 10
276.25
 20
80.0
 30
0.0
 11
305.3781305726261
 21
79.99999999999999
 31
0.0
  0
LINE
  5
1641
330
1632
100
AcDbEntity
  8
c_lateral
 62
     0
370
    -2
100
AcDbLine
 10
304.1281305726261
 20
97.5
 30
0.0
 11
304.1281305726261
 21
82.49999999999998
 31
0.0
  0
SOLID
  5
1642
330
1632
100
AcDbEntity
  8
c_lateral
 62
     0
100
AcDbTrace
 10
303.7114639059594
 20
97.5
 30
0.0
 11
304.5447972392928
 21
97.5
 31
0.0
 12
304.1281305726261
 22
100.0
 32
0.0
 13
304.1281305726261
 23
100.0
 33
0.0
  0
SOLID
  5
1643
330
1632
100
AcDbEntity
  8
c_lateral
 62
     0
100
AcDbTrace
 10
303.7114639059594
 20
82.49999999999998
 30
0.0
 11
304.5447972392928
 21
82.49999999999998
 31
0.0
 12
304.1281305726261
 22
79.99999999999999
 32
0.0
 13
304.1281305726261
 23
79.99999999999999
 33
0.0
  0
MTEXT
  5
1644
330
1632
100
AcDbEntity
  8
c_lateral
 62
     0
100
AcDbMText
 10
302.2531305726261
 20
90.00000000000005
 30
0.0
 40
2.5
 41
0.0
 71
     5
 72
     1
  1
20
 11
0.0000000000000001
 21
1.0
 31
0.0
 73
     1
 44
1.0
1001
ACAD
1000
MTEXTBEGIN
1070
    73
1070
     1
1070
    44
1040
1.0
1070
    74
1070
     0
1000
MTEXTEND
  0
POINT
  5
1645
330
1632
100
AcDbEntity
  8
Defpoints
 62
     0
100
AcDbPoint
 10
275.625
 20
100.0
 30
0.0
  0
POINT
  5
1646
330
1632
100
AcDbEntity
  8
Defpoints
 62
     0
100
AcDbPoint
 10
275.625
 20
80.0
 30
0.0
  0
POINT
  5
1647
330
1632
100
AcDbEntity
  8
Defpoints
 62
     0
100
AcDbPoint
 10
304.1281305726261
 20
79.99999999999999
 30
0.0
  0
ENDBLK
  5
163D
330
1632
100
AcDbEntity
  8
0
100
AcDbBlockEnd
  0
BLOCK
  5
1670
330
1666
100
AcDbEntity
  8
0
100
AcDbBlockBegin
  2
*D78
 70
     1
 10
0.0
 20
0.0
 30
0.0
  3
*D78
  1

  0
LINE
  5
1673
330
1666
100
AcDbEntity
  8
c_lateral
 62
     0
370
    -2
100
AcDbLine
 10
275.0
 20
65.875
 30
0.0
 11
275.0
 21
33.68599881823275
 31
0.0
  0
LINE
  5
1674
330
1666
100
AcDbEntity
  8
c_lateral
 62
     0
370
    -2
100
AcDbLine
 10
290.0
 20
52.375
 30
0.0
 11
290.0
 21
33.68599881823275
 31
0.0
  0
LINE
  5
1675
330
1666
100
AcDbEntity
  8
c_lateral
 62
     0
370
    -2
100
AcDbLine
 10
277.5
 20
34.93599881823275
 30
0.0
 11
287.5
 21
34.93599881823275
 31
0.0
  0
SOLID
  5
1676
330
1666
100
AcDbEntity
  8
c_lateral
 62
     0
100
AcDbTrace
 10
277.5
 20
35.35266548489941
 30
0.0
 11
277.5
 21
34.51933215156608
 31
0.0
 12
275.0
 22
34.93599881823275
 32
0.0
 13
275.0
 23
34.93599881823275
 33
0.0
  0
SOLID
  5
1677
330
1666
100
AcDbEntity
  8
c_lateral
 62
     0
100
AcDbTrace
 10
287.5
 20
35.35266548489941
 30
0.0
 11
287.5
 21
34.51933215156608
 31
0.0
 12
290.0
 22
34.93599881823275
 32
0.0
 13
290.0
 23
34.93599881823275
 33
0.0
  0
MTEXT
  5
1678
330
1666
100
AcDbEntity
  8
c_lateral
 62
     0
100
AcDbMText
 10
282.5
 20
36.81099881823275
 30
0.0
 40
2.5
 41
0.0
 71
     5
 72
     1
  1
15
 73
     1
 44
1.0
1001
ACAD
1000
MTEXTBEGIN
1070
    73
1070
     1
1070
    44
1040
1.0
1070
    74
1070
     0
1000
MTEXTEND
  0
POINT
  5
1679
330
1666
100
AcDbEntity
  8
Defpoints
 62
     0
100
AcDbPoint
 10
275.0
 20
66.5
 30
0.0
  0
POINT
  5
167A
330
1666
100
AcDbEntity
  8
Defpoints
 62
     0
100
AcDbPoint
 10
290.0
 20
53.0
 30
0.0
  0
POINT
  5
167B
330
1666
100
AcDbEntity
  8
Defpoints
 62
     0
100
AcDbPoint
 10
290.0
 20
34.93599881823275
 30
0.0
  0
ENDBLK
  5
1671
330
1666
100
AcDbEntity
  8
0
100
AcDbBlockEnd
  0
BLOCK
  5
1687
330
167E
100
AcDbEntity
  8
0
100
AcDbBlockBegin
  2
*D79
 70
     1
 10
0.0
 20
0.0
 30
0.0
  3
*D79
  1

  0
LINE
  5
168A
330
167E
100
AcDbEntity
  8
c_lateral
 62
     0
370
    -2
100
AcDbLine
 10
284.8673331750203
 20
121.8352272789
 30
0.0
 11
278.8196128419433
 21
116.7265395918323
 31
0.0
  0
LINE
  5
168B
330
167E
100
AcDbEntity
  8
c_lateral
 62
     0
370
    -2
100
AcDbLine
 10
271.1803871580567
 20
110.2734604081677
 30
0.0
 11
269.270580737085
 21
108.6601906122515
 31
0.0
  0
MTEXT
  5
168C
330
167E
100
AcDbEntity
  8
c_lateral
 62
     0
100
AcDbMText
 10
281.5884238720305
 20
121.519873149053
 30
0.0
 40
2.5
 41
0.0
 71
     5
 72
     1
  1
\U+22055
 11
0.7639225683886722
 21
0.6453079183664605
 31
0.0
 73
     1
 44
1.0
1001
ACAD
1000
MTEXTBEGIN
1070
    73
1070
     1
1070
    44
1040
1.0
1070
    74
1070
     0
1000
MTEXTEND
  0
LINE
  5
168D
330
167E
100
AcDbEntity
  8
c_lateral
 62
     0
370
    -2
100
AcDbLine
 10
273.0901935790283
 20
111.8867302040838
 30
0.0
 11
276.9098064209717
 21
115.1132697959161
 31
0.0
  0
SOLID
  5
168E
330
167E
100
AcDbEntity
  8
c_lateral
 62
     0
100
AcDbTrace
 10
270.9115088587373
 20
110.5917614783296
 30
0.0
 11
271.449265457376
 21
109.9551593380057
 31
0.0
 12
273.0901935790283
 22
111.8867302040838
 32
0.0
 13
273.0901935790283
 23
111.8867302040838
 33
0.0
  0
SOLID
  5
168F
330
167E
100
AcDbEntity
  8
c_lateral
 62
     0
100
AcDbTrace
 10
278.550734542624
 20
117.0448406619942
 30
0.0
 11
279.0884911412627
 21
116.4082385216703
 31
0.0
 12
276.9098064209717
 22
115.1132697959161
 32
0.0
 13
276.9098064209717
 23
115.1132697959161
 33
0.0
  0
POINT
  5
1690
330
167E
100
AcDbEntity
  8
Defpoints
 62
     0
100
AcDbPoint
 10
276.9098064209717
 20
115.1132697959161
 30
0.0
  0
POINT
  5
1691
330
167E
100
AcDbEntity
  8
Defpoints
 62
     0
100
AcDbPoint
 10
273.0901935790283
 20
111.8867302040838
 30
0.0
  0
ENDBLK
  5
1688
330
167E
100
AcDbEntity
  8
0
100
AcDbBlockEnd
  0
BLOCK
  5
169D
330
1694
100
AcDbEntity
  8
0
100
AcDbBlockBegin
  2
*D80
 70
     1
 10
0.0
 20
0.0
 30
0.0
  3
*D80
  1

  0
LINE
  5
16A0
330
1694
100
AcDbEntity
  8
c_lateral
 62
     0
370
    -2
100
AcDbLine
 10
287.3749849420221
 20
62.79864545571459
 30
0.0
 11
279.7903167517505
 21
65.06721759576049
 31
0.0
  0
LINE
  5
16A1
330
1694
100
AcDbEntity
  8
c_lateral
 62
     0
370
    -2
100
AcDbLine
 10
270.2096832482494
 20
67.93278240423956
 30
0.0
 11
267.8145248723742
 21
68.64917360635932
 31
0.0
  0
MTEXT
  5
16A2
330
1694
100
AcDbEntity
  8
c_lateral
 62
     0
100
AcDbMText
 10
285.3175234364138
 20
65.37110470658411
 30
0.0
 40
2.5
 41
0.0
 71
     5
 72
     1
  1
\U+22055
 11
0.9580633503501029
 21
-0.286556480847905
 31
0.0
 73
     1
 44
1.0
1001
ACAD
1000
MTEXTBEGIN
1070
    73
1070
     1
1070
    44
1040
1.0
1070
    74
1070
     0
1000
MTEXTEND
  0
LINE
  5
16A3
330
1694
100
AcDbEntity
  8
c_lateral
 62
     0
370
    -2
100
AcDbLine
 10
272.6048416241247
 20
67.21639120211979
 30
0.0
 11
277.3951583758753
 21
65.78360879788026
 31
0.0
  0
SOLID
  5
16A4
330
1694
100
AcDbEntity
  8
c_lateral
 62
     0
100
AcDbTrace
 10
270.3290817819361
 20
68.33197546688541
 30
0.0
 11
270.0902847145628
 21
67.53358934159368
 31
0.0
 12
272.6048416241247
 22
67.21639120211979
 32
0.0
 13
272.6048416241247
 23
67.21639120211979
 33
0.0
  0
SOLID
  5
16A5
330
1694
100
AcDbEntity
  8
c_lateral
 62
     0
100
AcDbTrace
 10
279.9097152854371
 20
65.46641065840635
 30
0.0
 11
279.6709182180639
 21
64.66802453311462
 31
0.0
 12
277.3951583758753
 22
65.78360879788026
 32
0.0
 13
277.3951583758753
 23
65.78360879788026
 33
0.0
  0
POINT
  5
16A6
330
1694
100
AcDbEntity
  8
Defpoints
 62
     0
100
AcDbPoint
 10
277.3951583758753
 20
65.78360879788026
 30
0.0
  0
POINT
  5
16A7
330
1694
100
AcDbEntity
  8
Defpoints
 62
     0
100
AcDbPoint
 10
272.6048416241247
 20
67.21639120211979
 30
0.0
  0
ENDBLK
  5
169E
330
1694
100
AcDbEntity
  8
0
100
AcDbBlockEnd
  0
BLOCK
  5
16D2
330
16C6
100
AcDbEntity
  8
0
100
AcDbBlockBegin
  2
*D81
 70
     1
 10
0.0
 20
0.0
 30
0.0
  3
*D81
  1

  0
LINE
  5
16D5
330
16C6
100
AcDbEntity
  8
c_lateral
 62
     0
370
    -2
100
AcDbLine
 10
270.0
 20
79.375
 30
0.0
 11
270.0
 21
72.2825343744364
 31
0.0
  0
LINE
  5
16D6
330
16C6
100
AcDbEntity
  8
c_lateral
 62
     0
370
    -2
100
AcDbLine
 10
275.0
 20
79.375
 30
0.0
 11
275.0
 21
72.2825343744364
 31
0.0
  0
LINE
  5
16D7
330
16C6
100
AcDbEntity
  8
c_lateral
 62
     0
370
    -2
100
AcDbLine
 10
267.5
 20
73.5325343744364
 30
0.0
 11
265.0
 21
73.5325343744364
 31
0.0
  0
LINE
  5
16D8
330
16C6
100
AcDbEntity
  8
c_lateral
 62
     0
370
    -2
100
AcDbLine
 10
277.5
 20
73.5325343744364
 30
0.0
 11
280.0
 21
73.5325343744364
 31
0.0
  0
LINE
  5
16D9
330
16C6
100
AcDbEntity
  8
c_lateral
 62
     0
370
    -2
100
AcDbLine
 10
270.0
 20
73.5325343744364
 30
0.0
 11
275.0
 21
73.5325343744364
 31
0.0
  0
SOLID
  5
16DA
330
16C6
100
AcDbEntity
  8
c_lateral
 62
     0
100
AcDbTrace
 10
267.5
 20
73.94920104110308
 30
0.0
 11
267.5
 21
73.11586770776973
 31
0.0
 12
270.0
 22
73.5325343744364
 32
0.0
 13
270.0
 23
73.5325343744364
 33
0.0
  0
SOLID
  5
16DB
330
16C6
100
AcDbEntity
  8
c_lateral
 62
     0
100
AcDbTrace
 10
277.5
 20
73.94920104110308
 30
0.0
 11
277.5
 21
73.11586770776973
 31
0.0
 12
275.0
 22
73.5325343744364
 32
0.0
 13
275.0
 23
73.5325343744364
 33
0.0
  0
MTEXT
  5
16DC
330
16C6
100
AcDbEntity
  8
c_lateral
 62
     0
100
AcDbMText
 10
272.5
 20
75.4075343744364
 30
0.0
 40
2.5
 41
0.0
 71
     5
 72
     1
  1
5
 73
     1
 44
1.0
1001
ACAD
1000
MTEXTBEGIN
1070
    73
1070
     1
1070
    44
1040
1.0
1070
    74
1070
     0
1000
MTEXTEND
  0
POINT
  5
16DD
330
16C6
100
AcDbEntity
  8
Defpoints
 62
     0
100
AcDbPoint
 10
270.0
 20
80.0
 30
0.0
  0
POINT
  5
16DE
330
16C6
100
AcDbEntity
  8
Defpoints
 62
     0
100
AcDbPoint
 10
275.0
 20
80.0
 30
0.0
  0
POINT
  5
16DF
330
16C6
100
AcDbEntity
  8
Defpoints
 62
     0
100
AcDbPoint
 10
275.0
 20
73.5325343744364
 30
0.0
  0
ENDBLK
  5
16D3
330
16C6
100
AcDbEntity
  8
0
100
AcDbBlockEnd
  0
BLOCK
  5
16EC
330
16E2
100
AcDbEntity
  8
0
100
AcDbBlockBegin
  2
*D82
 70
     1
 10
0.0
 20
0.0
 30
0.0
  3
*D82
  1

  0
LINE
  5
16EF
330
16E2
100
AcDbEntity
  8
c_lateral
 62
     0
370
    -2
100
AcDbLine
 10
275.0
 20
90.625
 30
0.0
 11
275.0
 21
91.25
 31
0.0
  0
LINE
  5
16F0
330
16E2
100
AcDbEntity
  8
c_lateral
 62
     0
370
    -2
100
AcDbLine
 10
290.0
 20
90.625
 30
0.0
 11
290.0
 21
91.25
 31
0.0
  0
LINE
  5
16F1
330
16E2
100
AcDbEntity
  8
c_lateral
 62
     0
370
    -2
100
AcDbLine
 10
277.5
 20
90.0
 30
0.0
 11
287.5
 21
90.0
 31
0.0
  0
SOLID
  5
16F2
330
16E2
100
AcDbEntity
  8
c_lateral
 62
     0
100
AcDbTrace
 10
277.5
 20
90.41666666666667
 30
0.0
 11
277.5
 21
89.58333333333333
 31
0.0
 12
275.0
 22
90.0
 32
0.0
 13
275.0
 23
90.0
 33
0.0
  0
SOLID
  5
16F3
330
16E2
100
AcDbEntity
  8
c_lateral
 62
     0
100
AcDbTrace
 10
287.5
 20
90.41666666666667
 30
0.0
 11
287.5
 21
89.58333333333333
 31
0.0
 12
290.0
 22
90.0
 32
0.0
 13
290.0
 23
90.0
 33
0.0
  0
MTEXT
  5
16F4
330
16E2
100
AcDbEntity
  8
c_lateral
 62
     0
100
AcDbMText
 10
282.5
 20
91.875
 30
0.0
 40
2.5
 41
0.0
 71
     5
 72
     1
  1
15
 73
     1
 44
1.0
1001
ACAD
1000
MTEXTBEGIN
1070
    73
1070
     1
1070
    44
1040
1.0
1070
    74
1070
     0
1000
MTEXTEND
  0
POINT
  5
16F5
330
16E2
100
AcDbEntity
  8
Defpoints
 62
     0
100
AcDbPoint
 10
275.0
 20
90.0
 30
0.0
  0
POINT
  5
16F6
330
16E2
100
AcDbEntity
  8
Defpoints
 62
     0
100
AcDbPoint
 10
290.0
 20
90.0
 30
0.0
  0
POINT
  5
16F7
330
16E2
100
AcDbEntity
  8
Defpoints
 62
     0
100
AcDbPoint
 10
290.0
 20
90.0
 30
0.0
  0
ENDBLK
  5
16ED
330
16E2
100
AcDbEntity
  8
0
100
AcDbBlockEnd
  0
BLOCK
  5
179D
330
1793
100
AcDbEntity
  8
0
100
AcDbBlockBegin
  2
*D83
 70
     1
 10
0.0
 20
0.0
 30
0.0
  3
*D83
  1

  0
LINE
  5
17A0
330
1793
100
AcDbEntity
  8
c_base
 62
     0
370
    -2
100
AcDbLine
 10
75.0
 20
89.375
 30
0.0
 11
75.0
 21
77.89529446333642
 31
0.0
  0
LINE
  5
17A1
330
1793
100
AcDbEntity
  8
c_base
 62
     0
370
    -2
100
AcDbLine
 10
125.0
 20
89.375
 30
0.0
 11
125.0
 21
77.89529446333642
 31
0.0
  0
LINE
  5
17A2
330
1793
100
AcDbEntity
  8
c_base
 62
     0
370
    -2
100
AcDbLine
 10
77.5
 20
79.14529446333642
 30
0.0
 11
122.5
 21
79.14529446333642
 31
0.0
  0
SOLID
  5
17A3
330
1793
100
AcDbEntity
  8
c_base
 62
     0
100
AcDbTrace
 10
77.5
 20
79.56196113000309
 30
0.0
 11
77.5
 21
78.72862779666975
 31
0.0
 12
75.0
 22
79.14529446333642
 32
0.0
 13
75.0
 23
79.14529446333642
 33
0.0
  0
SOLID
  5
17A4
330
1793
100
AcDbEntity
  8
c_base
 62
     0
100
AcDbTrace
 10
122.5
 20
79.56196113000309
 30
0.0
 11
122.5
 21
78.72862779666975
 31
0.0
 12
125.0
 22
79.14529446333642
 32
0.0
 13
125.0
 23
79.14529446333642
 33
0.0
  0
MTEXT
  5
17A5
330
1793
100
AcDbEntity
  8
c_base
 62
     0
100
AcDbMText
 10
100.0
 20
81.02029446333643
 30
0.0
 40
2.5
 41
0.0
 71
     5
 72
     1
  1
50
 73
     1
 44
1.0
1001
ACAD
1000
MTEXTBEGIN
1070
    73
1070
     1
1070
    44
1040
1.0
1070
    74
1070
     0
1000
MTEXTEND
  0
POINT
  5
17A6
330
1793
100
AcDbEntity
  8
Defpoints
 62
     0
100
AcDbPoint
 10
75.0
 20
90.0
 30
0.0
  0
POINT
  5
17A7
330
1793
100
AcDbEntity
  8
Defpoints
 62
     0
100
AcDbPoint
 10
125.0
 20
90.0
 30
0.0
  0
POINT
  5
17A8
330
1793
100
AcDbEntity
  8
Defpoints
 62
     0
100
AcDbPoint
 10
125.0
 20
79.14529446333642
 30
0.0
  0
ENDBLK
  5
179E
330
1793
100
AcDbEntity
  8
0
100
AcDbBlockEnd
  0
BLOCK
  5
17B5
330
17AC
100
AcDbEntity
  8
0
100
AcDbBlockBegin
  2
*D84
 70
     1
 10
0.0
 20
0.0
 30
0.0
  3
*D84
  1

  0
LINE
  5
17B8
330
17AC
100
AcDbEntity
  8
diametros
 62
     0
370
    -2
100
AcDbLine
 10
134.4864225831343
 20
99.48760934159095
 30
0.0
 11
128.8888440402911
 21
93.88933053754659
 31
0.0
  0
LINE
  5
17B9
330
17AC
100
AcDbEntity
  8
diametros
 62
     0
370
    -2
100
AcDbLine
 10
121.1111559597089
 20
86.11066946245342
 30
0.0
 11
119.3434995777584
 21
84.3427919453868
 31
0.0
  0
MTEXT
  5
17BA
330
17AC
100
AcDbEntity
  8
diametros
 62
     0
100
AcDbMText
 10
131.245553364888
 20
98.89815098456493
 30
0.0
 40
2.5
 41
0.0
 71
     5
 72
     1
  1
\U+22056
 11
0.707062552780198
 21
0.7071510068266536
 31
0.0
 73
     1
 44
1.0
1001
ACAD
1000
MTEXTBEGIN
1070
    73
1070
     1
1070
    44
1040
1.0
1070
    74
1070
     0
1000
MTEXTEND
  0
LINE
  5
17BB
330
17AC
100
AcDbEntity
  8
diametros
 62
     0
370
    -2
100
AcDbLine
 10
122.8788123416594
 20
87.87854697952004
 30
0.0
 11
127.1211876583406
 21
92.12145302047995
 31
0.0
  0
SOLID
  5
17BC
330
17AC
100
AcDbEntity
  8
diametros
 62
     0
100
AcDbTrace
 10
120.8165097068645
 20
86.40527885944518
 30
0.0
 11
121.4058022125534
 21
85.81606006546167
 31
0.0
 12
122.8788123416594
 22
87.87854697952004
 32
0.0
 13
122.8788123416594
 23
87.87854697952004
 33
0.0
  0
SOLID
  5
17BD
330
17AC
100
AcDbEntity
  8
diametros
 62
     0
100
AcDbTrace
 10
128.5941977874466
 20
94.18393993453834
 30
0.0
 11
129.1834902931355
 21
93.59472114055483
 31
0.0
 12
127.1211876583406
 22
92.12145302047995
 32
0.0
 13
127.1211876583406
 23
92.12145302047995
 33
0.0
  0
POINT
  5
17BE
330
17AC
100
AcDbEntity
  8
Defpoints
 62
     0
100
AcDbPoint
 10
127.1211876583406
 20
92.12145302047995
 30
0.0
  0
POINT
  5
17BF
330
17AC
100
AcDbEntity
  8
Defpoints
 62
     0
100
AcDbPoint
 10
122.8788123416594
 20
87.87854697952004
 30
0.0
  0
ENDBLK
  5
17B6
330
17AC
100
AcDbEntity
  8
0
100
AcDbBlockEnd
  0
BLOCK
  5
180F
330
1806
100
AcDbEntity
  8
0
100
AcDbBlockBegin
  2
*D85
 70
     1
 10
0.0
 20
0.0
 30
0.0
  3
*D85
  1

  0
LINE
  5
1812
330
1806
100
AcDbEntity
  8
diametros
 62
     0
370
    -2
100
AcDbLine
 10
179.1166666666667
 20
125.0
 30
0.0
 11
189.95
 21
125.0
 31
0.0
  0
LINE
  5
1813
330
1806
100
AcDbEntity
  8
diametros
 62
     0
370
    -2
100
AcDbLine
 10
198.05
 20
125.0
 30
0.0
 11
200.55
 21
125.0
 31
0.0
  0
MTEXT
  5
1814
330
1806
100
AcDbEntity
  8
diametros
 62
     0
100
AcDbMText
 10
183.2833333333333
 20
127.0833333333333
 30
0.0
 40
2.5
 41
0.0
 71
     5
 72
     1
  1
\U+22053,1
 73
     1
 44
1.0
1001
ACAD
1000
MTEXTBEGIN
1070
    73
1070
     1
1070
    44
1040
1.0
1070
    74
1070
     0
1000
MTEXTEND
  0
LINE
  5
1815
330
1806
100
AcDbEntity
  8
diametros
 62
     0
370
    -2
100
AcDbLine
 10
195.55
 20
125.0
 30
0.0
 11
192.45
 21
125.0
 31
0.0
  0
SOLID
  5
1816
330
1806
100
AcDbEntity
  8
diametros
 62
     0
100
AcDbTrace
 10
198.05
 20
125.4166666666666
 30
0.0
 11
198.05
 21
124.5833333333333
 31
0.0
 12
195.55
 22
125.0
 32
0.0
 13
195.55
 23
125.0
 33
0.0
  0
SOLID
  5
1817
330
1806
100
AcDbEntity
  8
diametros
 62
     0
100
AcDbTrace
 10
189.95
 20
125.4166666666666
 30
0.0
 11
189.95
 21
124.5833333333333
 31
0.0
 12
192.45
 22
125.0
 32
0.0
 13
192.45
 23
125.0
 33
0.0
  0
POINT
  5
1818
330
1806
100
AcDbEntity
  8
Defpoints
 62
     0
100
AcDbPoint
 10
192.45
 20
125.0
 30
0.0
  0
POINT
  5
1819
330
1806
100
AcDbEntity
  8
Defpoints
 62
     0
100
AcDbPoint
 10
195.55
 20
125.0
 30
0.0
  0
ENDBLK
  5
1810
330
1806
100
AcDbEntity
  8
0
100
AcDbBlockEnd
  0
BLOCK
  5
1872
330
1868
100
AcDbEntity
  8
0
100
AcDbBlockBegin
  2
*D86
 70
     1
 10
0.0
 20
0.0
 30
0.0
  3
*D86
  1

  0
LINE
  5
1875
330
1868
100
AcDbEntity
  8
c_base
 62
     0
370
    -2
100
AcDbLine
 10
194.0
 20
125.625
 30
0.0
 11
194.0
 21
144.7419594249391
 31
0.0
  0
LINE
  5
1876
330
1868
100
AcDbEntity
  8
c_base
 62
     0
370
    -2
100
AcDbLine
 10
204.0
 20
103.625
 30
0.0
 11
204.0
 21
144.7419594249391
 31
0.0
  0
LINE
  5
1877
330
1868
100
AcDbEntity
  8
c_base
 62
     0
370
    -2
100
AcDbLine
 10
196.5
 20
143.4919594249391
 30
0.0
 11
201.5
 21
143.4919594249391
 31
0.0
  0
SOLID
  5
1878
330
1868
100
AcDbEntity
  8
c_base
 62
     0
100
AcDbTrace
 10
196.5
 20
143.9086260916058
 30
0.0
 11
196.5
 21
143.0752927582724
 31
0.0
 12
194.0
 22
143.4919594249391
 32
0.0
 13
194.0
 23
143.4919594249391
 33
0.0
  0
SOLID
  5
1879
330
1868
100
AcDbEntity
  8
c_base
 62
     0
100
AcDbTrace
 10
201.5
 20
143.9086260916058
 30
0.0
 11
201.5
 21
143.0752927582724
 31
0.0
 12
204.0
 22
143.4919594249391
 32
0.0
 13
204.0
 23
143.4919594249391
 33
0.0
  0
MTEXT
  5
187A
330
1868
100
AcDbEntity
  8
c_base
 62
     0
100
AcDbMText
 10
199.0
 20
145.3669594249391
 30
0.0
 40
2.5
 41
0.0
 71
     5
 72
     1
  1
10
 73
     1
 44
1.0
1001
ACAD
1000
MTEXTBEGIN
1070
    73
1070
     1
1070
    44
1040
1.0
1070
    74
1070
     0
1000
MTEXTEND
  0
POINT
  5
187B
330
1868
100
AcDbEntity
  8
Defpoints
 62
     0
100
AcDbPoint
 10
194.0
 20
125.0
 30
0.0
  0
POINT
  5
187C
330
1868
100
AcDbEntity
  8
Defpoints
 62
     0
100
AcDbPoint
 10
204.0
 20
103.0
 30
0.0
  0
POINT
  5
187D
330
1868
100
AcDbEntity
  8
Defpoints
 62
     0
100
AcDbPoint
 10
204.0
 20
143.4919594249391
 30
0.0
  0
ENDBLK
  5
1873
330
1868
100
AcDbEntity
  8
0
100
AcDbBlockEnd
  0
BLOCK
  5
188C
330
1880
100
AcDbEntity
  8
0
100
AcDbBlockBegin
  2
*D87
 70
     1
 10
0.0
 20
0.0
 30
0.0
  3
*D87
  1

  0
LINE
  5
188F
330
1880
100
AcDbEntity
  8
c_base
 62
     0
370
    -2
100
AcDbLine
 10
194.625
 20
125.0
 30
0.0
 11
216.8894480412757
 21
125.0
 31
0.0
  0
LINE
  5
1890
330
1880
100
AcDbEntity
  8
c_base
 62
     0
370
    -2
100
AcDbLine
 10
202.625
 20
130.0
 30
0.0
 11
216.8894480412757
 21
130.0
 31
0.0
  0
LINE
  5
1891
330
1880
100
AcDbEntity
  8
c_base
 62
     0
370
    -2
100
AcDbLine
 10
215.6394480412757
 20
122.5
 30
0.0
 11
215.6394480412757
 21
120.0
 31
0.0
  0
LINE
  5
1892
330
1880
100
AcDbEntity
  8
c_base
 62
     0
370
    -2
100
AcDbLine
 10
215.6394480412757
 20
132.5
 30
0.0
 11
215.6394480412757
 21
135.0
 31
0.0
  0
LINE
  5
1893
330
1880
100
AcDbEntity
  8
c_base
 62
     0
370
    -2
100
AcDbLine
 10
215.6394480412757
 20
125.0
 30
0.0
 11
215.6394480412757
 21
130.0
 31
0.0
  0
SOLID
  5
1894
330
1880
100
AcDbEntity
  8
c_base
 62
     0
100
AcDbTrace
 10
215.2227813746091
 20
122.5
 30
0.0
 11
216.0561147079424
 21
122.5
 31
0.0
 12
215.6394480412757
 22
125.0
 32
0.0
 13
215.6394480412757
 23
125.0
 33
0.0
  0
SOLID
  5
1895
330
1880
100
AcDbEntity
  8
c_base
 62
     0
100
AcDbTrace
 10
215.2227813746091
 20
132.5
 30
0.0
 11
216.0561147079424
 21
132.5
 31
0.0
 12
215.6394480412757
 22
130.0
 32
0.0
 13
215.6394480412757
 23
130.0
 33
0.0
  0
MTEXT
  5
1896
330
1880
100
AcDbEntity
  8
c_base
 62
     0
100
AcDbMText
 10
213.7644480412757
 20
127.5
 30
0.0
 40
2.5
 41
0.0
 71
     5
 72
     1
  1
5
 11
0.0000000000000001
 21
1.0
 31
0.0
 73
     1
 44
1.0
1001
ACAD
1000
MTEXTBEGIN
1070
    73
1070
     1
1070
    44
1040
1.0
1070
    74
1070
     0
1000
MTEXTEND
  0
POINT
  5
1897
330
1880
100
AcDbEntity
  8
Defpoints
 62
     0
100
AcDbPoint
 10
194.0
 20
125.0
 30
0.0
  0
POINT
  5
1898
330
1880
100
AcDbEntity
  8
Defpoints
 62
     0
100
AcDbPoint
 10
202.0
 20
130.0
 30
0.0
  0
POINT
  5
1899
330
1880
100
AcDbEntity
  8
Defpoints
 62
     0
100
AcDbPoint
 10
215.6394480412757
 20
130.0
 30
0.0
  0
ENDBLK
  5
188D
330
1880
100
AcDbEntity
  8
0
100
AcDbBlockEnd
  0
BLOCK
  5
18A6
330
189C
100
AcDbEntity
  8
0
100
AcDbBlockBegin
  2
*D88
 70
     1
 10
0.0
 20
0.0
 30
0.0
  3
*D88
  1

  0
LINE
  5
18A9
330
189C
100
AcDbEntity
  8
c_base
 62
     0
370
    -2
100
AcDbLine
 10
194.625
 20
125.0
 30
0.0
 11
217.1970547665249
 21
125.0
 31
0.0
  0
LINE
  5
18AA
330
189C
100
AcDbEntity
  8
c_base
 62
     0
370
    -2
100
AcDbLine
 10
204.625
 20
103.0
 30
0.0
 11
217.1970547665249
 21
103.0
 31
0.0
  0
LINE
  5
18AB
330
189C
100
AcDbEntity
  8
c_base
 62
     0
370
    -2
100
AcDbLine
 10
215.9470547665248
 20
122.5
 30
0.0
 11
215.9470547665248
 21
105.5
 31
0.0
  0
SOLID
  5
18AC
330
189C
100
AcDbEntity
  8
c_base
 62
     0
100
AcDbTrace
 10
215.5303880998582
 20
122.5
 30
0.0
 11
216.3637214331915
 21
122.5
 31
0.0
 12
215.9470547665248
 22
125.0
 32
0.0
 13
215.9470547665248
 23
125.0
 33
0.0
  0
SOLID
  5
18AD
330
189C
100
AcDbEntity
  8
c_base
 62
     0
100
AcDbTrace
 10
215.5303880998582
 20
105.5
 30
0.0
 11
216.3637214331915
 21
105.5
 31
0.0
 12
215.9470547665248
 22
103.0
 32
0.0
 13
215.9470547665248
 23
103.0
 33
0.0
  0
MTEXT
  5
18AE
330
189C
100
AcDbEntity
  8
c_base
 62
     0
100
AcDbMText
 10
214.0720547665248
 20
114.0
 30
0.0
 40
2.5
 41
0.0
 71
     5
 72
     1
  1
22
 11
0.0000000000000001
 21
1.0
 31
0.0
 73
     1
 44
1.0
1001
ACAD
1000
MTEXTBEGIN
1070
    73
1070
     1
1070
    44
1040
1.0
1070
    74
1070
     0
1000
MTEXTEND
  0
POINT
  5
18AF
330
189C
100
AcDbEntity
  8
Defpoints
 62
     0
100
AcDbPoint
 10
194.0
 20
125.0
 30
0.0
  0
POINT
  5
18B0
330
189C
100
AcDbEntity
  8
Defpoints
 62
     0
100
AcDbPoint
 10
204.0
 20
103.0
 30
0.0
  0
POINT
  5
18B1
330
189C
100
AcDbEntity
  8
Defpoints
 62
     0
100
AcDbPoint
 10
215.9470547665248
 20
103.0
 30
0.0
  0
ENDBLK
  5
18A7
330
189C
100
AcDbEntity
  8
0
100
AcDbBlockEnd
  0
BLOCK
  5
18C0
330
18B4
100
AcDbEntity
  8
0
100
AcDbBlockBegin
  2
*D89
 70
     1
 10
0.0
 20
0.0
 30
0.0
  3
*D89
  1

  0
LINE
  5
18C3
330
18B4
100
AcDbEntity
  8
c_base
 62
     0
370
    -2
100
AcDbLine
 10
204.0
 20
103.625
 30
0.0
 11
204.0
 21
144.7419594249391
 31
0.0
  0
LINE
  5
18C4
330
18B4
100
AcDbEntity
  8
c_base
 62
     0
370
    -2
100
AcDbLine
 10
207.0
 20
125.625
 30
0.0
 11
207.0
 21
144.7419594249391
 31
0.0
  0
LINE
  5
18C5
330
18B4
100
AcDbEntity
  8
c_base
 62
     0
370
    -2
100
AcDbLine
 10
201.5
 20
143.4919594249391
 30
0.0
 11
199.0
 21
143.4919594249391
 31
0.0
  0
LINE
  5
18C6
330
18B4
100
AcDbEntity
  8
c_base
 62
     0
370
    -2
100
AcDbLine
 10
209.5
 20
143.4919594249391
 30
0.0
 11
212.0
 21
143.4919594249391
 31
0.0
  0
LINE
  5
18C7
330
18B4
100
AcDbEntity
  8
c_base
 62
     0
370
    -2
100
AcDbLine
 10
204.0
 20
143.4919594249391
 30
0.0
 11
207.0
 21
143.4919594249391
 31
0.0
  0
SOLID
  5
18C8
330
18B4
100
AcDbEntity
  8
c_base
 62
     0
100
AcDbTrace
 10
201.5
 20
143.9086260916058
 30
0.0
 11
201.5
 21
143.0752927582724
 31
0.0
 12
204.0
 22
143.4919594249391
 32
0.0
 13
204.0
 23
143.4919594249391
 33
0.0
  0
SOLID
  5
18C9
330
18B4
100
AcDbEntity
  8
c_base
 62
     0
100
AcDbTrace
 10
209.5
 20
143.9086260916058
 30
0.0
 11
209.5
 21
143.0752927582724
 31
0.0
 12
207.0
 22
143.4919594249391
 32
0.0
 13
207.0
 23
143.4919594249391
 33
0.0
  0
MTEXT
  5
18CA
330
18B4
100
AcDbEntity
  8
c_base
 62
     0
100
AcDbMText
 10
205.5
 20
145.3669594249391
 30
0.0
 40
2.5
 41
0.0
 71
     5
 72
     1
  1
3
 73
     1
 44
1.0
1001
ACAD
1000
MTEXTBEGIN
1070
    73
1070
     1
1070
    44
1040
1.0
1070
    74
1070
     0
1000
MTEXTEND
  0
POINT
  5
18CB
330
18B4
100
AcDbEntity
  8
Defpoints
 62
     0
100
AcDbPoint
 10
204.0
 20
103.0
 30
0.0
  0
POINT
  5
18CC
330
18B4
100
AcDbEntity
  8
Defpoints
 62
     0
100
AcDbPoint
 10
207.0
 20
125.0
 30
0.0
  0
POINT
  5
18CD
330
18B4
100
AcDbEntity
  8
Defpoints
 62
     0
100
AcDbPoint
 10
207.0
 20
143.4919594249391
 30
0.0
  0
ENDBLK
  5
18C1
330
18B4
100
AcDbEntity
  8
0
100
AcDbBlockEnd
  0
BLOCK
  5
18DC
330
18D0
100
AcDbEntity
  8
0
100
AcDbBlockBegin
  2
*D90
 70
     1
 10
0.0
 20
0.0
 30
0.0
  3
*D90
  1

  0
LINE
  5
18DF
330
18D0
100
AcDbEntity
  8
c_base
 62
     0
370
    -2
100
AcDbLine
 10
192.625
 20
55.0
 30
0.0
 11
215.560504766613
 21
55.0
 31
0.0
  0
LINE
  5
18E0
330
18D0
100
AcDbEntity
  8
c_base
 62
     0
370
    -2
100
AcDbLine
 10
202.625
 20
50.0
 30
0.0
 11
215.560504766613
 21
50.0
 31
0.0
  0
LINE
  5
18E1
330
18D0
100
AcDbEntity
  8
c_base
 62
     0
370
    -2
100
AcDbLine
 10
214.310504766613
 20
57.5
 30
0.0
 11
214.310504766613
 21
60.0
 31
0.0
  0
LINE
  5
18E2
330
18D0
100
AcDbEntity
  8
c_base
 62
     0
370
    -2
100
AcDbLine
 10
214.310504766613
 20
47.49999999999999
 30
0.0
 11
214.310504766613
 21
44.99999999999999
 31
0.0
  0
LINE
  5
18E3
330
18D0
100
AcDbEntity
  8
c_base
 62
     0
370
    -2
100
AcDbLine
 10
214.310504766613
 20
55.0
 30
0.0
 11
214.310504766613
 21
50.0
 31
0.0
  0
SOLID
  5
18E4
330
18D0
100
AcDbEntity
  8
c_base
 62
     0
100
AcDbTrace
 10
213.8938380999463
 20
57.5
 30
0.0
 11
214.7271714332797
 21
57.5
 31
0.0
 12
214.310504766613
 22
55.0
 32
0.0
 13
214.310504766613
 23
55.0
 33
0.0
  0
SOLID
  5
18E5
330
18D0
100
AcDbEntity
  8
c_base
 62
     0
100
AcDbTrace
 10
213.8938380999463
 20
47.49999999999999
 30
0.0
 11
214.7271714332797
 21
47.49999999999999
 31
0.0
 12
214.310504766613
 22
50.0
 32
0.0
 13
214.310504766613
 23
50.0
 33
0.0
  0
MTEXT
  5
18E6
330
18D0
100
AcDbEntity
  8
c_base
 62
     0
100
AcDbMText
 10
212.435504766613
 20
52.50000000000003
 30
0.0
 40
2.5
 41
0.0
 71
     5
 72
     1
  1
5
 11
0.0000000000000001
 21
1.0
 31
0.0
 73
     1
 44
1.0
1001
ACAD
1000
MTEXTBEGIN
1070
    73
1070
     1
1070
    44
1040
1.0
1070
    74
1070
     0
1000
MTEXTEND
  0
POINT
  5
18E7
330
18D0
100
AcDbEntity
  8
Defpoints
 62
     0
100
AcDbPoint
 10
192.0
 20
55.0
 30
0.0
  0
POINT
  5
18E8
330
18D0
100
AcDbEntity
  8
Defpoints
 62
     0
100
AcDbPoint
 10
202.0
 20
50.0
 30
0.0
  0
POINT
  5
18E9
330
18D0
100
AcDbEntity
  8
Defpoints
 62
     0
100
AcDbPoint
 10
214.310504766613
 20
50.0
 30
0.0
  0
ENDBLK
  5
18DD
330
18D0
100
AcDbEntity
  8
0
100
AcDbBlockEnd
  0
BLOCK
  5
1926
330
191C
100
AcDbEntity
  8
0
100
AcDbBlockBegin
  2
*D91
 70
     1
 10
0.0
 20
0.0
 30
0.0
  3
*D91
  1

  0
LINE
  5
1929
330
191C
100
AcDbEntity
  8
c_base
 62
     0
370
    -2
100
AcDbLine
 10
202.625
 20
77.0
 30
0.0
 11
215.9666302775345
 21
77.0
 31
0.0
  0
LINE
  5
192A
330
191C
100
AcDbEntity
  8
c_base
 62
     0
370
    -2
100
AcDbLine
 10
192.625
 20
55.0
 30
0.0
 11
215.9666302775344
 21
55.0
 31
0.0
  0
LINE
  5
192B
330
191C
100
AcDbEntity
  8
c_base
 62
     0
370
    -2
100
AcDbLine
 10
214.7166302775345
 20
74.5
 30
0.0
 11
214.7166302775345
 21
57.5
 31
0.0
  0
SOLID
  5
192C
330
191C
100
AcDbEntity
  8
c_base
 62
     0
100
AcDbTrace
 10
214.2999636108678
 20
74.5
 30
0.0
 11
215.1332969442012
 21
74.5
 31
0.0
 12
214.7166302775345
 22
77.0
 32
0.0
 13
214.7166302775345
 23
77.0
 33
0.0
  0
SOLID
  5
192D
330
191C
100
AcDbEntity
  8
c_base
 62
     0
100
AcDbTrace
 10
214.2999636108678
 20
57.5
 30
0.0
 11
215.1332969442011
 21
57.5
 31
0.0
 12
214.7166302775345
 22
55.0
 32
0.0
 13
214.7166302775345
 23
55.0
 33
0.0
  0
MTEXT
  5
192E
330
191C
100
AcDbEntity
  8
c_base
 62
     0
100
AcDbMText
 10
212.8416302775344
 20
66.00000000000003
 30
0.0
 40
2.5
 41
0.0
 71
     5
 72
     1
  1
22
 11
0.0000000000000001
 21
1.0
 31
0.0
 73
     1
 44
1.0
1001
ACAD
1000
MTEXTBEGIN
1070
    73
1070
     1
1070
    44
1040
1.0
1070
    74
1070
     0
1000
MTEXTEND
  0
POINT
  5
192F
330
191C
100
AcDbEntity
  8
Defpoints
 62
     0
100
AcDbPoint
 10
202.0
 20
77.0
 30
0.0
  0
POINT
  5
1930
330
191C
100
AcDbEntity
  8
Defpoints
 62
     0
100
AcDbPoint
 10
192.0
 20
55.0
 30
0.0
  0
POINT
  5
1931
330
191C
100
AcDbEntity
  8
Defpoints
 62
     0
100
AcDbPoint
 10
214.7166302775345
 20
55.0
 30
0.0
  0
ENDBLK
  5
1927
330
191C
100
AcDbEntity
  8
0
100
AcDbBlockEnd
  0
BLOCK
  5
193E
330
1934
100
AcDbEntity
  8
0
100
AcDbBlockBegin
  2
*D92
 70
     1
 10
0.0
 20
0.0
 30
0.0
  3
*D92
  1

  0
LINE
  5
1941
330
1934
100
AcDbEntity
  8
c_base
 62
     0
370
    -2
100
AcDbLine
 10
202.0
 20
76.375
 30
0.0
 11
202.0
 21
38.69913467168448
 31
0.0
  0
LINE
  5
1942
330
1934
100
AcDbEntity
  8
c_base
 62
     0
370
    -2
100
AcDbLine
 10
192.0
 20
54.375
 30
0.0
 11
192.0
 21
38.69913467168448
 31
0.0
  0
LINE
  5
1943
330
1934
100
AcDbEntity
  8
c_base
 62
     0
370
    -2
100
AcDbLine
 10
199.5
 20
39.94913467168448
 30
0.0
 11
194.5
 21
39.94913467168448
 31
0.0
  0
SOLID
  5
1944
330
1934
100
AcDbEntity
  8
c_base
 62
     0
100
AcDbTrace
 10
199.5
 20
40.36580133835114
 30
0.0
 11
199.5
 21
39.53246800501781
 31
0.0
 12
202.0
 22
39.94913467168448
 32
0.0
 13
202.0
 23
39.94913467168448
 33
0.0
  0
SOLID
  5
1945
330
1934
100
AcDbEntity
  8
c_base
 62
     0
100
AcDbTrace
 10
194.5
 20
40.36580133835114
 30
0.0
 11
194.5
 21
39.53246800501781
 31
0.0
 12
192.0
 22
39.94913467168448
 32
0.0
 13
192.0
 23
39.94913467168448
 33
0.0
  0
MTEXT
  5
1946
330
1934
100
AcDbEntity
  8
c_base
 62
     0
100
AcDbMText
 10
197.0
 20
41.82413467168447
 30
0.0
 40
2.5
 41
0.0
 71
     5
 72
     1
  1
10
 73
     1
 44
1.0
1001
ACAD
1000
MTEXTBEGIN
1070
    73
1070
     1
1070
    44
1040
1.0
1070
    74
1070
     0
1000
MTEXTEND
  0
POINT
  5
1947
330
1934
100
AcDbEntity
  8
Defpoints
 62
     0
100
AcDbPoint
 10
202.0
 20
77.0
 30
0.0
  0
POINT
  5
1948
330
1934
100
AcDbEntity
  8
Defpoints
 62
     0
100
AcDbPoint
 10
192.0
 20
55.0
 30
0.0
  0
POINT
  5
1949
330
1934
100
AcDbEntity
  8
Defpoints
 62
     0
100
AcDbPoint
 10
192.0
 20
39.94913467168448
 30
0.0
  0
ENDBLK
  5
193F
330
1934
100
AcDbEntity
  8
0
100
AcDbBlockEnd
  0
BLOCK
  5
1957
330
194D
100
AcDbEntity
  8
0
100
AcDbBlockBegin
  2
*D93
 70
     1
 10
0.0
 20
0.0
 30
0.0
  3
*D93
  1

  0
LINE
  5
195A
330
194D
100
AcDbEntity
  8
c_base
 62
     0
370
    -2
100
AcDbLine
 10
180.625
 20
80.0
 30
0.0
 11
181.25
 21
80.0
 31
0.0
  0
LINE
  5
195B
330
194D
100
AcDbEntity
  8
c_base
 62
     0
370
    -2
100
AcDbLine
 10
179.375
 20
50.0
 30
0.0
 11
178.75
 21
50.0
 31
0.0
  0
LINE
  5
195C
330
194D
100
AcDbEntity
  8
c_base
 62
     0
370
    -2
100
AcDbLine
 10
180.0
 20
77.5
 30
0.0
 11
180.0
 21
52.5
 31
0.0
  0
SOLID
  5
195D
330
194D
100
AcDbEntity
  8
c_base
 62
     0
100
AcDbTrace
 10
179.5833333333334
 20
77.5
 30
0.0
 11
180.4166666666667
 21
77.5
 31
0.0
 12
180.0
 22
80.0
 32
0.0
 13
180.0
 23
80.0
 33
0.0
  0
SOLID
  5
195E
330
194D
100
AcDbEntity
  8
c_base
 62
     0
100
AcDbTrace
 10
179.5833333333333
 20
52.5
 30
0.0
 11
180.4166666666666
 21
52.5
 31
0.0
 12
180.0
 22
50.0
 32
0.0
 13
180.0
 23
50.0
 33
0.0
  0
MTEXT
  5
195F
330
194D
100
AcDbEntity
  8
c_base
 62
     0
100
AcDbMText
 10
178.125
 20
65.00000000000003
 30
0.0
 40
2.5
 41
0.0
 71
     5
 72
     1
  1
30
 11
0.0000000000000001
 21
1.0
 31
0.0
 73
     1
 44
1.0
1001
ACAD
1000
MTEXTBEGIN
1070
    73
1070
     1
1070
    44
1040
1.0
1070
    74
1070
     0
1000
MTEXTEND
  0
POINT
  5
1960
330
194D
100
AcDbEntity
  8
Defpoints
 62
     0
100
AcDbPoint
 10
180.0
 20
80.0
 30
0.0
  0
POINT
  5
1961
330
194D
100
AcDbEntity
  8
Defpoints
 62
     0
100
AcDbPoint
 10
180.0
 20
50.0
 30
0.0
  0
POINT
  5
1962
330
194D
100
AcDbEntity
  8
Defpoints
 62
     0
100
AcDbPoint
 10
180.0
 20
50.0
 30
0.0
  0
ENDBLK
  5
1958
330
194D
100
AcDbEntity
  8
0
100
AcDbBlockEnd
  0
BLOCK
  5
198D
330
1987
100
AcDbEntity
  8
0
100
AcDbBlockBegin
  2
*D94
 70
     1
 10
0.0
 20
0.0
 30
0.0
  3
*D94
  1

  0
LINE
  5
1990
330
1987
100
AcDbEntity
  8
c_base
 62
     0
370
    -2
100
AcDbLine
 10
212.5823042351672
 20
94.92590571893815
 30
0.0
 11
204.6919255182526
 21
102.3490475614986
 31
0.0
  0
MTEXT
  5
1991
330
1987
100
AcDbEntity
  8
c_base
 62
     0
100
AcDbMText
 10
210.9750704676155
 20
99.29834079625271
 30
0.0
 40
2.5
 41
0.0
 71
     5
 72
     1
  1
\U+22053,1
 11
0.7283426507921208
 21
-0.6852130931594252
 31
0.0
 73
     1
 44
1.0
1001
ACAD
1000
MTEXTBEGIN
1070
    73
1070
     1
1070
    44
1040
1.0
1070
    74
1070
     0
1000
MTEXTEND
  0
SOLID
  5
1992
330
1987
100
AcDbEntity
  8
c_base
 62
     0
100
AcDbTrace
 10
204.9774309737357
 20
102.6525236659953
 30
0.0
 11
204.4064200627695
 21
102.0455714570019
 31
0.0
 12
202.8710688912723
 22
104.0620802943971
 32
0.0
 13
202.8710688912723
 23
104.0620802943971
 33
0.0
  0
POINT
  5
1993
330
1987
100
AcDbEntity
  8
Defpoints
 62
     0
100
AcDbPoint
 10
202.8710688912723
 20
104.0620802943971
 30
0.0
  0
POINT
  5
1994
330
1987
100
AcDbEntity
  8
Defpoints
 62
     0
100
AcDbPoint
 10
205.1289311087278
 20
101.9379197056029
 30
0.0
  0
ENDBLK
  5
198E
330
1987
100
AcDbEntity
  8
0
100
AcDbBlockEnd
  0
BLOCK
  5
19A0
330
1997
100
AcDbEntity
  8
0
100
AcDbBlockBegin
  2
*D95
 70
     1
 10
0.0
 20
0.0
 30
0.0
  3
*D95
  1

  0
LINE
  5
19A3
330
1997
100
AcDbEntity
  8
c_base
 62
     0
370
    -2
100
AcDbLine
 10
192.9801143104858
 20
88.83871924066152
 30
0.0
 11
199.5455406242419
 21
80.22151038687653
 31
0.0
  0
LINE
  5
19A4
330
1997
100
AcDbEntity
  8
c_base
 62
     0
370
    -2
100
AcDbLine
 10
204.4544593757581
 20
73.77848961312347
 30
0.0
 11
205.9695577558556
 21
71.7899029545577
 31
0.0
  0
MTEXT
  5
19A5
330
1997
100
AcDbEntity
  8
c_base
 62
     0
100
AcDbMText
 10
197.1624338261199
 20
86.78699012646655
 30
0.0
 40
2.5
 41
0.0
 71
     5
 72
     1
  1
\U+22053,1
 11
0.6060393520390234
 21
-0.795434663426306
 31
0.0
 73
     1
 44
1.0
1001
ACAD
1000
MTEXTBEGIN
1070
    73
1070
     1
1070
    44
1040
1.0
1070
    74
1070
     0
1000
MTEXTEND
  0
LINE
  5
19A6
330
1997
100
AcDbEntity
  8
c_base
 62
     0
370
    -2
100
AcDbLine
 10
202.9393609956605
 20
75.76707627168923
 30
0.0
 11
201.0606390043395
 21
78.23292372831076
 31
0.0
  0
SOLID
  5
19A7
330
1997
100
AcDbEntity
  8
c_base
 62
     0
100
AcDbTrace
 10
204.785890485519
 20
74.03100600980639
 30
0.0
 11
204.1230282659971
 21
73.52597321644054
 31
0.0
 12
202.9393609956605
 22
75.76707627168923
 32
0.0
 13
202.9393609956605
 23
75.76707627168923
 33
0.0
  0
SOLID
  5
19A8
330
1997
100
AcDbEntity
  8
c_base
 62
     0
100
AcDbTrace
 10
199.8769717340029
 20
80.47402678355945
 30
0.0
 11
199.2141095144809
 21
79.96899399019361
 31
0.0
 12
201.0606390043395
 22
78.23292372831076
 32
0.0
 13
201.0606390043395
 23
78.23292372831076
 33
0.0
  0
POINT
  5
19A9
330
1997
100
AcDbEntity
  8
Defpoints
 62
     0
100
AcDbPoint
 10
201.0606390043395
 20
78.23292372831076
 30
0.0
  0
POINT
  5
19AA
330
1997
100
AcDbEntity
  8
Defpoints
 62
     0
100
AcDbPoint
 10
202.9393609956605
 20
75.76707627168923
 30
0.0
  0
ENDBLK
  5
19A1
330
1997
100
AcDbEntity
  8
0
100
AcDbBlockEnd
  0
BLOCK
  5
19B6
330
19AD
100
AcDbEntity
  8
0
100
AcDbBlockBegin
  2
*D96
 70
     1
 10
0.0
 20
0.0
 30
0.0
  3
*D96
  1

  0
LINE
  5
19B9
330
19AD
100
AcDbEntity
  8
c_base
 62
     0
370
    -2
100
AcDbLine
 10
186.3337189227278
 20
68.7625168433851
 30
0.0
 11
190.4581116441465
 21
58.74500738291444
 31
0.0
  0
LINE
  5
19BA
330
19AD
100
AcDbEntity
  8
c_base
 62
     0
370
    -2
100
AcDbLine
 10
193.5418883558535
 20
51.25499261708559
 30
0.0
 11
194.4936712915655
 21
48.94325966466928
 31
0.0
  0
MTEXT
  5
19BB
330
19AD
100
AcDbEntity
  8
c_base
 62
     0
100
AcDbMText
 10
189.8464679425947
 20
65.70278103578463
 30
0.0
 40
2.5
 41
0.0
 71
     5
 72
     1
  1
\U+22053,1
 11
0.3807131742848078
 21
-0.9246931809665223
 31
0.0
 73
     1
 44
1.0
1001
ACAD
1000
MTEXTBEGIN
1070
    73
1070
     1
1070
    44
1040
1.0
1070
    74
1070
     0
1000
MTEXTEND
  0
LINE
  5
19BC
330
19AD
100
AcDbEntity
  8
c_base
 62
     0
370
    -2
100
AcDbLine
 10
192.5901054201414
 20
53.5667255695019
 30
0.0
 11
191.4098945798585
 21
56.43327443049813
 31
0.0
  0
SOLID
  5
19BD
330
19AD
100
AcDbEntity
  8
c_base
 62
     0
100
AcDbTrace
 10
193.9271771812562
 20
51.41362310637092
 30
0.0
 11
193.1565995304507
 21
51.09636212780026
 31
0.0
 12
192.5901054201414
 22
53.5667255695019
 32
0.0
 13
192.5901054201414
 23
53.5667255695019
 33
0.0
  0
SOLID
  5
19BE
330
19AD
100
AcDbEntity
  8
c_base
 62
     0
100
AcDbTrace
 10
190.8434004695492
 20
58.90363787219976
 30
0.0
 11
190.0728228187438
 21
58.58637689362911
 31
0.0
 12
191.4098945798585
 22
56.43327443049813
 32
0.0
 13
191.4098945798585
 23
56.43327443049813
 33
0.0
  0
POINT
  5
19BF
330
19AD
100
AcDbEntity
  8
Defpoints
 62
     0
100
AcDbPoint
 10
191.4098945798585
 20
56.43327443049813
 30
0.0
  0
POINT
  5
19C0
330
19AD
100
AcDbEntity
  8
Defpoints
 62
     0
100
AcDbPoint
 10
192.5901054201414
 20
53.5667255695019
 30
0.0
  0
ENDBLK
  5
19B7
330
19AD
100
AcDbEntity
  8
0
100
AcDbBlockEnd
  0
BLOCK
  5
1A11
330
1A07
100
AcDbEntity
  8
0
100
AcDbBlockBegin
  2
*D97
 70
     1
 10
0.0
 20
0.0
 30
0.0
  3
*D97
  1

  0
LINE
  5
1A14
330
1A07
100
AcDbEntity
  8
c_base
 62
     0
370
    -2
100
AcDbLine
 10
180.1
 20
99.375
 30
0.0
 11
180.1
 21
93.42216824083692
 31
0.0
  0
LINE
  5
1A15
330
1A07
100
AcDbEntity
  8
c_base
 62
     0
370
    -2
100
AcDbLine
 10
207.0
 20
99.375
 30
0.0
 11
207.0
 21
93.42216824083692
 31
0.0
  0
LINE
  5
1A16
330
1A07
100
AcDbEntity
  8
c_base
 62
     0
370
    -2
100
AcDbLine
 10
182.6
 20
94.67216824083692
 30
0.0
 11
204.5
 21
94.67216824083692
 31
0.0
  0
SOLID
  5
1A17
330
1A07
100
AcDbEntity
  8
c_base
 62
     0
100
AcDbTrace
 10
182.6
 20
95.0888349075036
 30
0.0
 11
182.6
 21
94.25550157417026
 31
0.0
 12
180.1
 22
94.67216824083692
 32
0.0
 13
180.1
 23
94.67216824083692
 33
0.0
  0
SOLID
  5
1A18
330
1A07
100
AcDbEntity
  8
c_base
 62
     0
100
AcDbTrace
 10
204.5
 20
95.0888349075036
 30
0.0
 11
204.5
 21
94.25550157417026
 31
0.0
 12
207.0
 22
94.67216824083692
 32
0.0
 13
207.0
 23
94.67216824083692
 33
0.0
  0
MTEXT
  5
1A19
330
1A07
100
AcDbEntity
  8
c_base
 62
     0
100
AcDbMText
 10
193.55
 20
96.75550157417026
 30
0.0
 40
2.5
 41
0.0
 71
     5
 72
     1
  1
26,9
 73
     1
 44
1.0
1001
ACAD
1000
MTEXTBEGIN
1070
    73
1070
     1
1070
    44
1040
1.0
1070
    74
1070
     0
1000
MTEXTEND
  0
POINT
  5
1A1A
330
1A07
100
AcDbEntity
  8
Defpoints
 62
     0
100
AcDbPoint
 10
180.1
 20
100.0
 30
0.0
  0
POINT
  5
1A1B
330
1A07
100
AcDbEntity
  8
Defpoints
 62
     0
100
AcDbPoint
 10
207.0
 20
100.0
 30
0.0
  0
POINT
  5
1A1C
330
1A07
100
AcDbEntity
  8
Defpoints
 62
     0
100
AcDbPoint
 10
207.0
 20
94.67216824083692
 30
0.0
  0
ENDBLK
  5
1A12
330
1A07
100
AcDbEntity
  8
0
100
AcDbBlockEnd
  0
BLOCK
  5
1A2B
330
1A1F
100
AcDbEntity
  8
0
100
AcDbBlockBegin
  2
*D98
 70
     1
 10
0.0
 20
0.0
 30
0.0
  3
*D98
  1

  0
LINE
  5
1A2E
330
1A1F
100
AcDbEntity
  8
c_base
 62
     0
370
    -2
100
AcDbLine
 10
180.1
 20
100.625
 30
0.0
 11
180.1
 21
113.6347125525545
 31
0.0
  0
LINE
  5
1A2F
330
1A1F
100
AcDbEntity
  8
c_base
 62
     0
370
    -2
100
AcDbLine
 10
177.0
 20
100.625
 30
0.0
 11
177.0
 21
113.6347125525545
 31
0.0
  0
LINE
  5
1A30
330
1A1F
100
AcDbEntity
  8
c_base
 62
     0
370
    -2
100
AcDbLine
 10
182.6
 20
112.3847125525545
 30
0.0
 11
185.1
 21
112.3847125525545
 31
0.0
  0
LINE
  5
1A31
330
1A1F
100
AcDbEntity
  8
c_base
 62
     0
370
    -2
100
AcDbLine
 10
174.5
 20
112.3847125525545
 30
0.0
 11
166.1666666666666
 21
112.3847125525545
 31
0.0
  0
LINE
  5
1A32
330
1A1F
100
AcDbEntity
  8
c_base
 62
     0
370
    -2
100
AcDbLine
 10
180.1
 20
112.3847125525545
 30
0.0
 11
177.0
 21
112.3847125525545
 31
0.0
  0
SOLID
  5
1A33
330
1A1F
100
AcDbEntity
  8
c_base
 62
     0
100
AcDbTrace
 10
182.6
 20
112.8013792192211
 30
0.0
 11
182.6
 21
111.9680458858878
 31
0.0
 12
180.1
 22
112.3847125525545
 32
0.0
 13
180.1
 23
112.3847125525545
 33
0.0
  0
SOLID
  5
1A34
330
1A1F
100
AcDbEntity
  8
c_base
 62
     0
100
AcDbTrace
 10
174.5
 20
112.8013792192211
 30
0.0
 11
174.5
 21
111.9680458858878
 31
0.0
 12
177.0
 22
112.3847125525545
 32
0.0
 13
177.0
 23
112.3847125525545
 33
0.0
  0
MTEXT
  5
1A35
330
1A1F
100
AcDbEntity
  8
c_base
 62
     0
100
AcDbMText
 10
169.0833333333333
 20
114.4680458858878
 30
0.0
 40
2.5
 41
0.0
 71
     5
 72
     1
  1
3,1
 73
     1
 44
1.0
1001
ACAD
1000
MTEXTBEGIN
1070
    73
1070
     1
1070
    44
1040
1.0
1070
    74
1070
     0
1000
MTEXTEND
  0
POINT
  5
1A36
330
1A1F
100
AcDbEntity
  8
Defpoints
 62
     0
100
AcDbPoint
 10
180.1
 20
100.0
 30
0.0
  0
POINT
  5
1A37
330
1A1F
100
AcDbEntity
  8
Defpoints
 62
     0
100
AcDbPoint
 10
177.0
 20
100.0
 30
0.0
  0
POINT
  5
1A38
330
1A1F
100
AcDbEntity
  8
Defpoints
 62
     0
100
AcDbPoint
 10
177.0
 20
112.3847125525545
 30
0.0
  0
ENDBLK
  5
1A2C
330
1A1F
100
AcDbEntity
  8
0
100
AcDbBlockEnd
  0
ENDSEC
  0
SECTION
  2
ENTITIES
  0
LINE
  5
EC
102
{ACAD_REACTORS
330
68E
330
6A6
330
85B
102
}
330
1F
100
AcDbEntity
  8
base
100
AcDbLine
 10
70.0
 20
50.0
 30
0.0
 11
50.0
 21
70.0
 31
0.0
  0
LINE
  5
ED
102
{ACAD_REACTORS
330
646
330
5E6
102
}
330
1F
100
AcDbEntity
  8
base
100
AcDbLine
 10
70.0
 20
130.0
 30
0.0
 11
50.0
 21
110.0
 31
0.0
  0
LINE
  5
EE
330
1F
100
AcDbEntity
  8
base
100
AcDbLine
 10
50.0
 20
110.0
 30
0.0
 11
50.0
 21
70.0
 31
0.0
  0
CIRCLE
  5
F4
102
{ACAD_REACTORS
330
448
330
676
330
85B
330
17A9
102
}
330
1F
100
AcDbEntity
  8
base
100
AcDbCircle
 10
75.0
 20
90.0
 30
0.0
 40
3.0
  0
CIRCLE
  5
108
102
{ACAD_REACTORS
330
313
102
}
330
1F
100
AcDbEntity
  8
base
100
AcDbCircle
 10
167.5
 20
119.5
 30
0.0
 40
1.55
  0
CIRCLE
  5
109
102
{ACAD_REACTORS
330
329
330
88D
330
955
102
}
330
1F
100
AcDbEntity
  8
base
100
AcDbCircle
 10
91.5
 20
119.5
 30
0.0
 40
1.55
  0
CIRCLE
  5
10A
102
{ACAD_REACTORS
330
2D0
102
}
330
1F
100
AcDbEntity
  8
base
100
AcDbCircle
 10
91.5
 20
60.5
 30
0.0
 40
1.55
  0
CIRCLE
  5
10B
102
{ACAD_REACTORS
330
2FC
330
96D
102
}
330
1F
100
AcDbEntity
  8
base
100
AcDbCircle
 10
167.5
 20
60.5
 30
0.0
 40
1.55
  0
LINE
  5
120
330
1F
100
AcDbEntity
  8
laterales
100
AcDbLine
 10
180.0
 20
7.904563839001404
 30
0.0
 11
170.0
 21
7.904563839001404
 31
0.0
  0
LINE
  5
121
330
1F
100
AcDbEntity
  8
laterales
100
AcDbLine
 10
170.0
 20
7.904563839001404
 30
0.0
 11
170.0
 21
10.9045638390014
 31
0.0
  0
LINE
  5
122
102
{ACAD_REACTORS
330
B0F
330
B27
102
}
330
1F
100
AcDbEntity
  8
laterales
100
AcDbLine
 10
170.0
 20
10.9045638390014
 30
0.0
 11
155.0
 21
10.9045638390014
 31
0.0
  0
LINE
  5
123
102
{ACAD_REACTORS
330
B0F
102
}
330
1F
100
AcDbEntity
  8
laterales
100
AcDbLine
 10
155.0
 20
10.9045638390014
 30
0.0
 11
155.0
 21
7.904563839001411
 31
0.0
  0
LINE
  5
124
330
1F
100
AcDbEntity
  8
laterales
100
AcDbLine
 10
155.0
 20
7.904563839001411
 30
0.0
 11
130.0
 21
7.904563839001411
 31
0.0
  0
LINE
  5
125
330
1F
100
AcDbEntity
  8
laterales
100
AcDbLine
 10
130.0
 20
7.904563839001411
 30
0.0
 11
130.0
 21
10.9045638390014
 31
0.0
  0
LINE
  5
126
102
{ACAD_REACTORS
330
ADF
102
}
330
1F
100
AcDbEntity
  8
laterales
100
AcDbLine
 10
130.0
 20
10.9045638390014
 30
0.0
 11
115.0
 21
10.9045638390014
 31
0.0
  0
LINE
  5
127
102
{ACAD_REACTORS
330
A67
330
ADF
330
1439
102
}
330
1F
100
AcDbEntity
  8
laterales
100
AcDbLine
 10
115.0
 20
10.9045638390014
 30
0.0
 11
115.0
 21
7.904563839001411
 31
0.0
  0
LINE
  5
128
102
{ACAD_REACTORS
330
A3C
102
}
330
1F
100
AcDbEntity
  8
laterales
100
AcDbLine
 10
115.0
 20
7.904563839001411
 30
0.0
 11
105.0
 21
7.904563839001411
 31
0.0
  0
LINE
  5
12C
102
{ACAD_REACTORS
330
1304
102
}
330
1F
100
AcDbEntity
  8
base
100
AcDbLine
 10
180.0
 20
50.0
 30
0.0
 11
170.0
 21
50.0
 31
0.0
  0
LINE
  5
12D
102
{ACAD_REACTORS
330
753
330
1304
102
}
330
1F
100
AcDbEntity
  8
base
100
AcDbLine
 10
170.0
 20
50.0
 30
0.0
 11
170.0
 21
53.0
 31
0.0
  0
LINE
  5
12E
330
1F
100
AcDbEntity
  8
base
100
AcDbLine
 10
170.0
 20
53.0
 30
0.0
 11
155.0
 21
53.0
 31
0.0
  0
LINE
  5
12F
330
1F
100
AcDbEntity
  8
base
100
AcDbLine
 10
155.0
 20
53.0
 30
0.0
 11
155.0
 21
50.0
 31
0.0
  0
LINE
  5
130
102
{ACAD_REACTORS
330
753
330
76B
102
}
330
1F
100
AcDbEntity
  8
base
100
AcDbLine
 10
155.0
 20
50.0
 30
0.0
 11
130.0
 21
50.0
 31
0.0
  0
LINE
  5
131
102
{ACAD_REACTORS
330
76B
330
783
102
}
330
1F
100
AcDbEntity
  8
base
100
AcDbLine
 10
130.0
 20
50.0
 30
0.0
 11
130.0
 21
53.0
 31
0.0
  0
LINE
  5
132
330
1F
100
AcDbEntity
  8
base
100
AcDbLine
 10
130.0
 20
53.0
 30
0.0
 11
115.0
 21
53.0
 31
0.0
  0
LINE
  5
133
102
{ACAD_REACTORS
330
12E7
102
}
330
1F
100
AcDbEntity
  8
base
100
AcDbLine
 10
115.0
 20
53.0
 30
0.0
 11
115.0
 21
50.0
 31
0.0
  0
LINE
  5
134
102
{ACAD_REACTORS
330
5E6
330
676
330
68E
330
6A6
330
783
330
12E7
102
}
330
1F
100
AcDbEntity
  8
base
100
AcDbLine
 10
115.0
 20
50.0
 30
0.0
 11
70.0
 21
50.0
 31
0.0
  0
LINE
  5
135
330
1F
100
AcDbEntity
  8
base
100
AcDbLine
 10
180.0
 20
130.0
 30
0.0
 11
170.0
 21
130.0
 31
0.0
  0
LINE
  5
136
330
1F
100
AcDbEntity
  8
base
100
AcDbLine
 10
170.0
 20
130.0
 30
0.0
 11
170.0
 21
127.0
 31
0.0
  0
LINE
  5
137
330
1F
100
AcDbEntity
  8
base
100
AcDbLine
 10
170.0
 20
127.0
 30
0.0
 11
155.0
 21
127.0
 31
0.0
  0
LINE
  5
138
330
1F
100
AcDbEntity
  8
base
100
AcDbLine
 10
155.0
 20
127.0
 30
0.0
 11
155.0
 21
130.0
 31
0.0
  0
LINE
  5
139
330
1F
100
AcDbEntity
  8
base
100
AcDbLine
 10
155.0
 20
130.0
 30
0.0
 11
130.0
 21
130.0
 31
0.0
  0
LINE
  5
13A
330
1F
100
AcDbEntity
  8
base
100
AcDbLine
 10
130.0
 20
130.0
 30
0.0
 11
130.0
 21
127.0
 31
0.0
  0
LINE
  5
13B
330
1F
100
AcDbEntity
  8
base
100
AcDbLine
 10
130.0
 20
127.0
 30
0.0
 11
115.0
 21
127.0
 31
0.0
  0
LINE
  5
13C
330
1F
100
AcDbEntity
  8
base
100
AcDbLine
 10
115.0
 20
127.0
 30
0.0
 11
115.0
 21
130.0
 31
0.0
  0
LINE
  5
13D
102
{ACAD_REACTORS
330
7B3
330
88D
102
}
330
1F
100
AcDbEntity
  8
base
100
AcDbLine
 10
115.0
 20
130.0
 30
0.0
 11
70.0000000000002
 21
130.0000000000002
 31
0.0
  0
LINE
  5
14B
330
1F
100
AcDbEntity
  8
base
100
AcDbLine
 10
180.0
 20
100.0
 30
0.0
 11
177.0
 21
100.0
 31
0.0
  0
LINE
  5
14C
330
1F
100
AcDbEntity
  8
base
100
AcDbLine
 10
177.0
 20
100.0
 30
0.0
 11
177.0
 21
80.0
 31
0.0
  0
LINE
  5
14D
102
{ACAD_REACTORS
330
12B3
102
}
330
1F
100
AcDbEntity
  8
base
100
AcDbLine
 10
177.0
 20
80.0
 30
0.0
 11
180.0
 21
80.0
 31
0.0
  0
LINE
  5
180
102
{ACAD_REACTORS
330
10EA
102
}
330
1F
100
AcDbEntity
  8
laterales
100
AcDbLine
 10
263.0
 20
127.0
 30
0.0
 11
263.0
 21
100.0
 31
0.0
  0
LINE
  5
181
330
1F
100
AcDbEntity
  8
laterales
100
AcDbLine
 10
263.0
 20
100.0
 30
0.0
 11
260.0
 21
100.0
 31
0.0
  0
LINE
  5
182
102
{ACAD_REACTORS
330
111C
102
}
330
1F
100
AcDbEntity
  8
laterales
100
AcDbLine
 10
260.0
 20
100.0
 30
0.0
 11
260.0
 21
80.0
 31
0.0
  0
LINE
  5
183
102
{ACAD_REACTORS
330
111C
330
1138
102
}
330
1F
100
AcDbEntity
  8
laterales
100
AcDbLine
 10
260.0
 20
80.0
 30
0.0
 11
263.0
 21
80.0
 31
0.0
  0
LINE
  5
184
102
{ACAD_REACTORS
330
1138
102
}
330
1F
100
AcDbEntity
  8
laterales
100
AcDbLine
 10
263.0
 20
80.0
 30
0.0
 11
263.0
 21
53.0
 31
0.0
  0
LINE
  5
186
102
{ACAD_REACTORS
330
16F8
102
}
330
1F
100
AcDbEntity
  8
laterales
100
AcDbLine
 10
290.0
 20
53.0
 30
0.0
 11
290.0
 21
127.0
 31
0.0
  0
LINE
  5
18A
330
1F
100
AcDbEntity
  8
laterales
100
AcDbLine
 10
270.0
 20
53.0
 30
0.0
 11
270.0
 21
50.0
 31
0.0
  0
LINE
  5
18B
330
1F
100
AcDbEntity
  8
laterales
100
AcDbLine
 10
270.0
 20
50.0
 30
0.0
 11
280.0
 21
50.0
 31
0.0
  0
LINE
  5
18C
102
{ACAD_REACTORS
330
BF4
330
CFC
102
}
330
1F
100
AcDbEntity
  8
laterales
100
AcDbLine
 10
280.0
 20
50.0
 30
0.0
 11
280.0
 21
53.0
 31
0.0
  0
LINE
  5
18D
102
{ACAD_REACTORS
330
BF4
330
167C
102
}
330
1F
100
AcDbEntity
  8
laterales
100
AcDbLine
 10
280.0
 20
53.0
 30
0.0
 11
290.0
 21
53.0
 31
0.0
  0
LINE
  5
18F
330
1F
100
AcDbEntity
  8
laterales
100
AcDbLine
 10
270.0
 20
127.0
 30
0.0
 11
270.0
 21
130.0
 31
0.0
  0
LINE
  5
190
102
{ACAD_REACTORS
330
10EA
102
}
330
1F
100
AcDbEntity
  8
laterales
100
AcDbLine
 10
270.0
 20
130.0
 30
0.0
 11
280.0
 21
130.0
 31
0.0
  0
LINE
  5
191
102
{ACAD_REACTORS
330
CB4
330
CCC
330
CFC
102
}
330
1F
100
AcDbEntity
  8
laterales
100
AcDbLine
 10
280.0
 20
130.0
 30
0.0
 11
280.0
 21
127.0
 31
0.0
  0
LINE
  5
192
102
{ACAD_REACTORS
330
CCC
330
1618
102
}
330
1F
100
AcDbEntity
  8
laterales
100
AcDbLine
 10
280.0
 20
127.0
 30
0.0
 11
290.0
 21
127.0
 31
0.0
  0
LINE
  5
193
330
1F
100
AcDbEntity
  8
laterales
100
AcDbLine
 10
180.0
 20
-19.09543616099859
 30
0.0
 11
180.0
 21
-9.095436160998588
 31
0.0
  0
LINE
  5
194
102
{ACAD_REACTORS
330
A7F
330
A97
102
}
330
1F
100
AcDbEntity
  8
laterales
100
AcDbLine
 10
180.0
 20
-9.095436160998588
 30
0.0
 11
177.0
 21
-9.095436160998588
 31
0.0
  0
LINE
  5
195
102
{ACAD_REACTORS
330
9D4
330
9F0
102
}
330
1F
100
AcDbEntity
  8
laterales
100
AcDbLine
 10
177.0
 20
-9.095436160998588
 30
0.0
 11
177.0
 21
0.9045638390014119
 31
0.0
  0
LINE
  5
196
330
1F
100
AcDbEntity
  8
laterales
100
AcDbLine
 10
177.0
 20
0.9045638390014119
 30
0.0
 11
180.0
 21
0.9045638390014119
 31
0.0
  0
LINE
  5
199
102
{ACAD_REACTORS
330
9F0
330
A7F
102
}
330
1F
100
AcDbEntity
  8
laterales
100
AcDbLine
 10
180.0
 20
-19.09543616099859
 30
0.0
 11
165.0
 21
-19.09543616099859
 31
0.0
  0
LINE
  5
19A
102
{ACAD_REACTORS
330
9BC
330
9D4
102
}
330
1F
100
AcDbEntity
  8
laterales
100
AcDbLine
 10
165.0
 20
-19.09543616099859
 30
0.0
 11
165.0
 21
0.9045638390014119
 31
0.0
  0
LINE
  5
19B
330
1F
100
AcDbEntity
  8
laterales
100
AcDbLine
 10
165.0
 20
0.9045638390014119
 30
0.0
 11
125.0
 21
0.9045638390014119
 31
0.0
  0
LINE
  5
19C
102
{ACAD_REACTORS
330
A24
102
}
330
1F
100
AcDbEntity
  8
laterales
100
AcDbLine
 10
125.0
 20
0.9045638390014119
 30
0.0
 11
125.0
 21
-19.09543616099859
 31
0.0
  0
LINE
  5
1B1
102
{ACAD_REACTORS
330
9A4
330
9BC
102
}
330
1F
100
AcDbEntity
  8
laterales
100
AcDbLine
 10
125.0
 20
-19.09543616099859
 30
0.0
 11
110.0
 21
-19.09543616099859
 31
0.0
  0
LINE
  5
1B2
102
{ACAD_REACTORS
330
98C
330
9A4
330
A0C
330
A24
330
A3C
102
}
330
1F
100
AcDbEntity
  8
laterales
100
AcDbLine
 10
110.0
 20
-19.09543616099859
 30
0.0
 11
105.0
 21
-14.09543616099859
 31
0.0
  0
LINE
  5
1B4
330
1F
100
AcDbEntity
  8
laterales
100
AcDbLine
 10
180.0
 20
142.0954361609986
 30
0.0
 11
170.0
 21
142.0954361609986
 31
0.0
  0
LINE
  5
1B5
330
1F
100
AcDbEntity
  8
laterales
100
AcDbLine
 10
170.0
 20
142.0954361609986
 30
0.0
 11
170.0
 21
139.0954361609986
 31
0.0
  0
LINE
  5
1B6
330
1F
100
AcDbEntity
  8
laterales
100
AcDbLine
 10
170.0
 20
139.0954361609986
 30
0.0
 11
155.0
 21
139.0954361609986
 31
0.0
  0
LINE
  5
1B7
330
1F
100
AcDbEntity
  8
laterales
100
AcDbLine
 10
155.0
 20
139.0954361609986
 30
0.0
 11
155.0
 21
142.0954361609986
 31
0.0
  0
LINE
  5
1B8
330
1F
100
AcDbEntity
  8
laterales
100
AcDbLine
 10
155.0
 20
142.0954361609986
 30
0.0
 11
130.0
 21
142.0954361609986
 31
0.0
  0
LINE
  5
1B9
330
1F
100
AcDbEntity
  8
laterales
100
AcDbLine
 10
130.0
 20
142.0954361609986
 30
0.0
 11
130.0
 21
139.0954361609986
 31
0.0
  0
LINE
  5
1BA
330
1F
100
AcDbEntity
  8
laterales
100
AcDbLine
 10
130.0
 20
139.0954361609986
 30
0.0
 11
115.0
 21
139.0954361609986
 31
0.0
  0
LINE
  5
1BB
330
1F
100
AcDbEntity
  8
laterales
100
AcDbLine
 10
115.0
 20
139.0954361609986
 30
0.0
 11
115.0
 21
142.0954361609986
 31
0.0
  0
LINE
  5
1BC
330
1F
100
AcDbEntity
  8
laterales
100
AcDbLine
 10
115.0
 20
142.0954361609986
 30
0.0
 11
105.0
 21
142.0954361609986
 31
0.0
  0
LINE
  5
1BD
330
1F
100
AcDbEntity
  8
laterales
100
AcDbLine
 10
180.0
 20
169.0954361609986
 30
0.0
 11
180.0
 21
159.0954361609986
 31
0.0
  0
LINE
  5
1BE
330
1F
100
AcDbEntity
  8
laterales
100
AcDbLine
 10
180.0
 20
159.0954361609986
 30
0.0
 11
177.0
 21
159.0954361609986
 31
0.0
  0
LINE
  5
1BF
330
1F
100
AcDbEntity
  8
laterales
100
AcDbLine
 10
177.0
 20
159.0954361609986
 30
0.0
 11
177.0
 21
149.0954361609986
 31
0.0
  0
LINE
  5
1C0
330
1F
100
AcDbEntity
  8
laterales
100
AcDbLine
 10
177.0
 20
149.0954361609986
 30
0.0
 11
180.0
 21
149.0954361609986
 31
0.0
  0
LINE
  5
1C2
102
{ACAD_REACTORS
330
BC0
330
1023
102
}
330
1F
100
AcDbEntity
  8
laterales
100
AcDbLine
 10
180.0
 20
169.0954361609986
 30
0.0
 11
165.0
 21
169.0954361609986
 31
0.0
  0
LINE
  5
1C3
330
1F
100
AcDbEntity
  8
laterales
100
AcDbLine
 10
165.0
 20
169.0954361609986
 30
0.0
 11
165.0
 21
149.0954361609986
 31
0.0
  0
LINE
  5
1C4
330
1F
100
AcDbEntity
  8
laterales
100
AcDbLine
 10
165.0
 20
149.0954361609986
 30
0.0
 11
125.0
 21
149.0954361609986
 31
0.0
  0
LINE
  5
1C5
330
1F
100
AcDbEntity
  8
laterales
100
AcDbLine
 10
125.0
 20
149.0954361609986
 30
0.0
 11
125.0
 21
169.0954361609986
 31
0.0
  0
LINE
  5
1CA
102
{ACAD_REACTORS
330
B74
330
100B
102
}
330
1F
100
AcDbEntity
  8
laterales
100
AcDbLine
 10
125.0
 20
169.0954361609986
 30
0.0
 11
110.0
 21
169.0954361609986
 31
0.0
  0
LINE
  5
1CB
330
1F
100
AcDbEntity
  8
laterales
100
AcDbLine
 10
110.0
 20
169.0954361609986
 30
0.0
 11
105.0
 21
164.0954361609986
 31
0.0
  0
CIRCLE
  5
1E3
102
{ACAD_REACTORS
330
24E
102
}
330
1F
100
AcDbEntity
  8
ruedas
100
AcDbCircle
 10
-37.20154898900455
 20
136.9262632811624
 30
0.0
 40
5.0
  0
CIRCLE
  5
1E4
102
{ACAD_REACTORS
330
290
102
}
330
1F
100
AcDbEntity
  8
ruedas
100
AcDbCircle
 10
-37.20154898900455
 20
43.629142684415
 30
0.0
 40
5.0
  0
DIMENSION
  5
239
102
{ACAD_XDICTIONARY
360
245
102
}
102
{ACAD_REACTORS
330
24E
102
}
330
1F
100
AcDbEntity
  8
diametros
100
AcDbDimension
  2
*D1
 10
-32.25564669166738
 20
136.1927440481528
 30
0.0
 11
-54.91348728309823
 21
139.5530938595973
 31
0.0
 70
   163
 71
     5
 42
10.00000000000001
  3
ISO-25
100
AcDbDiametricDimension
 15
-42.14745128634172
 25
137.659782514172
 35
0.0
 40
0.0
1001
ACAD
1000
DSTYLE
1002
{
1070
   288
1070
     1
1002
}
  0
DIMENSION
  5
27B
102
{ACAD_XDICTIONARY
360
287
102
}
102
{ACAD_REACTORS
330
290
102
}
330
1F
100
AcDbEntity
  8
diametros
100
AcDbDimension
  2
*D2
 10
-32.43115436854602
 20
42.13136594367556
 30
0.0
 11
-52.2836938478513
 21
48.36453410741476
 31
0.0
 70
   163
 71
     5
 42
9.999999999999985
  3
ISO-25
100
AcDbDiametricDimension
 15
-41.97194360946311
 25
45.12691942515444
 35
0.0
 40
0.0
1001
ACAD
1000
DSTYLE
1002
{
1070
   288
1070
     1
1002
}
  0
DIMENSION
  5
2BB
102
{ACAD_XDICTIONARY
360
2C7
102
}
102
{ACAD_REACTORS
330
2D0
102
}
330
1F
100
AcDbEntity
  8
diametros
100
AcDbDimension
  2
*D3
 10
90.00856843045824
 20
60.0779432818042
 30
0.0
 11
101.2444452628051
 21
65.42270339777013
 31
0.0
 70
    35
 71
     5
 42
3.100000000000008
  3
ISO-25
100
AcDbDiametricDimension
 15
92.99143156954176
 25
60.92205671819581
 35
0.0
 40
0.0
1001
ACAD
1000
DSTYLE
1002
{
1070
   288
1070
     1
1002
}
  0
DIMENSION
  5
2E7
102
{ACAD_XDICTIONARY
360
2F3
102
}
102
{ACAD_REACTORS
330
2FC
102
}
330
1F
100
AcDbEntity
  8
diametros
100
AcDbDimension
  2
*D4
 10
168.9810125490376
 20
60.04272346485644
 30
0.0
 11
157.8749300845347
 21
65.65220839491435
 31
0.0
 70
    35
 71
     5
 42
3.099999999999965
  3
ISO-25
100
AcDbDiametricDimension
 15
166.0189874509623
 25
60.9572765351436
 35
0.0
 40
0.0
1001
ACAD
1000
DSTYLE
1002
{
1070
   288
1070
     1
1002
}
  0
DIMENSION
  5
2FE
102
{ACAD_XDICTIONARY
360
30A
102
}
102
{ACAD_REACTORS
330
313
102
}
330
1F
100
AcDbEntity
  8
diametros
100
AcDbDimension
  2
*D5
 10
168.8138367735044
 20
120.3223946331217
 30
0.0
 11
157.8604346967703
 21
113.4661250690551
 31
0.0
 70
   163
 71
     5
 42
3.100000000000051
  3
ISO-25
100
AcDbDiametricDimension
 15
166.1861632264955
 25
118.6776053668783
 35
0.0
 40
0.0
1001
ACAD
1000
DSTYLE
1002
{
1070
   288
1070
     1
1002
}
  0
DIMENSION
  5
314
102
{ACAD_XDICTIONARY
360
320
102
}
102
{ACAD_REACTORS
330
329
102
}
330
1F
100
AcDbEntity
  8
diametros
100
AcDbDimension
  2
*D6
 10
90.14496228117939
 20
120.2525774249694
 30
0.0
 11
101.8802304443311
 21
116.1179831247016
 31
0.0
 70
    35
 71
     5
 42
3.099999999999994
  3
ISO-25
100
AcDbDiametricDimension
 15
92.85503771882053
 25
118.7474225750306
 35
0.0
 40
0.0
1001
ACAD
1000
DSTYLE
1002
{
1070
   288
1070
     1
1002
}
  0
DIMENSION
  5
433
102
{ACAD_XDICTIONARY
360
43F
102
}
102
{ACAD_REACTORS
330
448
102
}
330
1F
100
AcDbEntity
  8
diametros
100
AcDbDimension
  2
*D7
 10
72.55997941927413
 20
88.25463483315553
 30
0.0
 11
85.43006736448473
 21
97.46070603240475
 31
0.0
 70
   163
 71
     5
 42
6.0
  3
ISO-25
100
AcDbDiametricDimension
 15
77.4400205807259
 25
91.74536516684453
 35
0.0
 40
0.0
1001
ACAD
1000
DSTYLE
1002
{
1070
   288
1070
     1
1002
}
  0
DIMENSION
  5
5CF
102
{ACAD_XDICTIONARY
360
5DC
102
}
102
{ACAD_REACTORS
330
5E6
102
}
330
1F
100
AcDbEntity
  8
c_base
100
AcDbDimension
  2
*D8
 10
-4.240413616696059
 20
50.00000000000003
 30
0.0
 11
-6.115413616696065
 21
90.00000000000003
 31
0.0
 70
    32
 71
     5
 42
80.0
  3
ISO-25
100
AcDbAlignedDimension
 13
70.0
 23
130.0
 33
0.0
 14
70.00000000000001
 24
50.0
 34
0.0
 50
90.0
100
AcDbRotatedDimension
  0
DIMENSION
  5
62F
102
{ACAD_XDICTIONARY
360
63C
102
}
102
{ACAD_REACTORS
330
646
102
}
330
1F
100
AcDbEntity
  8
c_base
100
AcDbDimension
  2
*D9
 10
60.0
 20
140.2820602539077
 30
0.0
 11
55.0
 21
142.1570602539077
 31
0.0
 70
    32
 71
     5
 42
10.0
  3
ISO-25
100
AcDbAlignedDimension
 13
50.0
 23
110.0
 33
0.0
 14
60.0
 24
110.0
 34
0.0
100
AcDbRotatedDimension
  0
DIMENSION
  5
647
330
1F
100
AcDbEntity
  8
c_base
100
AcDbDimension
  2
*D10
 10
70.0
 20
140.2820602539077
 30
0.0
 11
65.0
 21
142.1570602539077
 31
0.0
 70
    32
 71
     5
 42
10.0
  3
ISO-25
100
AcDbAlignedDimension
 13
60.0
 23
110.0
 33
0.0
 14
70.0
 24
110.0
 34
0.0
100
AcDbRotatedDimension
  0
DIMENSION
  5
65F
102
{ACAD_XDICTIONARY
360
66C
102
}
102
{ACAD_REACTORS
330
676
102
}
330
1F
100
AcDbEntity
  8
c_base
100
AcDbDimension
  2
*D11
 10
12.87974929193296
 20
50.00000000000001
 30
0.0
 11
11.00474929193295
 21
70.00000000000001
 31
0.0
 70
    32
 71
     5
 42
40.0
  3
ISO-25
100
AcDbAlignedDimension
 13
75.0
 23
90.0
 33
0.0
 14
70.0
 24
50.0
 34
0.0
 50
90.0
100
AcDbRotatedDimension
  0
DIMENSION
  5
677
102
{ACAD_XDICTIONARY
360
684
102
}
102
{ACAD_REACTORS
330
68E
102
}
330
1F
100
AcDbEntity
  8
c_base
100
AcDbDimension
  2
*D12
 10
28.03530365921597
 20
50.0
 30
0.0
 11
26.16030365921596
 21
60.00000000000001
 31
0.0
 70
    32
 71
     5
 42
20.0
  3
ISO-25
100
AcDbAlignedDimension
 13
50.0
 23
70.0
 33
0.0
 14
70.0
 24
50.0
 34
0.0
 50
90.0
100
AcDbRotatedDimension
  0
DIMENSION
  5
68F
102
{ACAD_XDICTIONARY
360
69C
102
}
102
{ACAD_REACTORS
330
6A6
102
}
330
1F
100
AcDbEntity
  8
c_base
100
AcDbDimension
  2
*D13
 10
70.0
 20
29.37292757628484
 30
0.0
 11
60.0
 21
31.24792757628484
 31
0.0
 70
    32
 71
     5
 42
20.0
  3
ISO-25
100
AcDbAlignedDimension
 13
50.0
 23
70.0
 33
0.0
 14
70.0
 24
50.0
 34
0.0
100
AcDbRotatedDimension
  0
DIMENSION
  5
73C
102
{ACAD_XDICTIONARY
360
749
102
}
102
{ACAD_REACTORS
330
753
102
}
330
1F
100
AcDbEntity
  8
c_base
100
AcDbDimension
  2
*D14
 10
155.0
 20
28.88787501201318
 30
0.0
 11
162.5
 21
30.76287501201318
 31
0.0
 70
    32
 71
     5
 42
15.0
  3
ISO-25
100
AcDbAlignedDimension
 13
170.0
 23
50.0
 33
0.0
 14
155.0
 24
50.0
 34
0.0
100
AcDbRotatedDimension
  0
DIMENSION
  5
754
102
{ACAD_XDICTIONARY
360
761
102
}
102
{ACAD_REACTORS
330
76B
102
}
330
1F
100
AcDbEntity
  8
c_base
100
AcDbDimension
  2
*D15
 10
130.0
 20
28.88787501201318
 30
0.0
 11
142.5
 21
30.76287501201318
 31
0.0
 70
    32
 71
     5
 42
25.0
  3
ISO-25
100
AcDbAlignedDimension
 13
155.0
 23
50.0
 33
0.0
 14
130.0
 24
50.0
 34
0.0
100
AcDbRotatedDimension
  0
DIMENSION
  5
76C
102
{ACAD_XDICTIONARY
360
779
102
}
102
{ACAD_REACTORS
330
783
102
}
330
1F
100
AcDbEntity
  8
c_base
100
AcDbDimension
  2
*D16
 10
115.0
 20
28.88787501201318
 30
0.0
 11
122.5
 21
30.76287501201318
 31
0.0
 70
    32
 71
     5
 42
14.99999999999998
  3
ISO-25
100
AcDbAlignedDimension
 13
130.0
 23
50.0
 33
0.0
 14
115.0
 24
50.0
 34
0.0
100
AcDbRotatedDimension
  0
DIMENSION
  5
79C
102
{ACAD_XDICTIONARY
360
7A9
102
}
102
{ACAD_REACTORS
330
7B3
102
}
330
1F
100
AcDbEntity
  8
c_base
100
AcDbDimension
  2
*D17
 10
31.94229319165198
 20
130.0000000000002
 30
0.0
 11
30.06729319165196
 21
125.0000000000001
 31
0.0
 70
    32
 71
     5
 42
10.00000000000021
  3
ISO-25
100
AcDbAlignedDimension
 13
70.0
 23
120.0
 33
0.0
 14
70.0000000000002
 24
130.0000000000002
 34
0.0
 50
90.0
100
AcDbRotatedDimension
  0
DIMENSION
  5
7B4
330
1F
100
AcDbEntity
  8
c_base
100
AcDbDimension
  2
*D18
 10
31.73395985831864
 20
120.0
 30
0.0
 11
29.85895985831862
 21
115.0
 31
0.0
 70
    32
 71
     5
 42
10.0
  3
ISO-25
100
AcDbAlignedDimension
 13
70.0
 23
110.0
 33
0.0
 14
70.0
 24
120.0
 34
0.0
 50
90.0
100
AcDbRotatedDimension
  0
DIMENSION
  5
844
102
{ACAD_XDICTIONARY
360
851
102
}
102
{ACAD_REACTORS
330
85B
102
}
330
1F
100
AcDbEntity
  8
c_base
100
AcDbDimension
  2
*D19
 10
50.0
 20
13.17447746301332
 30
0.0
 11
62.5
 21
15.04947746301332
 31
0.0
 70
    32
 71
     5
 42
25.0
  3
ISO-25
100
AcDbAlignedDimension
 13
75.0
 23
90.0
 33
0.0
 14
50.0
 24
70.0
 34
0.0
100
AcDbRotatedDimension
  0
DIMENSION
  5
876
102
{ACAD_XDICTIONARY
360
883
102
}
102
{ACAD_REACTORS
330
88D
102
}
330
1F
100
AcDbEntity
  8
c_base
100
AcDbDimension
  2
*D20
 10
70.0000000000002
 20
139.8445486340033
 30
0.0
 11
80.75000000000009
 21
141.9278819673366
 31
0.0
 70
    32
 71
     5
 42
21.4999999999998
  3
ISO-25
100
AcDbAlignedDimension
 13
91.5
 23
119.5
 33
0.0
 14
70.0000000000002
 24
130.0000000000002
 34
0.0
100
AcDbRotatedDimension
  0
DIMENSION
  5
93E
102
{ACAD_XDICTIONARY
360
94B
102
}
102
{ACAD_REACTORS
330
955
102
}
330
1F
100
AcDbEntity
  8
c_base
100
AcDbDimension
  2
*D21
 10
91.5
 20
119.5
 30
0.0
 11
129.5
 21
121.375
 31
0.0
 70
    32
 71
     5
 42
76.0
  3
ISO-25
100
AcDbAlignedDimension
 13
167.5
 23
119.5
 33
0.0
 14
91.5
 24
119.5
 34
0.0
100
AcDbRotatedDimension
  0
DIMENSION
  5
956
102
{ACAD_XDICTIONARY
360
963
102
}
102
{ACAD_REACTORS
330
96D
102
}
330
1F
100
AcDbEntity
  8
c_base
100
AcDbDimension
  2
*D22
 10
91.47540869526347
 20
119.5
 30
0.0
 11
89.60040869526343
 21
90.00000000000003
 31
0.0
 70
    32
 71
     5
 42
58.99999999999998
  3
ISO-25
100
AcDbAlignedDimension
 13
167.5
 23
60.5
 33
0.0
 14
91.5
 24
119.5
 34
0.0
 50
90.0
100
AcDbRotatedDimension
  0
DIMENSION
  5
971
102
{ACAD_XDICTIONARY
360
980
102
}
102
{ACAD_REACTORS
330
98C
102
}
330
1F
100
AcDbEntity
  8
c_lateral
100
AcDbDimension
  2
*D23
 10
110.0
 20
-27.24190311708026
 30
0.0
 11
107.5
 21
-25.36690311708026
 31
0.0
 70
    32
 71
     5
 42
5.0
  3
ISO-25
100
AcDbAlignedDimension
 13
105.0
 23
-14.09543616099859
 33
0.0
 14
110.0
 24
-19.09543616099859
 34
0.0
100
AcDbRotatedDimension
  0
DIMENSION
  5
98D
102
{ACAD_XDICTIONARY
360
99A
102
}
102
{ACAD_REACTORS
330
9A4
102
}
330
1F
100
AcDbEntity
  8
c_lateral
100
AcDbDimension
  2
*D24
 10
125.0
 20
-27.27424625151207
 30
0.0
 11
117.5
 21
-25.39924625151207
 31
0.0
 70
    32
 71
     5
 42
15.0
  3
ISO-25
100
AcDbAlignedDimension
 13
110.0
 23
-19.09543616099859
 33
0.0
 14
125.0
 24
-19.09543616099859
 34
0.0
100
AcDbRotatedDimension
  0
DIMENSION
  5
9A5
102
{ACAD_XDICTIONARY
360
9B2
102
}
102
{ACAD_REACTORS
330
9BC
102
}
330
1F
100
AcDbEntity
  8
c_lateral
100
AcDbDimension
  2
*D25
 10
165.0
 20
-27.27424625151207
 30
0.0
 11
145.0
 21
-25.39924625151207
 31
0.0
 70
    32
 71
     5
 42
40.0
  3
ISO-25
100
AcDbAlignedDimension
 13
125.0
 23
-19.09543616099859
 33
0.0
 14
165.0
 24
-19.09543616099859
 34
0.0
100
AcDbRotatedDimension
  0
DIMENSION
  5
9BD
102
{ACAD_XDICTIONARY
360
9CA
102
}
102
{ACAD_REACTORS
330
9D4
102
}
330
1F
100
AcDbEntity
  8
c_lateral
100
AcDbDimension
  2
*D26
 10
177.0
 20
-27.27424625151207
 30
0.0
 11
171.0
 21
-25.39924625151207
 31
0.0
 70
    32
 71
     5
 42
12.0
  3
ISO-25
100
AcDbAlignedDimension
 13
165.0
 23
-19.09543616099859
 33
0.0
 14
177.0
 24
-9.095436160998588
 34
0.0
100
AcDbRotatedDimension
  0
DIMENSION
  5
9D5
102
{ACAD_XDICTIONARY
360
9E4
102
}
102
{ACAD_REACTORS
330
9F0
102
}
330
1F
100
AcDbEntity
  8
c_lateral
100
AcDbDimension
  2
*D27
 10
180.0
 20
-27.40199960854238
 30
0.0
 11
178.5
 21
-25.52699960854238
 31
0.0
 70
    32
 71
     5
 42
3.0
  3
ISO-25
100
AcDbAlignedDimension
 13
177.0
 23
-9.095436160998588
 33
0.0
 14
180.0
 24
-19.09543616099859
 34
0.0
100
AcDbRotatedDimension
  0
DIMENSION
  5
9F1
102
{ACAD_XDICTIONARY
360
A00
102
}
102
{ACAD_REACTORS
330
A0C
102
}
330
1F
100
AcDbEntity
  8
c_lateral
100
AcDbDimension
  2
*D28
 10
94.15773466623068
 20
-14.09543616099858
 30
0.0
 11
92.28273466623068
 21
-16.59543616099857
 31
0.0
 70
    32
 71
     5
 42
4.999999999999998
  3
ISO-25
100
AcDbAlignedDimension
 13
110.0
 23
-19.09543616099859
 33
0.0
 14
105.0
 24
-14.09543616099859
 34
0.0
 50
90.0
100
AcDbRotatedDimension
  0
DIMENSION
  5
A0D
102
{ACAD_XDICTIONARY
360
A1A
102
}
102
{ACAD_REACTORS
330
A24
102
}
330
1F
100
AcDbEntity
  8
c_lateral
100
AcDbDimension
  2
*D29
 10
85.97224606417331
 20
0.9045638390014229
 30
0.0
 11
84.09724606417331
 21
-9.095436160998565
 31
0.0
 70
    32
 71
     5
 42
20.0
  3
ISO-25
100
AcDbAlignedDimension
 13
110.0
 23
-19.09543616099859
 33
0.0
 14
125.0
 24
0.9045638390014119
 34
0.0
 50
90.0
100
AcDbRotatedDimension
  0
DIMENSION
  5
A25
102
{ACAD_XDICTIONARY
360
A32
102
}
102
{ACAD_REACTORS
330
A3C
102
}
330
1F
100
AcDbEntity
  8
c_lateral
100
AcDbDimension
  2
*D30
 10
77.65885383934892
 20
7.904563839001419
 30
0.0
 11
75.78385383934892
 21
-5.595436160998565
 31
0.0
 70
    32
 71
     5
 42
27.0
  3
ISO-25
100
AcDbAlignedDimension
 13
110.0
 23
-19.09543616099859
 33
0.0
 14
105.0
 24
7.904563839001411
 34
0.0
 50
90.0
100
AcDbRotatedDimension
  0
LINE
  5
A46
102
{ACAD_REACTORS
330
A67
330
1439
102
}
330
1F
100
AcDbEntity
  8
laterales
100
AcDbLine
 10
105.0
 20
7.904563839001411
 30
0.0
 11
105.0
 21
-14.09543616099859
 31
0.0
  0
LINE
  5
A47
102
{ACAD_REACTORS
330
A97
330
AAF
330
B27
102
}
330
1F
100
AcDbEntity
  8
laterales
100
AcDbLine
 10
180.0
 20
7.904563839001404
 30
0.0
 11
180.0
 21
0.9045638390014119
 31
0.0
  0
LINE
  5
A4A
330
1F
100
AcDbEntity
  8
laterales
100
AcDbLine
 10
105.0
 20
164.0954361609986
 30
0.0
 11
105.0
 21
142.0954361609986
 31
0.0
  0
LINE
  5
A4B
330
1F
100
AcDbEntity
  8
laterales
100
AcDbLine
 10
180.0
 20
149.0954361609986
 30
0.0
 11
180.0
 21
142.0954361609986
 31
0.0
  0
DIMENSION
  5
A4C
102
{ACAD_XDICTIONARY
360
A5B
102
}
102
{ACAD_REACTORS
330
A67
102
}
330
1F
100
AcDbEntity
  8
c_lateral
100
AcDbDimension
  2
*D31
 10
90.39192691967446
 20
7.904563839001415
 30
0.0
 11
88.51692691967446
 21
9.404563839001427
 31
0.0
 70
    32
 71
     5
 42
2.999999999999994
  3
ISO-25
100
AcDbAlignedDimension
 13
115.0
 23
10.9045638390014
 33
0.0
 14
105.0
 24
7.904563839001411
 34
0.0
 50
90.0
100
AcDbRotatedDimension
  0
DIMENSION
  5
A68
102
{ACAD_XDICTIONARY
360
A75
102
}
102
{ACAD_REACTORS
330
A7F
102
}
330
1F
100
AcDbEntity
  8
c_lateral
100
AcDbDimension
  2
*D32
 10
193.1709525968526
 20
-9.095436160998591
 30
0.0
 11
191.2959525968526
 21
-14.09543616099856
 31
0.0
 70
    32
 71
     5
 42
10.0
  3
ISO-25
100
AcDbAlignedDimension
 13
180.0
 23
-19.09543616099859
 33
0.0
 14
180.0
 24
-9.095436160998588
 34
0.0
 50
90.0
100
AcDbRotatedDimension
  0
DIMENSION
  5
A80
102
{ACAD_XDICTIONARY
360
A8D
102
}
102
{ACAD_REACTORS
330
A97
102
}
330
1F
100
AcDbEntity
  8
c_lateral
100
AcDbDimension
  2
*D33
 10
193.3754794626375
 20
0.9045638390014081
 30
0.0
 11
191.5004794626375
 21
-4.09543616099856
 31
0.0
 70
    32
 71
     5
 42
10.0
  3
ISO-25
100
AcDbAlignedDimension
 13
180.0
 23
-9.095436160998588
 33
0.0
 14
180.0
 24
0.9045638390014119
 34
0.0
 50
90.0
100
AcDbRotatedDimension
  0
DIMENSION
  5
A98
102
{ACAD_XDICTIONARY
360
AA5
102
}
102
{ACAD_REACTORS
330
AAF
102
}
330
1F
100
AcDbEntity
  8
c_lateral
100
AcDbDimension
  2
*D34
 10
193.1709525968526
 20
7.904563839001401
 30
0.0
 11
191.2959525968526
 21
4.404563839001435
 31
0.0
 70
    32
 71
     5
 42
6.999999999999992
  3
ISO-25
100
AcDbAlignedDimension
 13
180.0
 23
0.9045638390014119
 33
0.0
 14
180.0
 24
7.904563839001404
 34
0.0
 50
90.0
100
AcDbRotatedDimension
  0
DIMENSION
  5
AC8
102
{ACAD_XDICTIONARY
360
AD5
102
}
102
{ACAD_REACTORS
330
ADF
102
}
330
1F
100
AcDbEntity
  8
c_lateral
100
AcDbDimension
  2
*D35
 10
130.0
 20
20.160196505459
 30
0.0
 11
122.5
 21
22.035196505459
 31
0.0
 70
    32
 71
     5
 42
15.0
  3
ISO-25
100
AcDbAlignedDimension
 13
115.0
 23
10.9045638390014
 33
0.0
 14
130.0
 24
10.9045638390014
 34
0.0
100
AcDbRotatedDimension
  0
DIMENSION
  5
AF8
102
{ACAD_XDICTIONARY
360
B05
102
}
102
{ACAD_REACTORS
330
B0F
102
}
330
1F
100
AcDbEntity
  8
c_lateral
100
AcDbDimension
  2
*D36
 10
155.0
 20
19.95589862981796
 30
0.0
 11
162.5
 21
21.83089862981796
 31
0.0
 70
    32
 71
     5
 42
15.0
  3
ISO-25
100
AcDbAlignedDimension
 13
170.0
 23
10.9045638390014
 33
0.0
 14
155.0
 24
10.9045638390014
 34
0.0
100
AcDbRotatedDimension
  0
DIMENSION
  5
B10
102
{ACAD_XDICTIONARY
360
B1D
102
}
102
{ACAD_REACTORS
330
B27
102
}
330
1F
100
AcDbEntity
  8
c_lateral
100
AcDbDimension
  2
*D37
 10
170.0
 20
19.75159850531486
 30
0.0
 11
175.0
 21
21.62659850531486
 31
0.0
 70
    32
 71
     5
 42
10.0
  3
ISO-25
100
AcDbAlignedDimension
 13
180.0
 23
7.904563839001404
 33
0.0
 14
170.0
 24
10.9045638390014
 34
0.0
100
AcDbRotatedDimension
  0
DIMENSION
  5
B59
102
{ACAD_XDICTIONARY
360
B68
102
}
102
{ACAD_REACTORS
330
B74
102
}
330
1F
100
AcDbEntity
  8
c_lateral
100
AcDbDimension
  2
*D38
 10
131.7341375689548
 20
169.0954361609986
 30
0.0
 11
129.8591375689547
 21
166.5954361609986
 31
0.0
 70
    32
 71
     5
 42
5.0
  3
ISO-25
100
AcDbAlignedDimension
 13
121.0
 23
164.0954361609986
 33
0.0
 14
125.0
 24
169.0954361609986
 34
0.0
 50
90.0
100
AcDbRotatedDimension
  0
DIMENSION
  5
B75
330
1F
100
AcDbEntity
  8
c_lateral
100
AcDbDimension
  2
*D39
 10
131.7341375689548
 20
164.0954361609986
 30
0.0
 11
129.8591375689547
 21
159.0954361609986
 31
0.0
 70
    32
 71
     5
 42
10.0
  3
ISO-25
100
AcDbAlignedDimension
 13
121.0
 23
154.0954361609986
 33
0.0
 14
121.0
 24
164.0954361609986
 34
0.0
 50
90.0
100
AcDbRotatedDimension
  0
DIMENSION
  5
BA5
102
{ACAD_XDICTIONARY
360
BB4
102
}
102
{ACAD_REACTORS
330
BC0
102
}
330
1F
100
AcDbEntity
  8
c_lateral
100
AcDbDimension
  2
*D40
 10
186.5635721157378
 20
169.0954361609986
 30
0.0
 11
184.6885721157377
 21
166.5954361609986
 31
0.0
 70
    32
 71
     5
 42
5.0
  3
ISO-25
100
AcDbAlignedDimension
 13
169.0
 23
164.0954361609986
 33
0.0
 14
180.0
 24
169.0954361609986
 34
0.0
 50
90.0
100
AcDbRotatedDimension
  0
DIMENSION
  5
BC1
330
1F
100
AcDbEntity
  8
c_lateral
100
AcDbDimension
  2
*D41
 10
186.7719054490711
 20
164.0954361609986
 30
0.0
 11
184.896905449071
 21
159.0954361609986
 31
0.0
 70
    32
 71
     5
 42
10.0
  3
ISO-25
100
AcDbAlignedDimension
 13
169.0
 23
154.0954361609986
 33
0.0
 14
169.0
 24
164.0954361609986
 34
0.0
 50
90.0
100
AcDbRotatedDimension
  0
DIMENSION
  5
BD9
102
{ACAD_XDICTIONARY
360
BE8
102
}
102
{ACAD_REACTORS
330
BF4
102
}
330
1F
100
AcDbEntity
  8
c_lateral
100
AcDbDimension
  2
*D42
 10
307.8106512867817
 20
52.99999999999999
 30
0.0
 11
305.9356512867816
 21
51.50000000000004
 31
0.0
 70
    32
 71
     5
 42
3.0
  3
ISO-25
100
AcDbAlignedDimension
 13
280.0
 23
50.0
 33
0.0
 14
290.0
 24
53.0
 34
0.0
 50
90.0
100
AcDbRotatedDimension
  0
DIMENSION
  5
C9D
102
{ACAD_XDICTIONARY
360
CAA
102
}
102
{ACAD_REACTORS
330
CB4
102
}
330
1F
100
AcDbEntity
  8
c_lateral
100
AcDbDimension
  2
*D43
 10
280.0
 20
139.5427940712716
 30
0.0
 11
275.0
 21
141.4177940712716
 31
0.0
 70
    32
 71
     5
 42
10.0
  3
ISO-25
100
AcDbAlignedDimension
 13
270.0
 23
130.625
 33
0.0
 14
280.0
 24
130.625
 34
0.0
100
AcDbRotatedDimension
  0
DIMENSION
  5
CB5
102
{ACAD_XDICTIONARY
360
CC2
102
}
102
{ACAD_REACTORS
330
CCC
102
}
330
1F
100
AcDbEntity
  8
c_lateral
100
AcDbDimension
  2
*D44
 10
280.0
 20
139.5427940712716
 30
0.0
 11
285.0
 21
141.4177940712716
 31
0.0
 70
    32
 71
     5
 42
10.0
  3
ISO-25
100
AcDbAlignedDimension
 13
290.0
 23
127.0
 33
0.0
 14
280.0
 24
130.0
 34
0.0
100
AcDbRotatedDimension
  0
DIMENSION
  5
CE5
102
{ACAD_XDICTIONARY
360
CF2
102
}
102
{ACAD_REACTORS
330
CFC
102
}
330
1F
100
AcDbEntity
  8
c_lateral
100
AcDbDimension
  2
*D45
 10
323.4093334986255
 20
130.0
 30
0.0
 11
321.5343334986255
 21
90.00000000000005
 31
0.0
 70
    32
 71
     5
 42
80.0
  3
ISO-25
100
AcDbAlignedDimension
 13
280.0
 23
50.0
 33
0.0
 14
280.0
 24
130.0
 34
0.0
 50
90.0
100
AcDbRotatedDimension
  0
CIRCLE
  5
DAC
102
{ACAD_REACTORS
330
EC8
102
}
330
1F
100
AcDbEntity
  8
base
100
AcDbCircle
 10
70.0
 20
120.0
 30
0.0
 40
2.5
  0
CIRCLE
  5
DAD
102
{ACAD_REACTORS
330
EB2
102
}
330
1F
100
AcDbEntity
  8
base
100
AcDbCircle
 10
70.0
 20
110.0
 30
0.0
 40
2.5
  0
CIRCLE
  5
DAE
102
{ACAD_REACTORS
330
EDE
102
}
330
1F
100
AcDbEntity
  8
base
100
AcDbCircle
 10
60.0
 20
110.0
 30
0.0
 40
2.5
  0
CIRCLE
  5
E1C
102
{ACAD_REACTORS
330
E86
102
}
330
1F
100
AcDbEntity
  8
base
100
AcDbCircle
 10
69.99999999999999
 20
70.0
 30
0.0
 40
2.5
  0
CIRCLE
  5
E1D
102
{ACAD_REACTORS
330
E9C
102
}
330
1F
100
AcDbEntity
  8
base
100
AcDbCircle
 10
60.0
 20
70.0
 30
0.0
 40
2.5
  0
CIRCLE
  5
E1E
102
{ACAD_REACTORS
330
E70
102
}
330
1F
100
AcDbEntity
  8
base
100
AcDbCircle
 10
69.99999999999999
 20
60.0
 30
0.0
 40
2.5
  0
DIMENSION
  5
E5B
102
{ACAD_XDICTIONARY
360
E67
102
}
102
{ACAD_REACTORS
330
E70
102
}
330
1F
100
AcDbEntity
  8
diametros
100
AcDbDimension
  2
*D46
 10
68.18560743701327
 20
58.28012220568481
 30
0.0
 11
76.11886128645932
 21
68.38362874902708
 31
0.0
 70
    35
 71
     5
 42
4.999999999999985
  3
ISO-25
100
AcDbDiametricDimension
 15
71.8143925629867
 25
61.71987779431519
 35
0.0
 40
0.0
1001
ACAD
1000
DSTYLE
1002
{
1070
   288
1070
     1
1002
}
  0
DIMENSION
  5
E71
102
{ACAD_XDICTIONARY
360
E7D
102
}
102
{ACAD_REACTORS
330
E86
102
}
330
1F
100
AcDbEntity
  8
diametros
100
AcDbDimension
  2
*D47
 10
68.14330454006699
 20
68.32587874720371
 30
0.0
 11
76.32591552179583
 21
78.22851671053458
 31
0.0
 70
    35
 71
     5
 42
4.999999999999985
  3
ISO-25
100
AcDbDiametricDimension
 15
71.85669545993298
 25
71.67412125279629
 35
0.0
 40
0.0
1001
ACAD
1000
DSTYLE
1002
{
1070
   288
1070
     1
1002
}
  0
DIMENSION
  5
E87
102
{ACAD_XDICTIONARY
360
E93
102
}
102
{ACAD_REACTORS
330
E9C
102
}
330
1F
100
AcDbEntity
  8
diametros
100
AcDbDimension
  2
*D48
 10
58.19993197456168
 20
68.26513542205893
 30
0.0
 11
66.04912933708397
 21
78.43408137900474
 31
0.0
 70
    35
 71
     5
 42
5.000000000000028
  3
ISO-25
100
AcDbDiametricDimension
 15
61.80006802543831
 25
71.73486457794107
 35
0.0
 40
0.0
1001
ACAD
1000
DSTYLE
1002
{
1070
   288
1070
     1
1002
}
  0
DIMENSION
  5
E9D
102
{ACAD_XDICTIONARY
360
EA9
102
}
102
{ACAD_REACTORS
330
EB2
102
}
330
1F
100
AcDbEntity
  8
diametros
100
AcDbDimension
  2
*D49
 10
68.08820055579691
 20
111.6109074725585
 30
0.0
 11
79.01469500158147
 21
104.8559774035384
 31
0.0
 70
    35
 71
     5
 42
5.000000000000021
  3
ISO-25
100
AcDbDiametricDimension
 15
71.91179944420309
 25
108.3890925274415
 35
0.0
 40
0.0
1001
ACAD
1000
DSTYLE
1002
{
1070
   288
1070
     1
1002
}
  0
DIMENSION
  5
EB3
102
{ACAD_XDICTIONARY
360
EBF
102
}
102
{ACAD_REACTORS
330
EC8
102
}
330
1F
100
AcDbEntity
  8
diametros
100
AcDbDimension
  2
*D50
 10
68.07867801438842
 20
121.5995380044268
 30
0.0
 11
79.04505161123399
 21
114.9095446377993
 31
0.0
 70
    35
 71
     5
 42
5.000000000000007
  3
ISO-25
100
AcDbDiametricDimension
 15
71.92132198561155
 25
118.4004619955732
 35
0.0
 40
0.0
1001
ACAD
1000
DSTYLE
1002
{
1070
   288
1070
     1
1002
}
  0
DIMENSION
  5
EC9
102
{ACAD_XDICTIONARY
360
ED5
102
}
102
{ACAD_REACTORS
330
EDE
102
}
330
1F
100
AcDbEntity
  8
diametros
100
AcDbDimension
  2
*D51
 10
58.13239186801479
 20
111.6619385865136
 30
0.0
 11
68.87252047882478
 21
104.6144568707251
 31
0.0
 70
    35
 71
     5
 42
5.000000000000035
  3
ISO-25
100
AcDbDiametricDimension
 15
61.86760813198524
 25
108.3380614134864
 35
0.0
 40
0.0
1001
ACAD
1000
DSTYLE
1002
{
1070
   288
1070
     1
1002
}
  0
CIRCLE
  5
F16
102
{ACAD_REACTORS
330
F43
330
100B
102
}
330
1F
100
AcDbEntity
  8
laterales
100
AcDbCircle
 10
120.5
 20
164.0954361609986
 30
0.0
 40
2.5
  0
CIRCLE
  5
F17
330
1F
100
AcDbEntity
  8
laterales
100
AcDbCircle
 10
120.5
 20
154.0954361609986
 30
0.0
 40
2.5
  0
CIRCLE
  5
F18
102
{ACAD_REACTORS
330
1023
102
}
330
1F
100
AcDbEntity
  8
laterales
100
AcDbCircle
 10
169.5
 20
164.0954361609986
 30
0.0
 40
2.5
  0
CIRCLE
  5
F19
330
1F
100
AcDbEntity
  8
laterales
100
AcDbCircle
 10
169.5
 20
154.0954361609986
 30
0.0
 40
2.5
  0
DIMENSION
  5
F2E
102
{ACAD_XDICTIONARY
360
F3A
102
}
102
{ACAD_REACTORS
330
F43
102
}
330
1F
100
AcDbEntity
  8
diametros
100
AcDbDimension
  2
*D52
 10
122.5215136800104
 20
165.566314280195
 30
0.0
 11
111.1423272172268
 21
159.6054857676212
 31
0.0
 70
    35
 71
     5
 42
5.0
  3
ISO-25
100
AcDbDiametricDimension
 15
118.4784863199896
 25
162.6245580418022
 35
0.0
 40
0.0
1001
ACAD
1000
DSTYLE
1002
{
1070
   288
1070
     1
1002
}
  0
CIRCLE
  5
F44
102
{ACAD_REACTORS
330
F5D
102
}
330
1F
100
AcDbEntity
  8
laterales
100
AcDbCircle
 10
120.5
 20
-4.095436160998588
 30
0.0
 40
2.5
  0
CIRCLE
  5
F45
330
1F
100
AcDbEntity
  8
laterales
100
AcDbCircle
 10
120.5
 20
-14.09543616099859
 30
0.0
 40
2.5
  0
CIRCLE
  5
F46
330
1F
100
AcDbEntity
  8
laterales
100
AcDbCircle
 10
169.5
 20
-4.095436160998588
 30
0.0
 40
2.5
  0
CIRCLE
  5
F47
330
1F
100
AcDbEntity
  8
laterales
100
AcDbCircle
 10
169.5
 20
-14.09543616099859
 30
0.0
 40
2.5
  0
DIMENSION
  5
F48
102
{ACAD_XDICTIONARY
360
F54
102
}
102
{ACAD_REACTORS
330
F5D
102
}
330
1F
100
AcDbEntity
  8
diametros
100
AcDbDimension
  2
*D53
 10
122.9566461513187
 20
-4.558998117171583
 30
0.0
 11
110.816366349245
 21
-0.3600735598031441
 31
0.0
 70
    35
 71
     5
 42
5.0
  3
ISO-25
100
AcDbDiametricDimension
 15
118.0433538486813
 25
-3.631874204825589
 35
0.0
 40
0.0
1001
ACAD
1000
DSTYLE
1002
{
1070
   288
1070
     1
1002
}
  0
CIRCLE
  5
F5E
102
{ACAD_REACTORS
330
1618
330
1630
330
1692
102
}
330
1F
100
AcDbEntity
  8
laterales
100
AcDbCircle
 10
275.0
 20
113.5
 30
0.0
 40
2.5
  0
CIRCLE
  5
F60
102
{ACAD_REACTORS
330
167C
330
16A8
102
}
330
1F
100
AcDbEntity
  8
laterales
100
AcDbCircle
 10
275.0
 20
66.5
 30
0.0
 40
2.5
  0
DIMENSION
  5
FF0
102
{ACAD_XDICTIONARY
360
FFF
102
}
102
{ACAD_REACTORS
330
100B
102
}
330
1F
100
AcDbEntity
  8
c_lateral
100
AcDbDimension
  2
*D54
 10
120.5
 20
177.082262358275
 30
0.0
 11
112.1666666666667
 21
179.1655956916083
 31
0.0
 70
    32
 71
     5
 42
4.5
  3
ISO-25
100
AcDbAlignedDimension
 13
125.0
 23
169.0954361609986
 33
0.0
 14
120.5
 24
164.0954361609986
 34
0.0
100
AcDbRotatedDimension
  0
DIMENSION
  5
100C
102
{ACAD_XDICTIONARY
360
1019
102
}
102
{ACAD_REACTORS
330
1023
102
}
330
1F
100
AcDbEntity
  8
c_lateral
100
AcDbDimension
  2
*D55
 10
180.0
 20
177.082262358275
 30
0.0
 11
174.75
 21
179.1655956916083
 31
0.0
 70
    32
 71
     5
 42
10.5
  3
ISO-25
100
AcDbAlignedDimension
 13
169.5
 23
164.0954361609986
 33
0.0
 14
180.0
 24
169.0954361609986
 34
0.0
100
AcDbRotatedDimension
  0
DIMENSION
  5
10D3
102
{ACAD_XDICTIONARY
360
10E0
102
}
102
{ACAD_REACTORS
330
10EA
102
}
330
1F
100
AcDbEntity
  8
c_lateral
100
AcDbDimension
  2
*D56
 10
263.0
 20
139.4438855600571
 30
0.0
 11
266.5
 21
141.3188855600571
 31
0.0
 70
    32
 71
     5
 42
7.0
  3
ISO-25
100
AcDbAlignedDimension
 13
270.0
 23
130.0
 33
0.0
 14
263.0
 24
127.0
 34
0.0
100
AcDbRotatedDimension
  0
LINE
  5
10EB
102
{ACAD_REACTORS
330
14E2
102
}
330
1F
100
AcDbEntity
  8
laterales
100
AcDbLine
 10
270.0
 20
127.0
 30
0.0
 11
263.0
 21
127.0
 31
0.0
  0
LINE
  5
10EC
330
1F
100
AcDbEntity
  8
laterales
100
AcDbLine
 10
270.0
 20
53.0
 30
0.0
 11
263.0
 21
53.0
 31
0.0
  0
DIMENSION
  5
1105
102
{ACAD_XDICTIONARY
360
1112
102
}
102
{ACAD_REACTORS
330
111C
102
}
330
1F
100
AcDbEntity
  8
c_lateral
100
AcDbDimension
  2
*D57
 10
245.981945648268
 20
80.0
 30
0.0
 11
244.106945648268
 21
90.00000000000005
 31
0.0
 70
    32
 71
     5
 42
20.0
  3
ISO-25
100
AcDbAlignedDimension
 13
260.0
 23
100.0
 33
0.0
 14
260.0
 24
80.0
 34
0.0
 50
90.0
100
AcDbRotatedDimension
  0
DIMENSION
  5
111D
102
{ACAD_XDICTIONARY
360
112C
102
}
102
{ACAD_REACTORS
330
1138
102
}
330
1F
100
AcDbEntity
  8
c_lateral
100
AcDbDimension
  2
*D58
 10
263.0
 20
46.84620167237767
 30
0.0
 11
261.5
 21
48.72120167237767
 31
0.0
 70
    32
 71
     5
 42
3.0
  3
ISO-25
100
AcDbAlignedDimension
 13
260.0
 23
80.0
 33
0.0
 14
263.0
 24
80.0
 34
0.0
100
AcDbRotatedDimension
  0
CIRCLE
  5
1192
102
{ACAD_REACTORS
330
11B9
102
}
330
1F
100
AcDbEntity
  8
ruedas
100
AcDbCircle
 10
-37.20154898900455
 20
136.9262632811624
 30
0.0
 40
27.5
  0
CIRCLE
  5
119B
102
{ACAD_REACTORS
330
11CF
102
}
330
1F
100
AcDbEntity
  8
ruedas
100
AcDbCircle
 10
-37.20154898900455
 20
43.629142684415
 30
0.0
 40
27.5
  0
DIMENSION
  5
11A4
102
{ACAD_XDICTIONARY
360
11B0
102
}
102
{ACAD_REACTORS
330
11B9
102
}
330
1F
100
AcDbEntity
  8
diametros
100
AcDbDimension
  2
*D59
 10
-14.09944281028306
 20
122.0083984839778
 30
0.0
 11
-72.55026659973868
 21
159.7522076340842
 31
0.0
 70
   163
 71
     5
 42
54.99999999999999
  3
ISO-25
100
AcDbDiametricDimension
 15
-60.30365516772603
 25
151.8441280783469
 35
0.0
 40
0.0
1001
ACAD
1000
DSTYLE
1002
{
1070
   288
1070
     1
1002
}
  0
DIMENSION
  5
11BA
102
{ACAD_XDICTIONARY
360
11C6
102
}
102
{ACAD_REACTORS
330
11CF
102
}
330
1F
100
AcDbEntity
  8
diametros
100
AcDbDimension
  2
*D60
 10
-13.2939580368651
 20
30.03954758871107
 30
0.0
 11
-83.53217316072472
 21
69.96447794614566
 31
0.0
 70
   163
 71
     5
 42
55.00000000000001
  3
ISO-25
100
AcDbDiametricDimension
 15
-61.109139941144
 25
57.21873778011894
 35
0.0
 40
0.0
1001
ACAD
1000
DSTYLE
1002
{
1070
   288
1070
     1
1002
}
  0
LWPOLYLINE
  5
11E1
102
{ACAD_REACTORS
330
11FA
330
1276
330
12B3
102
}
330
1F
100
AcDbEntity
  8
base
100
AcDbPolyline
 90
        4
 70
     1
 43
0.0
 10
172.0
 20
100.0
 10
162.0
 20
100.0
 10
162.0
 20
80.0
 10
172.0
 20
80.0
  0
DIMENSION
  5
11E3
102
{ACAD_XDICTIONARY
360
11F0
102
}
102
{ACAD_REACTORS
330
11FA
102
}
330
1F
100
AcDbEntity
  8
c_base
100
AcDbDimension
  2
*D61
 10
147.4659227369196
 20
80.00000000000001
 30
0.0
 11
145.5909227369196
 21
90.00000000000003
 31
0.0
 70
    32
 71
     5
 42
20.0
  3
ISO-25
100
AcDbAlignedDimension
 13
162.0
 23
100.0
 33
0.0
 14
162.0
 24
80.0
 34
0.0
 50
90.0
100
AcDbRotatedDimension
  0
DIMENSION
  5
125F
102
{ACAD_XDICTIONARY
360
126C
102
}
102
{ACAD_REACTORS
330
1276
102
}
330
1F
100
AcDbEntity
  8
c_base
100
AcDbDimension
  2
*D62
 10
162.0
 20
107.7484545075583
 30
0.0
 11
167.0
 21
109.6234545075583
 31
0.0
 70
    32
 71
     5
 42
10.0
  3
ISO-25
100
AcDbAlignedDimension
 13
172.0
 23
100.625
 33
0.0
 14
162.0
 24
100.625
 34
0.0
100
AcDbRotatedDimension
  0
LINE
  5
1279
330
1F
100
AcDbEntity
  8
base
100
AcDbLine
 10
180.0
 20
130.0
 30
0.0
 11
202.0
 21
130.0
 31
0.0
  0
LINE
  5
127A
102
{ACAD_REACTORS
330
1A1D
102
}
330
1F
100
AcDbEntity
  8
base
100
AcDbLine
 10
207.0
 20
125.0
 30
0.0
 11
207.0
 21
55.0
 31
0.0
  0
LINE
  5
127B
102
{ACAD_REACTORS
330
1304
330
135C
330
1378
330
18EA
330
1963
102
}
330
1F
100
AcDbEntity
  8
base
100
AcDbLine
 10
202.0
 20
50.0
 30
0.0
 11
180.0
 21
50.0
 31
0.0
  0
DIMENSION
  5
1298
102
{ACAD_XDICTIONARY
360
12A7
102
}
102
{ACAD_REACTORS
330
12B3
102
}
330
1F
100
AcDbEntity
  8
c_base
100
AcDbDimension
  2
*D63
 10
177.0
 20
73.21471267308203
 30
0.0
 11
174.5
 21
75.08971267308203
 31
0.0
 70
    32
 71
     5
 42
5.0
  3
ISO-25
100
AcDbAlignedDimension
 13
172.0
 23
80.0
 33
0.0
 14
177.0
 24
80.0
 34
0.0
100
AcDbRotatedDimension
  0
DIMENSION
  5
12D0
102
{ACAD_XDICTIONARY
360
12DD
102
}
102
{ACAD_REACTORS
330
12E7
102
}
330
1F
100
AcDbEntity
  8
c_base
100
AcDbDimension
  2
*D64
 10
115.0
 20
28.93026665779672
 30
0.0
 11
92.5
 21
30.80526665779672
 31
0.0
 70
    32
 71
     5
 42
45.00000000000001
  3
ISO-25
100
AcDbAlignedDimension
 13
70.0
 23
50.0
 33
0.0
 14
115.0
 24
50.0
 34
0.0
100
AcDbRotatedDimension
  0
ARC
  5
12EB
102
{ACAD_REACTORS
330
131C
330
1340
330
135C
330
1378
102
}
330
1F
100
AcDbEntity
  8
base
100
AcDbCircle
 10
202.0
 20
55.0
 30
0.0
 40
5.0
100
AcDbArc
 50
270.0
 51
0.0
  0
ARC
  5
12EC
102
{ACAD_REACTORS
330
131C
330
132E
102
}
330
1F
100
AcDbEntity
  8
base
100
AcDbCircle
 10
202.0
 20
125.0
 30
0.0
 40
5.0
100
AcDbArc
 50
0.0
 51
90.0
  0
DIMENSION
  5
12ED
102
{ACAD_XDICTIONARY
360
12FA
102
}
102
{ACAD_REACTORS
330
1304
102
}
330
1F
100
AcDbEntity
  8
c_base
100
AcDbDimension
  2
*D65
 10
202.0
 20
28.93026665779672
 30
0.0
 11
186.0
 21
30.80526665779672
 31
0.0
 70
    32
 71
     5
 42
32.0
  3
ISO-25
100
AcDbAlignedDimension
 13
170.0
 23
50.0
 33
0.0
 14
202.0
 24
50.0
 34
0.0
100
AcDbRotatedDimension
  0
DIMENSION
  5
1305
102
{ACAD_XDICTIONARY
360
1312
102
}
102
{ACAD_REACTORS
330
131C
102
}
330
1F
100
AcDbEntity
  8
c_base
100
AcDbDimension
  2
*D66
 10
224.746009533226
 20
55.0
 30
0.0
 11
222.871009533226
 21
90.00000000000003
 31
0.0
 70
    32
 71
     5
 42
70.0
  3
ISO-25
100
AcDbAlignedDimension
 13
207.0
 23
125.0
 33
0.0
 14
207.0
 24
55.0
 34
0.0
 50
90.0
100
AcDbRotatedDimension
  0
DIMENSION
  5
131D
102
{ACAD_XDICTIONARY
360
1327
102
}
102
{ACAD_REACTORS
330
132E
102
}
330
1F
100
AcDbEntity
  8
diametros
100
AcDbDimension
  2
*D67
 10
202.0000000000001
 20
125.0
 30
0.0
 11
215.3910511950441
 21
133.3440519908351
 31
0.0
 70
   164
 71
     5
 42
4.999999999999886
  3
ISO-25
100
AcDbRadialDimension
 15
206.2435987981911
 25
127.6442142953987
 35
0.0
 40
0.0
1001
ACAD
1000
DSTYLE
1002
{
1070
   288
1070
     1
1002
}
  0
DIMENSION
  5
132F
102
{ACAD_XDICTIONARY
360
1339
102
}
102
{ACAD_REACTORS
330
1340
102
}
330
1F
100
AcDbEntity
  8
diametros
100
AcDbDimension
  2
*D68
 10
201.9999999999999
 20
55.00000000000006
 30
0.0
 11
214.1708393549345
 21
44.36888088027822
 31
0.0
 70
   164
 71
     5
 42
5.000000000000127
  3
ISO-25
100
AcDbRadialDimension
 15
205.7656980992485
 25
51.71069645284655
 35
0.0
 40
0.0
1001
ACAD
1000
DSTYLE
1002
{
1070
   288
1070
     1
1002
}
  0
DIMENSION
  5
1341
102
{ACAD_XDICTIONARY
360
1350
102
}
102
{ACAD_REACTORS
330
135C
102
}
330
1F
100
AcDbEntity
  8
c_base
100
AcDbDimension
  2
*D69
 10
207.0
 20
28.82404323461303
 30
0.0
 11
204.5
 21
30.69904323461303
 31
0.0
 70
    32
 71
     5
 42
5.0
  3
ISO-25
100
AcDbAlignedDimension
 13
202.0
 23
50.0
 33
0.0
 14
207.0
 24
55.0
 34
0.0
100
AcDbRotatedDimension
  0
DIMENSION
  5
135D
102
{ACAD_XDICTIONARY
360
136C
102
}
102
{ACAD_REACTORS
330
1378
102
}
330
1F
100
AcDbEntity
  8
c_base
100
AcDbDimension
  2
*D70
 10
224.746009533226
 20
55.0
 30
0.0
 11
222.871009533226
 21
52.50000000000003
 31
0.0
 70
    32
 71
     5
 42
5.0
  3
ISO-25
100
AcDbAlignedDimension
 13
202.0
 23
50.0
 33
0.0
 14
207.0
 24
55.0
 34
0.0
 50
90.0
100
AcDbRotatedDimension
  0
DIMENSION
  5
1422
102
{ACAD_XDICTIONARY
360
142F
102
}
102
{ACAD_REACTORS
330
1439
102
}
330
1F
100
AcDbEntity
  8
c_lateral
100
AcDbDimension
  2
*D71
 10
115.0
 20
19.82896319014933
 30
0.0
 11
110.0
 21
21.70396319014933
 31
0.0
 70
    32
 71
     5
 42
10.0
  3
ISO-25
100
AcDbAlignedDimension
 13
105.0
 23
7.904563839001411
 33
0.0
 14
115.0
 24
7.904563839001458
 34
0.0
100
AcDbRotatedDimension
  0
DIMENSION
  5
14CB
102
{ACAD_XDICTIONARY
360
14D8
102
}
102
{ACAD_REACTORS
330
14E2
102
}
330
1F
100
AcDbEntity
  8
c_lateral
100
AcDbDimension
  2
*D72
 10
245.9985517057926
 20
127.0
 30
0.0
 11
244.1235517057926
 21
113.5
 31
0.0
 70
    32
 71
     5
 42
26.99999999999999
  3
ISO-25
100
AcDbAlignedDimension
 13
259.375
 23
100.0
 33
0.0
 14
263.0
 24
127.0
 34
0.0
 50
90.0
100
AcDbRotatedDimension
  0
DIMENSION
  5
15B5
330
1F
100
AcDbEntity
  8
c_lateral
100
AcDbDimension
  2
*D73
 10
289.8918106970791
 20
-5.784246365934851
 30
0.0
 11
288.0168106970791
 21
4.215753634065193
 31
0.0
 70
    32
 71
     5
 42
20.0
  3
ISO-25
100
AcDbAlignedDimension
 13
274.4545636764037
 23
14.21575363406515
 33
0.0
 14
274.4545636764037
 24
-5.784246365934848
 34
0.0
 50
90.0
100
AcDbRotatedDimension
  0
LWPOLYLINE
  5
15DE
102
{ACAD_REACTORS
330
1630
330
1648
330
16E0
330
16F8
102
}
330
1F
100
AcDbEntity
  8
laterales
100
AcDbPolyline
 90
        4
 70
     1
 43
0.0
 10
275.0
 20
100.0
 10
270.0
 20
100.0
 10
270.0
 20
80.0
 10
275.0
 20
80.0
  0
LWPOLYLINE
  5
15DF
102
{ACAD_REACTORS
330
1600
102
}
330
1F
100
AcDbEntity
  8
laterales
100
AcDbPolyline
 90
        4
 70
     1
 43
0.0
 10
274.4545636764037
 20
14.21575363406515
 10
249.4545636764037
 20
14.21575363406515
 10
249.4545636764037
 20
-5.784246365934848
 10
274.4545636764037
 20
-5.784246365934848
  0
DIMENSION
  5
15E9
102
{ACAD_XDICTIONARY
360
15F6
102
}
102
{ACAD_REACTORS
330
1600
102
}
330
1F
100
AcDbEntity
  8
c_lateral
100
AcDbDimension
  2
*D74
 10
274.4545636764037
 20
-18.28659196566133
 30
0.0
 11
261.9545636764037
 21
-16.41159196566133
 31
0.0
 70
    32
 71
     5
 42
25.0
  3
ISO-25
100
AcDbAlignedDimension
 13
249.4545636764037
 23
-5.784246365934848
 33
0.0
 14
274.4545636764037
 24
-5.784246365934848
 34
0.0
100
AcDbRotatedDimension
  0
DIMENSION
  5
1601
102
{ACAD_XDICTIONARY
360
160E
102
}
102
{ACAD_REACTORS
330
1618
102
}
330
1F
100
AcDbEntity
  8
c_lateral
100
AcDbDimension
  2
*D75
 10
303.7213789351188
 20
113.5
 30
0.0
 11
301.6380456017854
 21
120.25
 31
0.0
 70
    32
 71
     5
 42
13.50000000000001
  3
ISO-25
100
AcDbAlignedDimension
 13
290.0
 23
127.0
 33
0.0
 14
275.0
 24
113.5
 34
0.0
 50
90.0
100
AcDbRotatedDimension
  0
DIMENSION
  5
1619
102
{ACAD_XDICTIONARY
360
1626
102
}
102
{ACAD_REACTORS
330
1630
102
}
330
1F
100
AcDbEntity
  8
c_lateral
100
AcDbDimension
  2
*D76
 10
304.1281305726261
 20
100.0
 30
0.0
 11
302.0447972392928
 21
106.75
 31
0.0
 70
    32
 71
     5
 42
13.5
  3
ISO-25
100
AcDbAlignedDimension
 13
275.0
 23
113.5
 33
0.0
 14
275.0
 24
100.0
 34
0.0
 50
90.0
100
AcDbRotatedDimension
  0
DIMENSION
  5
1631
102
{ACAD_XDICTIONARY
360
163E
102
}
102
{ACAD_REACTORS
330
1648
102
}
330
1F
100
AcDbEntity
  8
c_lateral
100
AcDbDimension
  2
*D77
 10
304.1281305726261
 20
79.99999999999999
 30
0.0
 11
302.2531305726261
 21
90.00000000000005
 31
0.0
 70
    32
 71
     5
 42
20.0
  3
ISO-25
100
AcDbAlignedDimension
 13
275.625
 23
100.0
 33
0.0
 14
275.625
 24
80.0
 34
0.0
 50
90.0
100
AcDbRotatedDimension
  0
DIMENSION
  5
1665
102
{ACAD_XDICTIONARY
360
1672
102
}
102
{ACAD_REACTORS
330
167C
102
}
330
1F
100
AcDbEntity
  8
c_lateral
100
AcDbDimension
  2
*D78
 10
290.0
 20
34.93599881823275
 30
0.0
 11
282.5
 21
36.81099881823275
 31
0.0
 70
    32
 71
     5
 42
15.0
  3
ISO-25
100
AcDbAlignedDimension
 13
275.0
 23
66.5
 33
0.0
 14
290.0
 24
53.0
 34
0.0
100
AcDbRotatedDimension
  0
DIMENSION
  5
167D
102
{ACAD_XDICTIONARY
360
1689
102
}
102
{ACAD_REACTORS
330
1692
102
}
330
1F
100
AcDbEntity
  8
c_lateral
100
AcDbDimension
  2
*D79
 10
273.0901935790283
 20
111.8867302040838
 30
0.0
 11
281.5884238720305
 21
121.519873149053
 31
0.0
 70
    35
 71
     5
 42
4.999999999999943
  3
ISO-25
100
AcDbDiametricDimension
 15
276.9098064209717
 25
115.1132697959161
 35
0.0
 40
0.0
1001
ACAD
1000
DSTYLE
1002
{
1070
   288
1070
     1
1002
}
  0
DIMENSION
  5
1693
102
{ACAD_XDICTIONARY
360
169F
102
}
102
{ACAD_REACTORS
330
16A8
102
}
330
1F
100
AcDbEntity
  8
c_lateral
100
AcDbDimension
  2
*D80
 10
272.6048416241247
 20
67.21639120211979
 30
0.0
 11
285.3175234364138
 21
65.37110470658411
 31
0.0
 70
    35
 71
     5
 42
5.000000000000028
  3
ISO-25
100
AcDbDiametricDimension
 15
277.3951583758753
 25
65.78360879788026
 35
0.0
 40
0.0
1001
ACAD
1000
DSTYLE
1002
{
1070
   288
1070
     1
1002
}
  0
DIMENSION
  5
16C5
102
{ACAD_XDICTIONARY
360
16D4
102
}
102
{ACAD_REACTORS
330
16E0
102
}
330
1F
100
AcDbEntity
  8
c_lateral
100
AcDbDimension
  2
*D81
 10
275.0
 20
73.5325343744364
 30
0.0
 11
272.5
 21
75.4075343744364
 31
0.0
 70
    32
 71
     5
 42
5.0
  3
ISO-25
100
AcDbAlignedDimension
 13
270.0
 23
80.0
 33
0.0
 14
275.0
 24
80.0
 34
0.0
100
AcDbRotatedDimension
  0
DIMENSION
  5
16E1
102
{ACAD_XDICTIONARY
360
16EE
102
}
102
{ACAD_REACTORS
330
16F8
102
}
330
1F
100
AcDbEntity
  8
c_lateral
100
AcDbDimension
  2
*D82
 10
290.0
 20
90.0
 30
0.0
 11
282.5
 21
91.875
 31
0.0
 70
    32
 71
     5
 42
15.0
  3
ISO-25
100
AcDbAlignedDimension
 13
275.0
 23
90.0
 33
0.0
 14
290.0
 24
90.0
 34
0.0
100
AcDbRotatedDimension
  0
CIRCLE
  5
1779
102
{ACAD_REACTORS
330
448
330
676
330
85B
330
17A9
330
17C0
102
}
330
1F
100
AcDbEntity
  8
base
100
AcDbCircle
 10
125.0
 20
90.0
 30
0.0
 40
3.0
  0
DIMENSION
  5
1792
102
{ACAD_XDICTIONARY
360
179F
102
}
102
{ACAD_REACTORS
330
17A9
102
}
330
1F
100
AcDbEntity
  8
c_base
100
AcDbDimension
  2
*D83
 10
125.0
 20
79.14529446333642
 30
0.0
 11
100.0
 21
81.02029446333643
 31
0.0
 70
    32
 71
     5
 42
50.0
  3
ISO-25
100
AcDbAlignedDimension
 13
75.0
 23
90.0
 33
0.0
 14
125.0
 24
90.0
 34
0.0
100
AcDbRotatedDimension
  0
DIMENSION
  5
17AB
102
{ACAD_XDICTIONARY
360
17B7
102
}
102
{ACAD_REACTORS
330
17C0
102
}
330
1F
100
AcDbEntity
  8
diametros
100
AcDbDimension
  2
*D84
 10
122.8788123416594
 20
87.87854697952004
 30
0.0
 11
131.245553364888
 21
98.89815098456493
 31
0.0
 70
    35
 71
     5
 42
5.999999999999971
  3
ISO-25
100
AcDbDiametricDimension
 15
127.1211876583406
 25
92.12145302047995
 35
0.0
 40
0.0
1001
ACAD
1000
DSTYLE
1002
{
1070
   288
1070
     1
1002
}
  0
CIRCLE
  5
17E4
102
{ACAD_REACTORS
330
187E
330
18B2
330
18CE
330
1995
102
}
330
1F
100
AcDbEntity
  8
base
100
AcDbCircle
 10
204.0
 20
103.0
 30
0.0
 40
1.55
  0
CIRCLE
  5
17E5
102
{ACAD_REACTORS
330
1932
330
194A
330
19AB
102
}
330
1F
100
AcDbEntity
  8
base
100
AcDbCircle
 10
202.0
 20
77.0
 30
0.0
 40
1.55
  0
CIRCLE
  5
17EA
102
{ACAD_REACTORS
330
181A
330
187E
330
189A
330
18B2
102
}
330
1F
100
AcDbEntity
  8
base
100
AcDbCircle
 10
194.0
 20
125.0
 30
0.0
 40
1.55
  0
CIRCLE
  5
17EB
102
{ACAD_REACTORS
330
18EA
330
1932
330
194A
330
19C1
102
}
330
1F
100
AcDbEntity
  8
base
100
AcDbCircle
 10
192.0
 20
55.0
 30
0.0
 40
1.55
  0
DIMENSION
  5
1805
102
{ACAD_XDICTIONARY
360
1811
102
}
102
{ACAD_REACTORS
330
181A
102
}
330
1F
100
AcDbEntity
  8
diametros
100
AcDbDimension
  2
*D85
 10
195.55
 20
125.0
 30
0.0
 11
183.2833333333333
 21
127.0833333333333
 31
0.0
 70
    35
 71
     5
 42
3.100000000000022
  3
ISO-25
100
AcDbDiametricDimension
 15
192.45
 25
125.0
 35
0.0
 40
0.0
1001
ACAD
1000
DSTYLE
1002
{
1070
   288
1070
     1
1002
}
  0
DIMENSION
  5
1867
102
{ACAD_XDICTIONARY
360
1874
102
}
102
{ACAD_REACTORS
330
187E
102
}
330
1F
100
AcDbEntity
  8
c_base
100
AcDbDimension
  2
*D86
 10
204.0
 20
143.4919594249391
 30
0.0
 11
199.0
 21
145.3669594249391
 31
0.0
 70
    32
 71
     5
 42
10.0
  3
ISO-25
100
AcDbAlignedDimension
 13
194.0
 23
125.0
 33
0.0
 14
204.0
 24
103.0
 34
0.0
100
AcDbRotatedDimension
  0
DIMENSION
  5
187F
102
{ACAD_XDICTIONARY
360
188E
102
}
102
{ACAD_REACTORS
330
189A
102
}
330
1F
100
AcDbEntity
  8
c_base
100
AcDbDimension
  2
*D87
 10
215.6394480412757
 20
130.0
 30
0.0
 11
213.7644480412757
 21
127.5
 31
0.0
 70
    32
 71
     5
 42
5.000000000000014
  3
ISO-25
100
AcDbAlignedDimension
 13
194.0
 23
125.0
 33
0.0
 14
202.0
 24
130.0
 34
0.0
 50
90.0
100
AcDbRotatedDimension
  0
DIMENSION
  5
189B
102
{ACAD_XDICTIONARY
360
18A8
102
}
102
{ACAD_REACTORS
330
18B2
102
}
330
1F
100
AcDbEntity
  8
c_base
100
AcDbDimension
  2
*D88
 10
215.9470547665248
 20
103.0
 30
0.0
 11
214.0720547665248
 21
114.0
 31
0.0
 70
    32
 71
     5
 42
22.0
  3
ISO-25
100
AcDbAlignedDimension
 13
194.0
 23
125.0
 33
0.0
 14
204.0
 24
103.0
 34
0.0
 50
90.0
100
AcDbRotatedDimension
  0
DIMENSION
  5
18B3
102
{ACAD_XDICTIONARY
360
18C2
102
}
102
{ACAD_REACTORS
330
18CE
102
}
330
1F
100
AcDbEntity
  8
c_base
100
AcDbDimension
  2
*D89
 10
207.0
 20
143.4919594249391
 30
0.0
 11
205.5
 21
145.3669594249391
 31
0.0
 70
    32
 71
     5
 42
3.0
  3
ISO-25
100
AcDbAlignedDimension
 13
204.0
 23
103.0
 33
0.0
 14
207.0
 24
125.0
 34
0.0
100
AcDbRotatedDimension
  0
DIMENSION
  5
18CF
102
{ACAD_XDICTIONARY
360
18DE
102
}
102
{ACAD_REACTORS
330
18EA
102
}
330
1F
100
AcDbEntity
  8
c_base
100
AcDbDimension
  2
*D90
 10
214.310504766613
 20
50.0
 30
0.0
 11
212.435504766613
 21
52.50000000000003
 31
0.0
 70
    32
 71
     5
 42
5.0
  3
ISO-25
100
AcDbAlignedDimension
 13
192.0
 23
55.0
 33
0.0
 14
202.0
 24
50.0
 34
0.0
 50
90.0
100
AcDbRotatedDimension
  0
DIMENSION
  5
191B
102
{ACAD_XDICTIONARY
360
1928
102
}
102
{ACAD_REACTORS
330
1932
102
}
330
1F
100
AcDbEntity
  8
c_base
100
AcDbDimension
  2
*D91
 10
214.7166302775345
 20
55.0
 30
0.0
 11
212.8416302775344
 21
66.00000000000003
 31
0.0
 70
    32
 71
     5
 42
22.0
  3
ISO-25
100
AcDbAlignedDimension
 13
202.0
 23
77.0
 33
0.0
 14
192.0
 24
55.0
 34
0.0
 50
90.0
100
AcDbRotatedDimension
1001
ACAD
1000
DSTYLE
1002
{
1070
   141
1040
24.16609194718914
1002
}
  0
DIMENSION
  5
1933
102
{ACAD_XDICTIONARY
360
1940
102
}
102
{ACAD_REACTORS
330
194A
102
}
330
1F
100
AcDbEntity
  8
c_base
100
AcDbDimension
  2
*D92
 10
192.0
 20
39.94913467168448
 30
0.0
 11
197.0
 21
41.82413467168447
 31
0.0
 70
    32
 71
     5
 42
10.0
  3
ISO-25
100
AcDbAlignedDimension
 13
202.0
 23
77.0
 33
0.0
 14
192.0
 24
55.0
 34
0.0
100
AcDbRotatedDimension
1001
ACAD
1000
DSTYLE
1002
{
1070
   141
1040
24.16609194718914
1002
}
  0
DIMENSION
  5
194C
102
{ACAD_XDICTIONARY
360
1959
102
}
102
{ACAD_REACTORS
330
1963
102
}
330
1F
100
AcDbEntity
  8
c_base
100
AcDbDimension
  2
*D93
 10
180.0
 20
50.0
 30
0.0
 11
178.125
 21
65.00000000000003
 31
0.0
 70
    32
 71
     5
 42
30.0
  3
ISO-25
100
AcDbAlignedDimension
 13
180.0
 23
80.0
 33
0.0
 14
180.0
 24
50.0
 34
0.0
 50
90.0
100
AcDbRotatedDimension
1001
ACAD
1000
DSTYLE
1002
{
1070
   141
1040
24.16609194718914
1002
}
  0
DIMENSION
  5
1986
102
{ACAD_XDICTIONARY
360
198F
102
}
102
{ACAD_REACTORS
330
1995
102
}
330
1F
100
AcDbEntity
  8
c_base
100
AcDbDimension
  2
*D94
 10
205.1289311087278
 20
101.9379197056029
 30
0.0
 11
209.5475431902
 21
97.78096027376911
 31
0.0
 70
   163
 71
     5
 42
3.09999999999998
  3
ISO-25
100
AcDbDiametricDimension
 15
202.8710688912723
 25
104.0620802943971
 35
0.0
 40
0.0
1001
ACAD
1000
DSTYLE
1002
{
1070
   141
1040
24.16609194718914
1070
   288
1070
     1
1002
}
  0
DIMENSION
  5
1996
102
{ACAD_XDICTIONARY
360
19A2
102
}
102
{ACAD_REACTORS
330
19AB
102
}
330
1F
100
AcDbEntity
  8
c_base
100
AcDbDimension
  2
*D95
 10
202.9393609956605
 20
75.76707627168923
 30
0.0
 11
197.1624338261199
 21
86.78699012646655
 31
0.0
 70
    35
 71
     5
 42
3.099999999999987
  3
ISO-25
100
AcDbDiametricDimension
 15
201.0606390043395
 25
78.23292372831076
 35
0.0
 40
0.0
1001
ACAD
1000
DSTYLE
1002
{
1070
   141
1040
24.16609194718914
1070
   288
1070
     1
1002
}
  0
DIMENSION
  5
19AC
102
{ACAD_XDICTIONARY
360
19B8
102
}
102
{ACAD_REACTORS
330
19C1
102
}
330
1F
100
AcDbEntity
  8
c_base
100
AcDbDimension
  2
*D96
 10
192.5901054201414
 20
53.5667255695019
 30
0.0
 11
189.8464679425947
 21
65.70278103578463
 31
0.0
 70
    35
 71
     5
 42
3.100000000000008
  3
ISO-25
100
AcDbDiametricDimension
 15
191.4098945798585
 25
56.43327443049813
 35
0.0
 40
0.0
1001
ACAD
1000
DSTYLE
1002
{
1070
   141
1040
24.16609194718914
1070
   288
1070
     1
1002
}
  0
LWPOLYLINE
  5
19C3
102
{ACAD_REACTORS
330
1A1D
330
1A39
102
}
330
1F
100
AcDbEntity
  8
base
100
AcDbPolyline
 90
        4
 70
     1
 43
0.0
 10
177.0
 20
100.0
 10
180.1
 20
100.0
 10
180.1
 20
80.0
 10
177.0
 20
80.0
  0
DIMENSION
  5
1A06
102
{ACAD_XDICTIONARY
360
1A13
102
}
102
{ACAD_REACTORS
330
1A1D
102
}
330
1F
100
AcDbEntity
  8
c_base
100
AcDbDimension
  2
*D97
 10
207.0
 20
94.67216824083692
 30
0.0
 11
193.55
 21
96.75550157417026
 31
0.0
 70
    32
 71
     5
 42
26.90000000000001
  3
ISO-25
100
AcDbAlignedDimension
 13
180.1
 23
100.0
 33
0.0
 14
207.0
 24
100.0
 34
0.0
100
AcDbRotatedDimension
1001
ACAD
1000
DSTYLE
1002
{
1070
   141
1040
24.16609194718914
1002
}
  0
DIMENSION
  5
1A1E
102
{ACAD_XDICTIONARY
360
1A2D
102
}
102
{ACAD_REACTORS
330
1A39
102
}
330
1F
100
AcDbEntity
  8
c_base
100
AcDbDimension
  2
*D98
 10
177.0
 20
112.3847125525545
 30
0.0
 11
169.0833333333333
 21
114.4680458858878
 31
0.0
 70
    32
 71
     5
 42
3.099999999999994
  3
ISO-25
100
AcDbAlignedDimension
 13
180.1
 23
100.0
 33
0.0
 14
177.0
 24
100.0
 34
0.0
100
AcDbRotatedDimension
1001
ACAD
1000
DSTYLE
1002
{
1070
   141
1040
24.16609194718914
1002
}
  0
ENDSEC
  0
SECTION
  2
OBJECTS
  0
DICTIONARY
  5
C
330
0
100
AcDbDictionary
281
     1
  3
ACAD_COLOR
350
6B
  3
ACAD_GROUP
350
D
  3
ACAD_LAYOUT
350
1A
  3
ACAD_MATERIAL
350
6A
  3
ACAD_MLINESTYLE
350
17
  3
ACAD_PLOTSETTINGS
350
19
  3
ACAD_PLOTSTYLENAME
350
E
  3
ACAD_TABLESTYLE
350
7E
  3
ACDBHEADERROUNDTRIPXREC
350
1A79
  3
AcDbVariableDictionary
350
5E
  3
DWGPROPS
350
1A78
  0
DICTIONARY
  5
119
330
2
100
AcDbDictionary
280
     1
281
     1
  3
ACAD_LAYERFILTERS
360
109B
  3
ACLYDICTIONARY
360
109A
  0
DICTIONARY
  5
EA
330
1F
100
AcDbDictionary
280
     1
281
     1
  3
ACAD_SORTENTS
360
EB
  0
DICTIONARY
  5
245
330
239
100
AcDbDictionary
280
     1
281
     1
  3
ACAD_DIMASSOC
360
24E
  0
DICTIONARY
  5
287
330
27B
100
AcDbDictionary
280
     1
281
     1
  3
ACAD_DIMASSOC
360
290
  0
DICTIONARY
  5
2C7
330
2BB
100
AcDbDictionary
280
     1
281
     1
  3
ACAD_DIMASSOC
360
2D0
  0
DICTIONARY
  5
2F3
330
2E7
100
AcDbDictionary
280
     1
281
     1
  3
ACAD_DIMASSOC
360
2FC
  0
DICTIONARY
  5
30A
330
2FE
100
AcDbDictionary
280
     1
281
     1
  3
ACAD_DIMASSOC
360
313
  0
DICTIONARY
  5
320
330
314
100
AcDbDictionary
280
     1
281
     1
  3
ACAD_DIMASSOC
360
329
  0
DICTIONARY
  5
43F
330
433
100
AcDbDictionary
280
     1
281
     1
  3
ACAD_DIMASSOC
360
448
  0
DICTIONARY
  5
5DC
330
5CF
100
AcDbDictionary
280
     1
281
     1
  3
ACAD_DIMASSOC
360
5E6
  0
DICTIONARY
  5
63C
330
62F
100
AcDbDictionary
280
     1
281
     1
  3
ACAD_DIMASSOC
360
646
  0
DICTIONARY
  5
66C
330
65F
100
AcDbDictionary
280
     1
281
     1
  3
ACAD_DIMASSOC
360
676
  0
DICTIONARY
  5
684
330
677
100
AcDbDictionary
280
     1
281
     1
  3
ACAD_DIMASSOC
360
68E
  0
DICTIONARY
  5
69C
330
68F
100
AcDbDictionary
280
     1
281
     1
  3
ACAD_DIMASSOC
360
6A6
  0
DICTIONARY
  5
749
330
73C
100
AcDbDictionary
280
     1
281
     1
  3
ACAD_DIMASSOC
360
753
  0
DICTIONARY
  5
761
330
754
100
AcDbDictionary
280
     1
281
     1
  3
ACAD_DIMASSOC
360
76B
  0
DICTIONARY
  5
779
330
76C
100
AcDbDictionary
280
     1
281
     1
  3
ACAD_DIMASSOC
360
783
  0
DICTIONARY
  5
7A9
330
79C
100
AcDbDictionary
280
     1
281
     1
  3
ACAD_DIMASSOC
360
7B3
  0
DICTIONARY
  5
851
330
844
100
AcDbDictionary
280
     1
281
     1
  3
ACAD_DIMASSOC
360
85B
  0
DICTIONARY
  5
883
330
876
100
AcDbDictionary
280
     1
281
     1
  3
ACAD_DIMASSOC
360
88D
  0
DICTIONARY
  5
94B
330
93E
100
AcDbDictionary
280
     1
281
     1
  3
ACAD_DIMASSOC
360
955
  0
DICTIONARY
  5
963
330
956
100
AcDbDictionary
280
     1
281
     1
  3
ACAD_DIMASSOC
360
96D
  0
DICTIONARY
  5
980
330
971
100
AcDbDictionary
280
     1
281
     1
  3
ACAD_DIMASSOC
360
98C
  0
DICTIONARY
  5
99A
330
98D
100
AcDbDictionary
280
     1
281
     1
  3
ACAD_DIMASSOC
360
9A4
  0
DICTIONARY
  5
9B2
330
9A5
100
AcDbDictionary
280
     1
281
     1
  3
ACAD_DIMASSOC
360
9BC
  0
DICTIONARY
  5
9CA
330
9BD
100
AcDbDictionary
280
     1
281
     1
  3
ACAD_DIMASSOC
360
9D4
  0
DICTIONARY
  5
9E4
330
9D5
100
AcDbDictionary
280
     1
281
     1
  3
ACAD_DIMASSOC
360
9F0
  0
DICTIONARY
  5
A00
330
9F1
100
AcDbDictionary
280
     1
281
     1
  3
ACAD_DIMASSOC
360
A0C
  0
DICTIONARY
  5
A1A
330
A0D
100
AcDbDictionary
280
     1
281
     1
  3
ACAD_DIMASSOC
360
A24
  0
DICTIONARY
  5
A32
330
A25
100
AcDbDictionary
280
     1
281
     1
  3
ACAD_DIMASSOC
360
A3C
  0
DICTIONARY
  5
A5B
330
A4C
100
AcDbDictionary
280
     1
281
     1
  3
ACAD_DIMASSOC
360
A67
  0
DICTIONARY
  5
A75
330
A68
100
AcDbDictionary
280
     1
281
     1
  3
ACAD_DIMASSOC
360
A7F
  0
DICTIONARY
  5
A8D
330
A80
100
AcDbDictionary
280
     1
281
     1
  3
ACAD_DIMASSOC
360
A97
  0
DICTIONARY
  5
AA5
330
A98
100
AcDbDictionary
280
     1
281
     1
  3
ACAD_DIMASSOC
360
AAF
  0
DICTIONARY
  5
AD5
330
AC8
100
AcDbDictionary
280
     1
281
     1
  3
ACAD_DIMASSOC
360
ADF
  0
DICTIONARY
  5
B05
330
AF8
100
AcDbDictionary
280
     1
281
     1
  3
ACAD_DIMASSOC
360
B0F
  0
DICTIONARY
  5
B1D
330
B10
100
AcDbDictionary
280
     1
281
     1
  3
ACAD_DIMASSOC
360
B27
  0
DICTIONARY
  5
B68
330
B59
100
AcDbDictionary
280
     1
281
     1
  3
ACAD_DIMASSOC
360
B74
  0
DICTIONARY
  5
BB4
330
BA5
100
AcDbDictionary
280
     1
281
     1
  3
ACAD_DIMASSOC
360
BC0
  0
DICTIONARY
  5
BE8
330
BD9
100
AcDbDictionary
280
     1
281
     1
  3
ACAD_DIMASSOC
360
BF4
  0
DICTIONARY
  5
CAA
330
C9D
100
AcDbDictionary
280
     1
281
     1
  3
ACAD_DIMASSOC
360
CB4
  0
DICTIONARY
  5
CC2
330
CB5
100
AcDbDictionary
280
     1
281
     1
  3
ACAD_DIMASSOC
360
CCC
  0
DICTIONARY
  5
CF2
330
CE5
100
AcDbDictionary
280
     1
281
     1
  3
ACAD_DIMASSOC
360
CFC
  0
DICTIONARY
  5
E67
330
E5B
100
AcDbDictionary
280
     1
281
     1
  3
ACAD_DIMASSOC
360
E70
  0
DICTIONARY
  5
E7D
330
E71
100
AcDbDictionary
280
     1
281
     1
  3
ACAD_DIMASSOC
360
E86
  0
DICTIONARY
  5
E93
330
E87
100
AcDbDictionary
280
     1
281
     1
  3
ACAD_DIMASSOC
360
E9C
  0
DICTIONARY
  5
EA9
330
E9D
100
AcDbDictionary
280
     1
281
     1
  3
ACAD_DIMASSOC
360
EB2
  0
DICTIONARY
  5
EBF
330
EB3
100
AcDbDictionary
280
     1
281
     1
  3
ACAD_DIMASSOC
360
EC8
  0
DICTIONARY
  5
ED5
330
EC9
100
AcDbDictionary
280
     1
281
     1
  3
ACAD_DIMASSOC
360
EDE
  0
DICTIONARY
  5
F3A
330
F2E
100
AcDbDictionary
280
     1
281
     1
  3
ACAD_DIMASSOC
360
F43
  0
DICTIONARY
  5
F54
330
F48
100
AcDbDictionary
280
     1
281
     1
  3
ACAD_DIMASSOC
360
F5D
  0
DICTIONARY
  5
FFF
330
FF0
100
AcDbDictionary
280
     1
281
     1
  3
ACAD_DIMASSOC
360
100B
  0
DICTIONARY
  5
1019
330
100C
100
AcDbDictionary
280
     1
281
     1
  3
ACAD_DIMASSOC
360
1023
  0
DICTIONARY
  5
10E0
330
10D3
100
AcDbDictionary
280
     1
281
     1
  3
ACAD_DIMASSOC
360
10EA
  0
DICTIONARY
  5
1112
330
1105
100
AcDbDictionary
280
     1
281
     1
  3
ACAD_DIMASSOC
360
111C
  0
DICTIONARY
  5
112C
330
111D
100
AcDbDictionary
280
     1
281
     1
  3
ACAD_DIMASSOC
360
1138
  0
DICTIONARY
  5
11B0
330
11A4
100
AcDbDictionary
280
     1
281
     1
  3
ACAD_DIMASSOC
360
11B9
  0
DICTIONARY
  5
11C6
330
11BA
100
AcDbDictionary
280
     1
281
     1
  3
ACAD_DIMASSOC
360
11CF
  0
DICTIONARY
  5
11F0
330
11E3
100
AcDbDictionary
280
     1
281
     1
  3
ACAD_DIMASSOC
360
11FA
  0
DICTIONARY
  5
126C
330
125F
100
AcDbDictionary
280
     1
281
     1
  3
ACAD_DIMASSOC
360
1276
  0
DICTIONARY
  5
12A7
330
1298
100
AcDbDictionary
280
     1
281
     1
  3
ACAD_DIMASSOC
360
12B3
  0
DICTIONARY
  5
12DD
330
12D0
100
AcDbDictionary
280
     1
281
     1
  3
ACAD_DIMASSOC
360
12E7
  0
DICTIONARY
  5
12FA
330
12ED
100
AcDbDictionary
280
     1
281
     1
  3
ACAD_DIMASSOC
360
1304
  0
DICTIONARY
  5
1312
330
1305
100
AcDbDictionary
280
     1
281
     1
  3
ACAD_DIMASSOC
360
131C
  0
DICTIONARY
  5
1327
330
131D
100
AcDbDictionary
280
     1
281
     1
  3
ACAD_DIMASSOC
360
132E
  0
DICTIONARY
  5
1339
330
132F
100
AcDbDictionary
280
     1
281
     1
  3
ACAD_DIMASSOC
360
1340
  0
DICTIONARY
  5
1350
330
1341
100
AcDbDictionary
280
     1
281
     1
  3
ACAD_DIMASSOC
360
135C
  0
DICTIONARY
  5
136C
330
135D
100
AcDbDictionary
280
     1
281
     1
  3
ACAD_DIMASSOC
360
1378
  0
DICTIONARY
  5
142F
330
1422
100
AcDbDictionary
280
     1
281
     1
  3
ACAD_DIMASSOC
360
1439
  0
DICTIONARY
  5
14D8
330
14CB
100
AcDbDictionary
280
     1
281
     1
  3
ACAD_DIMASSOC
360
14E2
  0
DICTIONARY
  5
15F6
330
15E9
100
AcDbDictionary
280
     1
281
     1
  3
ACAD_DIMASSOC
360
1600
  0
DICTIONARY
  5
160E
330
1601
100
AcDbDictionary
280
     1
281
     1
  3
ACAD_DIMASSOC
360
1618
  0
DICTIONARY
  5
1626
330
1619
100
AcDbDictionary
280
     1
281
     1
  3
ACAD_DIMASSOC
360
1630
  0
DICTIONARY
  5
163E
330
1631
100
AcDbDictionary
280
     1
281
     1
  3
ACAD_DIMASSOC
360
1648
  0
DICTIONARY
  5
1672
330
1665
100
AcDbDictionary
280
     1
281
     1
  3
ACAD_DIMASSOC
360
167C
  0
DICTIONARY
  5
1689
330
167D
100
AcDbDictionary
280
     1
281
     1
  3
ACAD_DIMASSOC
360
1692
  0
DICTIONARY
  5
169F
330
1693
100
AcDbDictionary
280
     1
281
     1
  3
ACAD_DIMASSOC
360
16A8
  0
DICTIONARY
  5
16D4
330
16C5
100
AcDbDictionary
280
     1
281
     1
  3
ACAD_DIMASSOC
360
16E0
  0
DICTIONARY
  5
16EE
330
16E1
100
AcDbDictionary
280
     1
281
     1
  3
ACAD_DIMASSOC
360
16F8
  0
DICTIONARY
  5
179F
330
1792
100
AcDbDictionary
280
     1
281
     1
  3
ACAD_DIMASSOC
360
17A9
  0
DICTIONARY
  5
17B7
330
17AB
100
AcDbDictionary
280
     1
281
     1
  3
ACAD_DIMASSOC
360
17C0
  0
DICTIONARY
  5
1811
330
1805
100
AcDbDictionary
280
     1
281
     1
  3
ACAD_DIMASSOC
360
181A
  0
DICTIONARY
  5
1874
330
1867
100
AcDbDictionary
280
     1
281
     1
  3
ACAD_DIMASSOC
360
187E
  0
DICTIONARY
  5
188E
330
187F
100
AcDbDictionary
280
     1
281
     1
  3
ACAD_DIMASSOC
360
189A
  0
DICTIONARY
  5
18A8
330
189B
100
AcDbDictionary
280
     1
281
     1
  3
ACAD_DIMASSOC
360
18B2
  0
DICTIONARY
  5
18C2
330
18B3
100
AcDbDictionary
280
     1
281
     1
  3
ACAD_DIMASSOC
360
18CE
  0
DICTIONARY
  5
18DE
330
18CF
100
AcDbDictionary
280
     1
281
     1
  3
ACAD_DIMASSOC
360
18EA
  0
DICTIONARY
  5
1928
330
191B
100
AcDbDictionary
280
     1
281
     1
  3
ACAD_DIMASSOC
360
1932
  0
DICTIONARY
  5
1940
330
1933
100
AcDbDictionary
280
     1
281
     1
  3
ACAD_DIMASSOC
360
194A
  0
DICTIONARY
  5
1959
330
194C
100
AcDbDictionary
280
     1
281
     1
  3
ACAD_DIMASSOC
360
1963
  0
DICTIONARY
  5
198F
330
1986
100
AcDbDictionary
280
     1
281
     1
  3
ACAD_DIMASSOC
360
1995
  0
DICTIONARY
  5
19A2
330
1996
100
AcDbDictionary
280
     1
281
     1
  3
ACAD_DIMASSOC
360
19AB
  0
DICTIONARY
  5
19B8
330
19AC
100
AcDbDictionary
280
     1
281
     1
  3
ACAD_DIMASSOC
360
19C1
  0
DICTIONARY
  5
1A13
330
1A06
100
AcDbDictionary
280
     1
281
     1
  3
ACAD_DIMASSOC
360
1A1D
  0
DICTIONARY
  5
1A2D
330
1A1E
100
AcDbDictionary
280
     1
281
     1
  3
ACAD_DIMASSOC
360
1A39
  0
DICTIONARY
  5
6B
102
{ACAD_REACTORS
330
C
102
}
330
C
100
AcDbDictionary
281
     1
  0
DICTIONARY
  5
D
102
{ACAD_REACTORS
330
C
102
}
330
C
100
AcDbDictionary
281
     1
  0
DICTIONARY
  5
1A
102
{ACAD_REACTORS
330
C
102
}
330
C
100
AcDbDictionary
281
     1
  3
Layout1
350
D3
  3
Layout2
350
D7
  3
Model
350
22
  0
DICTIONARY
  5
6A
102
{ACAD_REACTORS
330
C
102
}
330
C
100
AcDbDictionary
281
     1
  0
DICTIONARY
  5
17
102
{ACAD_REACTORS
330
C
102
}
330
C
100
AcDbDictionary
281
     1
  3
Standard
350
18
  0
DICTIONARY
  5
19
102
{ACAD_REACTORS
330
C
102
}
330
C
100
AcDbDictionary
281
     1
  0
ACDBDICTIONARYWDFLT
  5
E
102
{ACAD_REACTORS
330
C
102
}
330
C
100
AcDbDictionary
281
     1
  3
Normal
350
F
100
AcDbDictionaryWithDefault
340
F
  0
DICTIONARY
  5
7E
102
{ACAD_REACTORS
330
C
102
}
330
C
100
AcDbDictionary
281
     1
  3
Standard
350
7F
  0
DICTIONARY
  5
1A79
102
{ACAD_REACTORS
330
C
102
}
330
C
100
AcDbDictionary
281
     1
  0
DICTIONARY
  5
5E
102
{ACAD_REACTORS
330
C
102
}
330
C
100
AcDbDictionary
281
     1
  3
CTABLESTYLE
350
84
  3
DIMASSOC
350
5F
  3
HIDETEXT
350
63
  3
PROJECTNAME
350
D7A
  0
XRECORD
  5
1A78
102
{ACAD_REACTORS
330
C
102
}
330
C
100
AcDbXrecord
280
     1
  1
DWGPROPS COOKIE
  2

  3

  4

  6

  7

  8
Autodesk
  9

300
=
301
=
302
=
303
=
304
=
305
=
306
=
307
=
308
=
309
=
 40
0.5754179745370371
 41
2453369.767578808
 42
2453577.097179167
  1

 90
        0
  0
DICTIONARY
  5
109B
102
{ACAD_REACTORS
330
119
102
}
330
119
100
AcDbDictionary
281
     1
  0
DICTIONARY
  5
109A
102
{ACAD_REACTORS
330
119
102
}
330
119
100
AcDbDictionary
281
     1
1001
ACAD
1000
<All
  0
SORTENTSTABLE
  5
EB
102
{ACAD_REACTORS
330
EA
102
}
330
EA
100
AcDbSortentsTable
330
1F
331
12C
  5
12C
331
19B
  5
19B
331
ED
  5
EF
331
134
  5
134
331
73C
  5
73C
331
13C
  5
13C
331
1BB
  5
1BB
331
F44
  5
F44
331
14C
  5
14C
331
5CF
  5
5CF
331
754
  5
754
331
A46
  5
A46
331
1C3
  5
1C3
331
184
  5
184
331
1CB
  5
1CB
331
18C
  5
18C
331
1E3
  5
1E3
331
971
  5
971
331
125
  5
125
331
194
  5
194
331
76C
  5
76C
331
62F
  5
62F
331
E87
  5
E87
331
10D3
  5
10D3
331
1192
  5
1192
331
12D
  5
12D
331
19C
  5
19C
331
1B4
  5
1B4
331
EE
  5
ED
331
135
  5
135
331
13D
  5
13D
331
1BC
  5
1BC
331
F45
  5
F45
331
14D
  5
14D
331
27B
  5
27B
331
647
  5
647
331
79C
  5
79C
331
100C
  5
100C
331
11E1
  5
11E1
331
A47
  5
A47
331
10EB
  5
10EB
331
1298
  5
12D0
331
F16
  5
F16
331
1C4
  5
1C4
331
1E4
  5
1E4
331
18D
  5
18D
331
2BB
  5
2BB
331
65F
  5
65F
331
195
  5
195
331
126
  5
126
331
7B4
  5
7B4
331
11BA
  5
11BA
331
12D0
  5
12EC
331
F2E
  5
F2E
331
12E
  5
12E
331
136
  5
136
331
1B5
  5
1B5
331
677
  5
677
331
844
  5
844
331
1BD
  5
1BD
331
9F1
  5
9F1
331
F46
  5
F46
331
119B
  5
119B
331
1279
  5
1279
331
10EC
  5
10EC
331
F17
  5
F17
331
F5E
  5
F5E
331
1C5
  5
1C5
331
186
  5
186
331
68F
  5
68F
331
E71
  5
E71
331
A68
  5
A68
331
127
  5
127
331
196
  5
196
331
B75
  5
B75
331
BA5
  5
BA5
331
12F
  5
12F
331
1B6
  5
1B6
331
137
  5
137
331
A80
  5
A80
331
1BE
  5
1BE
331
F47
  5
F47
331
11E3
  5
11E3
331
127A
  5
127A
331
11A4
  5
11A4
331
1105
  5
1105
331
108
  5
108
331
433
  5
433
331
A98
  5
A98
331
18F
  5
18F
331
120
  5
120
331
F18
  5
F18
331
111D
  5
111D
331
EC9
  5
EC9
331
128
  5
128
331
130
  5
130
331
314
  5
314
331
AC8
  5
AC8
331
138
  5
138
331
1B7
  5
1B7
331
C9D
  5
C9D
331
1BF
  5
1BF
331
E5B
  5
E5B
331
127B
  5
12B4
331
F48
  5
F48
331
A4A
  5
A4A
331
AF8
  5
AF8
331
CB5
  5
CB5
331
DAC
  5
DAC
331
180
  5
180
331
109
  5
109
331
876
  5
876
331
121
  5
121
331
190
  5
190
331
F19
  5
F19
331
F60
  5
F60
331
B10
  5
B10
331
FF0
  5
FF0
331
CE5
  5
CE5
331
E1C
  5
E1C
331
131
  5
131
331
93E
  5
93E
331
1B8
  5
1B8
331
139
  5
139
331
98D
  5
98D
331
956
  5
956
331
12EB
  5
1298
331
A4B
  5
A4B
331
9A5
  5
9A5
331
DAD
  5
DAD
331
1C0
  5
1C0
331
10A
  5
10A
331
181
  5
181
331
9BD
  5
9BD
331
191
  5
191
331
122
  5
122
331
2FE
  5
2FE
331
EB3
  5
EB3
331
9D5
  5
9D5
331
E1D
  5
E1D
331
199
  5
199
331
132
  5
132
331
1B1
  5
1B1
331
13A
  5
13A
331
1B9
  5
1B9
331
2E7
  5
2E7
331
B59
  5
B59
331
12EC
  5
127B
331
A4C
  5
A4C
331
DAE
  5
DAE
331
182
  5
182
331
10B
  5
10B
331
18A
  5
18A
331
123
  5
123
331
192
  5
192
331
A0D
  5
A0D
331
A25
  5
A25
331
E1E
  5
E1E
331
239
  5
239
331
19A
  5
19A
331
1B2
  5
1B2
331
EC
  5
EE
331
133
  5
133
331
1BA
  5
1BA
331
13B
  5
13B
331
14B
  5
14B
331
E9D
  5
E9D
331
BC1
  5
BC1
331
F4
  5
F4
331
1C2
  5
1C2
331
1CA
  5
1CA
331
183
  5
183
331
18B
  5
18B
331
BD9
  5
BD9
331
193
  5
193
331
124
  5
124
331
125F
  5
125F
  0
DIMASSOC
  5
24E
102
{ACAD_REACTORS
330
245
102
}
330
245
100
AcDbDimAssoc
330
239
 90
        2
 70
     0
 71
     0
  1
AcDbOsnapPointRef
 72
     3
331
1E3
 73
     2
 91
        0
 40
0.0
 10
0.0
 20
0.0
 30
0.0
 75
     0
  0
DIMASSOC
  5
290
102
{ACAD_REACTORS
330
287
102
}
330
287
100
AcDbDimAssoc
330
27B
 90
        2
 70
     0
 71
     0
  1
AcDbOsnapPointRef
 72
     3
331
1E4
 73
     2
 91
        0
 40
0.0
 10
0.0
 20
0.0
 30
0.0
 75
     0
  0
DIMASSOC
  5
2D0
102
{ACAD_REACTORS
330
2C7
102
}
330
2C7
100
AcDbDimAssoc
330
2BB
 90
        2
 70
     0
 71
     0
  1
AcDbOsnapPointRef
 72
     3
331
10A
 73
     2
 91
        0
 40
0.0
 10
0.0
 20
0.0
 30
0.0
 75
     0
  0
DIMASSOC
  5
2FC
102
{ACAD_REACTORS
330
2F3
102
}
330
2F3
100
AcDbDimAssoc
330
2E7
 90
        2
 70
     0
 71
     0
  1
AcDbOsnapPointRef
 72
     3
331
10B
 73
     2
 91
        0
 40
0.0
 10
0.0
 20
0.0
 30
0.0
 75
     0
  0
DIMASSOC
  5
313
102
{ACAD_REACTORS
330
30A
102
}
330
30A
100
AcDbDimAssoc
330
2FE
 90
        2
 70
     0
 71
     0
  1
AcDbOsnapPointRef
 72
     3
331
108
 73
     2
 91
        0
 40
0.0
 10
0.0
 20
0.0
 30
0.0
 75
     0
  0
DIMASSOC
  5
329
102
{ACAD_REACTORS
330
320
102
}
330
320
100
AcDbDimAssoc
330
314
 90
        2
 70
     0
 71
     0
  1
AcDbOsnapPointRef
 72
     3
331
109
 73
     2
 91
        0
 40
0.0
 10
0.0
 20
0.0
 30
0.0
 75
     0
  0
DIMASSOC
  5
448
102
{ACAD_REACTORS
330
43F
102
}
330
43F
100
AcDbDimAssoc
330
433
 90
        2
 70
     0
 71
     0
  1
AcDbOsnapPointRef
 72
     3
331
F4
 73
     2
 91
        0
 40
0.0
 10
0.0
 20
0.0
 30
0.0
 75
     0
  0
DIMASSOC
  5
5E6
102
{ACAD_REACTORS
330
5DC
102
}
330
5DC
100
AcDbDimAssoc
330
5CF
 90
        3
 70
     0
 71
     0
  1
AcDbOsnapPointRef
 72
    13
331
ED
 73
     2
 91
        0
 40
0.0
 10
0.0
 20
0.0
 30
2.000000000000000E+50
 75
     0
  1
AcDbOsnapPointRef
 72
     8
331
134
 73
     2
 91
        0
 40
0.9999999999999996
 10
0.0
 20
0.0
 30
0.0
 75
     1
  1
AcDbOsnapPointRef
 72
    13
331
ED
 73
     2
 91
        0
 40
0.0
 10
0.0
 20
0.0
 30
2.000000000000000E+50
 75
     0
  0
DIMASSOC
  5
646
102
{ACAD_REACTORS
330
63C
102
}
330
63C
100
AcDbDimAssoc
330
62F
 90
        1
 70
     0
 71
     0
  1
AcDbOsnapPointRef
 72
     1
331
ED
 73
     2
 91
        0
 40
1.0
 10
0.0
 20
0.0
 30
2.000000000000000E+50
 75
     0
  0
DIMASSOC
  5
676
102
{ACAD_REACTORS
330
66C
102
}
330
66C
100
AcDbDimAssoc
330
65F
 90
        3
 70
     0
 71
     0
  1
AcDbOsnapPointRef
 72
     3
331
F4
 73
     2
 91
        0
 40
0.0
 10
0.0
 20
0.0
 30
0.0
 75
     0
  1
AcDbOsnapPointRef
 72
     1
331
134
 73
     2
 91
        0
 40
1.0
 10
0.0
 20
0.0
 30
2.000000000000000E+50
 75
     0
  0
DIMASSOC
  5
68E
102
{ACAD_REACTORS
330
684
102
}
330
684
100
AcDbDimAssoc
330
677
 90
        3
 70
     0
 71
     0
  1
AcDbOsnapPointRef
 72
     1
331
EC
 73
     2
 91
        0
 40
1.0
 10
0.0
 20
0.0
 30
2.000000000000000E+50
 75
     0
  1
AcDbOsnapPointRef
 72
     1
331
134
 73
     2
 91
        0
 40
1.0
 10
0.0
 20
0.0
 30
2.000000000000000E+50
 75
     0
  0
DIMASSOC
  5
6A6
102
{ACAD_REACTORS
330
69C
102
}
330
69C
100
AcDbDimAssoc
330
68F
 90
        3
 70
     0
 71
     0
  1
AcDbOsnapPointRef
 72
     1
331
EC
 73
     2
 91
        0
 40
1.0
 10
0.0
 20
0.0
 30
2.000000000000000E+50
 75
     0
  1
AcDbOsnapPointRef
 72
     1
331
134
 73
     2
 91
        0
 40
1.0
 10
0.0
 20
0.0
 30
2.000000000000000E+50
 75
     0
  0
DIMASSOC
  5
753
102
{ACAD_REACTORS
330
749
102
}
330
749
100
AcDbDimAssoc
330
73C
 90
        3
 70
     0
 71
     0
  1
AcDbOsnapPointRef
 72
    13
331
12D
 73
     2
 91
        0
 40
0.0
 10
0.0
 20
0.0
 30
2.000000000000000E+50
 75
     0
  1
AcDbOsnapPointRef
 72
    13
331
130
 73
     2
 91
        0
 40
0.0
 10
0.0
 20
0.0
 30
2.000000000000000E+50
 75
     0
  0
DIMASSOC
  5
76B
102
{ACAD_REACTORS
330
761
102
}
330
761
100
AcDbDimAssoc
330
754
 90
        3
 70
     0
 71
     0
  1
AcDbOsnapPointRef
 72
    13
331
130
 73
     2
 91
        0
 40
0.0
 10
0.0
 20
0.0
 30
2.000000000000000E+50
 75
     0
  1
AcDbOsnapPointRef
 72
    13
331
131
 73
     2
 91
        0
 40
0.0
 10
0.0
 20
0.0
 30
2.000000000000000E+50
 75
     0
  0
DIMASSOC
  5
783
102
{ACAD_REACTORS
330
779
102
}
330
779
100
AcDbDimAssoc
330
76C
 90
        3
 70
     0
 71
     0
  1
AcDbOsnapPointRef
 72
    13
331
131
 73
     2
 91
        0
 40
0.0
 10
0.0
 20
0.0
 30
2.000000000000000E+50
 75
     0
  1
AcDbOsnapPointRef
 72
    13
331
134
 73
     2
 91
        0
 40
0.0
 10
0.0
 20
0.0
 30
2.000000000000000E+50
 75
     0
  0
DIMASSOC
  5
7B3
102
{ACAD_REACTORS
330
7A9
102
}
330
7A9
100
AcDbDimAssoc
330
79C
 90
        2
 70
     0
 71
     0
  1
AcDbOsnapPointRef
 72
     1
331
13D
 73
     2
 91
        0
 40
1.0
 10
0.0
 20
0.0
 30
2.000000000000000E+50
 75
     0
  0
DIMASSOC
  5
85B
102
{ACAD_REACTORS
330
851
102
}
330
851
100
AcDbDimAssoc
330
844
 90
        3
 70
     0
 71
     0
  1
AcDbOsnapPointRef
 72
     3
331
F4
 73
     2
 91
        0
 40
0.0
 10
0.0
 20
0.0
 30
0.0
 75
     0
  1
AcDbOsnapPointRef
 72
     1
331
EC
 73
     2
 91
        0
 40
1.0
 10
0.0
 20
0.0
 30
2.000000000000000E+50
 75
     0
  0
DIMASSOC
  5
88D
102
{ACAD_REACTORS
330
883
102
}
330
883
100
AcDbDimAssoc
330
876
 90
        3
 70
     0
 71
     0
  1
AcDbOsnapPointRef
 72
     3
331
109
 73
     2
 91
        0
 40
0.0
 10
0.0
 20
0.0
 30
0.0
 75
     0
  1
AcDbOsnapPointRef
 72
     1
331
13D
 73
     2
 91
        0
 40
1.0
 10
0.0
 20
0.0
 30
2.000000000000000E+50
 75
     0
  0
DIMASSOC
  5
955
102
{ACAD_REACTORS
330
94B
102
}
330
94B
100
AcDbDimAssoc
330
93E
 90
        2
 70
     0
 71
     0
  1
AcDbOsnapPointRef
 72
     3
331
109
 73
     2
 91
        0
 40
0.0
 10
0.0
 20
0.0
 30
0.0
 75
     0
  0
DIMASSOC
  5
96D
102
{ACAD_REACTORS
330
963
102
}
330
963
100
AcDbDimAssoc
330
956
 90
        1
 70
     0
 71
     0
  1
AcDbOsnapPointRef
 72
     3
331
10B
 73
     2
 91
        0
 40
0.0
 10
0.0
 20
0.0
 30
0.0
 75
     0
  0
DIMASSOC
  5
98C
102
{ACAD_REACTORS
330
980
102
}
330
980
100
AcDbDimAssoc
330
971
 90
        2
 70
     0
 71
     0
  1
AcDbOsnapPointRef
 72
    13
331
1B2
 73
     2
 91
        0
 40
0.0
 10
0.0
 20
0.0
 30
2.000000000000000E+50
 75
     0
  0
DIMASSOC
  5
9A4
102
{ACAD_REACTORS
330
99A
102
}
330
99A
100
AcDbDimAssoc
330
98D
 90
        3
 70
     0
 71
     0
  1
AcDbOsnapPointRef
 72
    13
331
1B2
 73
     2
 91
        0
 40
0.0
 10
0.0
 20
0.0
 30
2.000000000000000E+50
 75
     0
  1
AcDbOsnapPointRef
 72
    13
331
1B1
 73
     2
 91
        0
 40
0.0
 10
0.0
 20
0.0
 30
2.000000000000000E+50
 75
     0
  0
DIMASSOC
  5
9BC
102
{ACAD_REACTORS
330
9B2
102
}
330
9B2
100
AcDbDimAssoc
330
9A5
 90
        3
 70
     0
 71
     0
  1
AcDbOsnapPointRef
 72
    13
331
1B1
 73
     2
 91
        0
 40
0.0
 10
0.0
 20
0.0
 30
2.000000000000000E+50
 75
     0
  1
AcDbOsnapPointRef
 72
    13
331
19A
 73
     2
 91
        0
 40
0.0
 10
0.0
 20
0.0
 30
2.000000000000000E+50
 75
     0
  0
DIMASSOC
  5
9D4
102
{ACAD_REACTORS
330
9CA
102
}
330
9CA
100
AcDbDimAssoc
330
9BD
 90
        3
 70
     0
 71
     0
  1
AcDbOsnapPointRef
 72
    13
331
19A
 73
     2
 91
        0
 40
0.0
 10
0.0
 20
0.0
 30
2.000000000000000E+50
 75
     0
  1
AcDbOsnapPointRef
 72
    13
331
195
 73
     2
 91
        0
 40
0.0
 10
0.0
 20
0.0
 30
2.000000000000000E+50
 75
     0
  0
DIMASSOC
  5
9F0
102
{ACAD_REACTORS
330
9E4
102
}
330
9E4
100
AcDbDimAssoc
330
9D5
 90
        3
 70
     0
 71
     0
  1
AcDbOsnapPointRef
 72
    13
331
195
 73
     2
 91
        0
 40
0.0
 10
0.0
 20
0.0
 30
2.000000000000000E+50
 75
     0
  1
AcDbOsnapPointRef
 72
    13
331
199
 73
     2
 91
        0
 40
0.0
 10
0.0
 20
0.0
 30
2.000000000000000E+50
 75
     0
  0
DIMASSOC
  5
A0C
102
{ACAD_REACTORS
330
A00
102
}
330
A00
100
AcDbDimAssoc
330
9F1
 90
        1
 70
     0
 71
     0
  1
AcDbOsnapPointRef
 72
    13
331
1B2
 73
     2
 91
        0
 40
0.0
 10
0.0
 20
0.0
 30
2.000000000000000E+50
 75
     0
  0
DIMASSOC
  5
A24
102
{ACAD_REACTORS
330
A1A
102
}
330
A1A
100
AcDbDimAssoc
330
A0D
 90
        3
 70
     0
 71
     0
  1
AcDbOsnapPointRef
 72
    13
331
1B2
 73
     2
 91
        0
 40
0.0
 10
0.0
 20
0.0
 30
2.000000000000000E+50
 75
     0
  1
AcDbOsnapPointRef
 72
    13
331
19C
 73
     2
 91
        0
 40
0.0
 10
0.0
 20
0.0
 30
2.000000000000000E+50
 75
     0
  0
DIMASSOC
  5
A3C
102
{ACAD_REACTORS
330
A32
102
}
330
A32
100
AcDbDimAssoc
330
A25
 90
        3
 70
     0
 71
     0
  1
AcDbOsnapPointRef
 72
    13
331
1B2
 73
     2
 91
        0
 40
0.0
 10
0.0
 20
0.0
 30
2.000000000000000E+50
 75
     0
  1
AcDbOsnapPointRef
 72
     1
331
128
 73
     2
 91
        0
 40
1.0
 10
0.0
 20
0.0
 30
2.000000000000000E+50
 75
     0
  0
DIMASSOC
  5
A67
102
{ACAD_REACTORS
330
A5B
102
}
330
A5B
100
AcDbDimAssoc
330
A4C
 90
        3
 70
     0
 71
     0
  1
AcDbOsnapPointRef
 72
    13
331
127
 73
     2
 91
        0
 40
0.0
 10
0.0
 20
0.0
 30
2.000000000000000E+50
 75
     0
  1
AcDbOsnapPointRef
 72
    13
331
A46
 73
     2
 91
        0
 40
0.0
 10
0.0
 20
0.0
 30
2.000000000000000E+50
 75
     0
  0
DIMASSOC
  5
A7F
102
{ACAD_REACTORS
330
A75
102
}
330
A75
100
AcDbDimAssoc
330
A68
 90
        3
 70
     0
 71
     0
  1
AcDbOsnapPointRef
 72
    13
331
199
 73
     2
 91
        0
 40
0.0
 10
0.0
 20
0.0
 30
2.000000000000000E+50
 75
     0
  1
AcDbOsnapPointRef
 72
    13
331
194
 73
     2
 91
        0
 40
0.0
 10
0.0
 20
0.0
 30
2.000000000000000E+50
 75
     0
  0
DIMASSOC
  5
A97
102
{ACAD_REACTORS
330
A8D
102
}
330
A8D
100
AcDbDimAssoc
330
A80
 90
        3
 70
     0
 71
     0
  1
AcDbOsnapPointRef
 72
    13
331
194
 73
     2
 91
        0
 40
0.0
 10
0.0
 20
0.0
 30
2.000000000000000E+50
 75
     0
  1
AcDbOsnapPointRef
 72
     1
331
A47
 73
     2
 91
        0
 40
1.0
 10
0.0
 20
0.0
 30
2.000000000000000E+50
 75
     0
  0
DIMASSOC
  5
AAF
102
{ACAD_REACTORS
330
AA5
102
}
330
AA5
100
AcDbDimAssoc
330
A98
 90
        3
 70
     0
 71
     0
  1
AcDbOsnapPointRef
 72
     1
331
A47
 73
     2
 91
        0
 40
1.0
 10
0.0
 20
0.0
 30
2.000000000000000E+50
 75
     0
  1
AcDbOsnapPointRef
 72
    13
331
A47
 73
     2
 91
        0
 40
0.0
 10
0.0
 20
0.0
 30
2.000000000000000E+50
 75
     0
  0
DIMASSOC
  5
ADF
102
{ACAD_REACTORS
330
AD5
102
}
330
AD5
100
AcDbDimAssoc
330
AC8
 90
        3
 70
     0
 71
     0
  1
AcDbOsnapPointRef
 72
    13
331
127
 73
     2
 91
        0
 40
0.0
 10
0.0
 20
0.0
 30
2.000000000000000E+50
 75
     0
  1
AcDbOsnapPointRef
 72
    13
331
126
 73
     2
 91
        0
 40
0.0
 10
0.0
 20
0.0
 30
2.000000000000000E+50
 75
     0
  0
DIMASSOC
  5
B0F
102
{ACAD_REACTORS
330
B05
102
}
330
B05
100
AcDbDimAssoc
330
AF8
 90
        3
 70
     0
 71
     0
  1
AcDbOsnapPointRef
 72
    13
331
122
 73
     2
 91
        0
 40
0.0
 10
0.0
 20
0.0
 30
2.000000000000000E+50
 75
     0
  1
AcDbOsnapPointRef
 72
    13
331
123
 73
     2
 91
        0
 40
0.0
 10
0.0
 20
0.0
 30
2.000000000000000E+50
 75
     0
  0
DIMASSOC
  5
B27
102
{ACAD_REACTORS
330
B1D
102
}
330
B1D
100
AcDbDimAssoc
330
B10
 90
        3
 70
     0
 71
     0
  1
AcDbOsnapPointRef
 72
    13
331
A47
 73
     2
 91
        0
 40
0.0
 10
0.0
 20
0.0
 30
2.000000000000000E+50
 75
     0
  1
AcDbOsnapPointRef
 72
    13
331
122
 73
     2
 91
        0
 40
0.0
 10
0.0
 20
0.0
 30
2.000000000000000E+50
 75
     0
  0
DIMASSOC
  5
B74
102
{ACAD_REACTORS
330
B68
102
}
330
B68
100
AcDbDimAssoc
330
B59
 90
        2
 70
     0
 71
     0
  1
AcDbOsnapPointRef
 72
    13
331
1CA
 73
     2
 91
        0
 40
0.0
 10
0.0
 20
0.0
 30
2.000000000000000E+50
 75
     0
  0
DIMASSOC
  5
BC0
102
{ACAD_REACTORS
330
BB4
102
}
330
BB4
100
AcDbDimAssoc
330
BA5
 90
        2
 70
     0
 71
     0
  1
AcDbOsnapPointRef
 72
    13
331
1C2
 73
     2
 91
        0
 40
0.0
 10
0.0
 20
0.0
 30
2.000000000000000E+50
 75
     0
  0
DIMASSOC
  5
BF4
102
{ACAD_REACTORS
330
BE8
102
}
330
BE8
100
AcDbDimAssoc
330
BD9
 90
        3
 70
     0
 71
     0
  1
AcDbOsnapPointRef
 72
    13
331
18C
 73
     2
 91
        0
 40
0.0
 10
0.0
 20
0.0
 30
2.000000000000000E+50
 75
     0
  1
AcDbOsnapPointRef
 72
     1
331
18D
 73
     2
 91
        0
 40
1.0
 10
0.0
 20
0.0
 30
2.000000000000000E+50
 75
     0
  0
DIMASSOC
  5
CB4
102
{ACAD_REACTORS
330
CAA
102
}
330
CAA
100
AcDbDimAssoc
330
C9D
 90
        2
 70
     0
 71
     0
  1
AcDbOsnapPointRef
 72
     8
331
191
 73
     2
 91
        0
 40
-0.2083333333333333
 10
0.0
 20
0.0
 30
0.0
 75
     1
  1
AcDbOsnapPointRef
 72
     0
 40
0.0
 10
200.0
 20
130.625
 30
0.0
 75
     0
  0
DIMASSOC
  5
CCC
102
{ACAD_REACTORS
330
CC2
102
}
330
CC2
100
AcDbDimAssoc
330
CB5
 90
        3
 70
     0
 71
     0
  1
AcDbOsnapPointRef
 72
     1
331
192
 73
     2
 91
        0
 40
1.0
 10
0.0
 20
0.0
 30
2.000000000000000E+50
 75
     0
  1
AcDbOsnapPointRef
 72
    13
331
191
 73
     2
 91
        0
 40
0.0
 10
0.0
 20
0.0
 30
2.000000000000000E+50
 75
     0
  0
DIMASSOC
  5
CFC
102
{ACAD_REACTORS
330
CF2
102
}
330
CF2
100
AcDbDimAssoc
330
CE5
 90
        3
 70
     0
 71
     0
  1
AcDbOsnapPointRef
 72
    13
331
18C
 73
     2
 91
        0
 40
0.0
 10
0.0
 20
0.0
 30
2.000000000000000E+50
 75
     0
  1
AcDbOsnapPointRef
 72
    13
331
191
 73
     2
 91
        0
 40
0.0
 10
0.0
 20
0.0
 30
2.000000000000000E+50
 75
     0
  0
DIMASSOC
  5
E70
102
{ACAD_REACTORS
330
E67
102
}
330
E67
100
AcDbDimAssoc
330
E5B
 90
        2
 70
     0
 71
     0
  1
AcDbOsnapPointRef
 72
     3
331
E1E
 73
     2
 91
        0
 40
0.0
 10
0.0
 20
0.0
 30
0.0
 75
     0
  0
DIMASSOC
  5
E86
102
{ACAD_REACTORS
330
E7D
102
}
330
E7D
100
AcDbDimAssoc
330
E71
 90
        2
 70
     0
 71
     0
  1
AcDbOsnapPointRef
 72
     3
331
E1C
 73
     2
 91
        0
 40
0.0
 10
0.0
 20
0.0
 30
0.0
 75
     0
  0
DIMASSOC
  5
E9C
102
{ACAD_REACTORS
330
E93
102
}
330
E93
100
AcDbDimAssoc
330
E87
 90
        2
 70
     0
 71
     0
  1
AcDbOsnapPointRef
 72
     3
331
E1D
 73
     2
 91
        0
 40
0.0
 10
0.0
 20
0.0
 30
0.0
 75
     0
  0
DIMASSOC
  5
EB2
102
{ACAD_REACTORS
330
EA9
102
}
330
EA9
100
AcDbDimAssoc
330
E9D
 90
        2
 70
     0
 71
     0
  1
AcDbOsnapPointRef
 72
     3
331
DAD
 73
     2
 91
        0
 40
0.0
 10
0.0
 20
0.0
 30
0.0
 75
     0
  0
DIMASSOC
  5
EC8
102
{ACAD_REACTORS
330
EBF
102
}
330
EBF
100
AcDbDimAssoc
330
EB3
 90
        2
 70
     0
 71
     0
  1
AcDbOsnapPointRef
 72
     3
331
DAC
 73
     2
 91
        0
 40
0.0
 10
0.0
 20
0.0
 30
0.0
 75
     0
  0
DIMASSOC
  5
EDE
102
{ACAD_REACTORS
330
ED5
102
}
330
ED5
100
AcDbDimAssoc
330
EC9
 90
        2
 70
     0
 71
     0
  1
AcDbOsnapPointRef
 72
     3
331
DAE
 73
     2
 91
        0
 40
0.0
 10
0.0
 20
0.0
 30
0.0
 75
     0
  0
DIMASSOC
  5
F43
102
{ACAD_REACTORS
330
F3A
102
}
330
F3A
100
AcDbDimAssoc
330
F2E
 90
        2
 70
     0
 71
     0
  1
AcDbOsnapPointRef
 72
     3
331
F16
 73
     2
 91
        0
 40
0.0
 10
0.0
 20
0.0
 30
0.0
 75
     0
  0
DIMASSOC
  5
F5D
102
{ACAD_REACTORS
330
F54
102
}
330
F54
100
AcDbDimAssoc
330
F48
 90
        2
 70
     0
 71
     0
  1
AcDbOsnapPointRef
 72
     3
331
F44
 73
     2
 91
        0
 40
0.0
 10
0.0
 20
0.0
 30
0.0
 75
     0
  0
DIMASSOC
  5
100B
102
{ACAD_REACTORS
330
FFF
102
}
330
FFF
100
AcDbDimAssoc
330
FF0
 90
        3
 70
     0
 71
     0
  1
AcDbOsnapPointRef
 72
    13
331
1CA
 73
     2
 91
        0
 40
0.0
 10
0.0
 20
0.0
 30
2.000000000000000E+50
 75
     0
  1
AcDbOsnapPointRef
 72
     3
331
F16
 73
     2
 91
        0
 40
0.0
 10
0.0
 20
0.0
 30
0.0
 75
     0
  0
DIMASSOC
  5
1023
102
{ACAD_REACTORS
330
1019
102
}
330
1019
100
AcDbDimAssoc
330
100C
 90
        3
 70
     0
 71
     0
  1
AcDbOsnapPointRef
 72
     3
331
F18
 73
     2
 91
        0
 40
0.0
 10
0.0
 20
0.0
 30
0.0
 75
     0
  1
AcDbOsnapPointRef
 72
    13
331
1C2
 73
     2
 91
        0
 40
0.0
 10
0.0
 20
0.0
 30
2.000000000000000E+50
 75
     0
  0
DIMASSOC
  5
10EA
102
{ACAD_REACTORS
330
10E0
102
}
330
10E0
100
AcDbDimAssoc
330
10D3
 90
        3
 70
     0
 71
     0
  1
AcDbOsnapPointRef
 72
    13
331
190
 73
     2
 91
        0
 40
0.0
 10
0.0
 20
0.0
 30
2.000000000000000E+50
 75
     0
  1
AcDbOsnapPointRef
 72
    13
331
180
 73
     2
 91
        0
 40
0.0
 10
0.0
 20
0.0
 30
2.000000000000000E+50
 75
     0
  0
DIMASSOC
  5
111C
102
{ACAD_REACTORS
330
1112
102
}
330
1112
100
AcDbDimAssoc
330
1105
 90
        3
 70
     0
 71
     0
  1
AcDbOsnapPointRef
 72
    13
331
182
 73
     2
 91
        0
 40
0.0
 10
0.0
 20
0.0
 30
2.000000000000000E+50
 75
     0
  1
AcDbOsnapPointRef
 72
    13
331
183
 73
     2
 91
        0
 40
0.0
 10
0.0
 20
0.0
 30
2.000000000000000E+50
 75
     0
  0
DIMASSOC
  5
1138
102
{ACAD_REACTORS
330
112C
102
}
330
112C
100
AcDbDimAssoc
330
111D
 90
        3
 70
     0
 71
     0
  1
AcDbOsnapPointRef
 72
    13
331
183
 73
     2
 91
        0
 40
0.0
 10
0.0
 20
0.0
 30
2.000000000000000E+50
 75
     0
  1
AcDbOsnapPointRef
 72
    13
331
184
 73
     2
 91
        0
 40
0.0
 10
0.0
 20
0.0
 30
2.000000000000000E+50
 75
     0
  0
DIMASSOC
  5
11B9
102
{ACAD_REACTORS
330
11B0
102
}
330
11B0
100
AcDbDimAssoc
330
11A4
 90
        2
 70
     0
 71
     0
  1
AcDbOsnapPointRef
 72
     3
331
1192
 73
     2
 91
        0
 40
0.0
 10
0.0
 20
0.0
 30
0.0
 75
     0
  0
DIMASSOC
  5
11CF
102
{ACAD_REACTORS
330
11C6
102
}
330
11C6
100
AcDbDimAssoc
330
11BA
 90
        2
 70
     0
 71
     0
  1
AcDbOsnapPointRef
 72
     3
331
119B
 73
     2
 91
        0
 40
0.0
 10
0.0
 20
0.0
 30
0.0
 75
     0
  0
DIMASSOC
  5
11FA
102
{ACAD_REACTORS
330
11F0
102
}
330
11F0
100
AcDbDimAssoc
330
11E3
 90
        3
 70
     0
 71
     0
  1
AcDbOsnapPointRef
 72
     1
331
11E1
 73
     2
 91
        1
 40
1.0
 10
0.0
 20
0.0
 30
2.000000000000000E+50
 75
     0
  1
AcDbOsnapPointRef
 72
     1
331
11E1
 73
     2
 91
        2
 40
1.0
 10
0.0
 20
0.0
 30
2.000000000000000E+50
 75
     0
  0
DIMASSOC
  5
1276
102
{ACAD_REACTORS
330
126C
102
}
330
126C
100
AcDbDimAssoc
330
125F
 90
        2
 70
     0
 71
     0
  1
AcDbOsnapPointRef
 72
     8
331
11E1
 73
     2
 91
        2
 40
-0.03125
 10
0.0
 20
0.0
 30
0.0
 75
     1
  1
AcDbOsnapPointRef
 72
     0
 40
0.0
 10
172.0
 20
100.625
 30
0.0
 75
     0
  0
DIMASSOC
  5
12B3
102
{ACAD_REACTORS
330
12A7
102
}
330
12A7
100
AcDbDimAssoc
330
1298
 90
        3
 70
     0
 71
     0
  1
AcDbOsnapPointRef
 72
     1
331
11E1
 73
     2
 91
        3
 40
1.0
 10
0.0
 20
0.0
 30
2.000000000000000E+50
 75
     0
  1
AcDbOsnapPointRef
 72
    13
331
14D
 73
     2
 91
        0
 40
0.0
 10
0.0
 20
0.0
 30
2.000000000000000E+50
 75
     0
  0
DIMASSOC
  5
12E7
102
{ACAD_REACTORS
330
12DD
102
}
330
12DD
100
AcDbDimAssoc
330
12D0
 90
        3
 70
     0
 71
     0
  1
AcDbOsnapPointRef
 72
     1
331
134
 73
     2
 91
        0
 40
1.0
 10
0.0
 20
0.0
 30
2.000000000000000E+50
 75
     0
  1
AcDbOsnapPointRef
 72
     6
331
134
 73
     2
 91
        0
 40
0.0
 10
0.0
 20
0.0
 30
0.0
332
133
 74
     2
 92
        0
 75
     0
  0
DIMASSOC
  5
1304
102
{ACAD_REACTORS
330
12FA
102
}
330
12FA
100
AcDbDimAssoc
330
12ED
 90
        3
 70
     0
 71
     0
  1
AcDbOsnapPointRef
 72
     6
331
12D
 73
     2
 91
        0
 40
0.0
 10
0.0
 20
0.0
 30
0.0
332
12C
 74
     2
 92
        0
 75
     0
  1
AcDbOsnapPointRef
 72
    13
331
127B
 73
     2
 91
        0
 40
0.0
 10
0.0
 20
0.0
 30
2.000000000000000E+50
 75
     0
  0
DIMASSOC
  5
131C
102
{ACAD_REACTORS
330
1312
102
}
330
1312
100
AcDbDimAssoc
330
1305
 90
        3
 70
     0
 71
     0
  1
AcDbOsnapPointRef
 72
    13
331
12EC
 73
     2
 91
        0
 40
0.0
 10
0.0
 20
0.0
 30
2.000000000000000E+50
 75
     0
  1
AcDbOsnapPointRef
 72
     1
331
12EB
 73
     2
 91
        0
 40
6.283185307179586
 10
0.0
 20
0.0
 30
2.000000000000000E+50
 75
     0
  0
DIMASSOC
  5
132E
102
{ACAD_REACTORS
330
1327
102
}
330
1327
100
AcDbDimAssoc
330
131D
 90
        2
 70
     0
 71
     0
  1
AcDbOsnapPointRef
 72
     3
331
12EC
 73
     2
 91
        0
 40
0.0
 10
0.0
 20
0.0
 30
0.0
 75
     0
  0
DIMASSOC
  5
1340
102
{ACAD_REACTORS
330
1339
102
}
330
1339
100
AcDbDimAssoc
330
132F
 90
        2
 70
     0
 71
     0
  1
AcDbOsnapPointRef
 72
     3
331
12EB
 73
     2
 91
        0
 40
0.0
 10
0.0
 20
0.0
 30
0.0
 75
     0
  0
DIMASSOC
  5
135C
102
{ACAD_REACTORS
330
1350
102
}
330
1350
100
AcDbDimAssoc
330
1341
 90
        3
 70
     0
 71
     0
  1
AcDbOsnapPointRef
 72
    13
331
127B
 73
     2
 91
        0
 40
0.0
 10
0.0
 20
0.0
 30
2.000000000000000E+50
 75
     0
  1
AcDbOsnapPointRef
 72
     1
331
12EB
 73
     2
 91
        0
 40
6.283185307179586
 10
0.0
 20
0.0
 30
2.000000000000000E+50
 75
     0
  0
DIMASSOC
  5
1378
102
{ACAD_REACTORS
330
136C
102
}
330
136C
100
AcDbDimAssoc
330
135D
 90
        3
 70
     0
 71
     0
  1
AcDbOsnapPointRef
 72
    13
331
127B
 73
     2
 91
        0
 40
0.0
 10
0.0
 20
0.0
 30
2.000000000000000E+50
 75
     0
  1
AcDbOsnapPointRef
 72
     1
331
12EB
 73
     2
 91
        0
 40
6.283185307179586
 10
0.0
 20
0.0
 30
2.000000000000000E+50
 75
     0
  0
DIMASSOC
  5
1439
102
{ACAD_REACTORS
330
142F
102
}
330
142F
100
AcDbDimAssoc
330
1422
 90
        3
 70
     0
 71
     0
  1
AcDbOsnapPointRef
 72
    13
331
A46
 73
     2
 91
        0
 40
0.0
 10
0.0
 20
0.0
 30
2.000000000000000E+50
 75
     0
  1
AcDbOsnapPointRef
 72
     8
331
127
 73
     2
 91
        0
 40
0.9999999999999845
 10
0.0
 20
0.0
 30
0.0
 75
     1
  1
AcDbOsnapPointRef
 72
    13
331
A46
 73
     2
 91
        0
 40
0.0
 10
0.0
 20
0.0
 30
2.000000000000000E+50
 75
     0
  0
DIMASSOC
  5
14E2
102
{ACAD_REACTORS
330
14D8
102
}
330
14D8
100
AcDbDimAssoc
330
14CB
 90
        2
 70
     0
 71
     0
  1
AcDbOsnapPointRef
 72
     1
331
10EB
 73
     2
 91
        0
 40
1.0
 10
0.0
 20
0.0
 30
2.000000000000000E+50
 75
     0
  0
DIMASSOC
  5
1600
102
{ACAD_REACTORS
330
15F6
102
}
330
15F6
100
AcDbDimAssoc
330
15E9
 90
        3
 70
     0
 71
     0
  1
AcDbOsnapPointRef
 72
     1
331
15DF
 73
     2
 91
        2
 40
1.0
 10
0.0
 20
0.0
 30
2.000000000000000E+50
 75
     0
  1
AcDbOsnapPointRef
 72
     1
331
15DF
 73
     2
 91
        3
 40
1.0
 10
0.0
 20
0.0
 30
2.000000000000000E+50
 75
     0
  0
DIMASSOC
  5
1618
102
{ACAD_REACTORS
330
160E
102
}
330
160E
100
AcDbDimAssoc
330
1601
 90
        3
 70
     0
 71
     0
  1
AcDbOsnapPointRef
 72
     1
331
192
 73
     2
 91
        0
 40
1.0
 10
0.0
 20
0.0
 30
2.000000000000000E+50
 75
     0
  1
AcDbOsnapPointRef
 72
     3
331
F5E
 73
     2
 91
        0
 40
0.0
 10
0.0
 20
0.0
 30
0.0
 75
     0
  0
DIMASSOC
  5
1630
102
{ACAD_REACTORS
330
1626
102
}
330
1626
100
AcDbDimAssoc
330
1619
 90
        3
 70
     0
 71
     0
  1
AcDbOsnapPointRef
 72
     3
331
F5E
 73
     2
 91
        0
 40
0.0
 10
0.0
 20
0.0
 30
0.0
 75
     0
  1
AcDbOsnapPointRef
 72
    13
331
15DE
 73
     2
 91
        1
 40
0.0
 10
0.0
 20
0.0
 30
2.000000000000000E+50
 75
     0
  0
DIMASSOC
  5
1648
102
{ACAD_REACTORS
330
163E
102
}
330
163E
100
AcDbDimAssoc
330
1631
 90
        2
 70
     0
 71
     0
  1
AcDbOsnapPointRef
 72
     8
331
15DE
 73
     2
 91
        3
 40
1.125
 10
0.0
 20
0.0
 30
0.0
 75
     1
  1
AcDbOsnapPointRef
 72
     0
 40
0.0
 10
275.625
 20
100.0
 30
0.0
 75
     0
  0
DIMASSOC
  5
167C
102
{ACAD_REACTORS
330
1672
102
}
330
1672
100
AcDbDimAssoc
330
1665
 90
        3
 70
     0
 71
     0
  1
AcDbOsnapPointRef
 72
     3
331
F60
 73
     2
 91
        0
 40
0.0
 10
0.0
 20
0.0
 30
0.0
 75
     0
  1
AcDbOsnapPointRef
 72
     1
331
18D
 73
     2
 91
        0
 40
1.0
 10
0.0
 20
0.0
 30
2.000000000000000E+50
 75
     0
  0
DIMASSOC
  5
1692
102
{ACAD_REACTORS
330
1689
102
}
330
1689
100
AcDbDimAssoc
330
167D
 90
        2
 70
     0
 71
     0
  1
AcDbOsnapPointRef
 72
     3
331
F5E
 73
     2
 91
        0
 40
0.0
 10
0.0
 20
0.0
 30
0.0
 75
     0
  0
DIMASSOC
  5
16A8
102
{ACAD_REACTORS
330
169F
102
}
330
169F
100
AcDbDimAssoc
330
1693
 90
        2
 70
     0
 71
     0
  1
AcDbOsnapPointRef
 72
     3
331
F60
 73
     2
 91
        0
 40
0.0
 10
0.0
 20
0.0
 30
0.0
 75
     0
  0
DIMASSOC
  5
16E0
102
{ACAD_REACTORS
330
16D4
102
}
330
16D4
100
AcDbDimAssoc
330
16C5
 90
        3
 70
     0
 71
     0
  1
AcDbOsnapPointRef
 72
     1
331
15DE
 73
     2
 91
        2
 40
1.0
 10
0.0
 20
0.0
 30
2.000000000000000E+50
 75
     0
  1
AcDbOsnapPointRef
 72
     1
331
15DE
 73
     2
 91
        3
 40
1.0
 10
0.0
 20
0.0
 30
2.000000000000000E+50
 75
     0
  0
DIMASSOC
  5
16F8
102
{ACAD_REACTORS
330
16EE
102
}
330
16EE
100
AcDbDimAssoc
330
16E1
 90
        3
 70
     0
 71
     0
  1
AcDbOsnapPointRef
 72
     2
331
15DE
 73
     2
 91
        4
 40
0.5
 10
0.0
 20
0.0
 30
0.0
 75
     0
  1
AcDbOsnapPointRef
 72
     2
331
186
 73
     2
 91
        0
 40
0.5
 10
0.0
 20
0.0
 30
0.0
 75
     0
  0
DIMASSOC
  5
17A9
102
{ACAD_REACTORS
330
179F
102
}
330
179F
100
AcDbDimAssoc
330
1792
 90
        3
 70
     0
 71
     0
  1
AcDbOsnapPointRef
 72
     3
331
F4
 73
     2
 91
        0
 40
0.0
 10
0.0
 20
0.0
 30
0.0
 75
     0
  1
AcDbOsnapPointRef
 72
     3
331
1779
 73
     2
 91
        0
 40
0.0
 10
0.0
 20
0.0
 30
0.0
 75
     0
  0
DIMASSOC
  5
17C0
102
{ACAD_REACTORS
330
17B7
102
}
330
17B7
100
AcDbDimAssoc
330
17AB
 90
        2
 70
     0
 71
     0
  1
AcDbOsnapPointRef
 72
     3
331
1779
 73
     2
 91
        0
 40
0.0
 10
0.0
 20
0.0
 30
0.0
 75
     0
  0
DIMASSOC
  5
181A
102
{ACAD_REACTORS
330
1811
102
}
330
1811
100
AcDbDimAssoc
330
1805
 90
        2
 70
     0
 71
     0
  1
AcDbOsnapPointRef
 72
     3
331
17EA
 73
     2
 91
        0
 40
0.0
 10
0.0
 20
0.0
 30
0.0
 75
     0
  0
DIMASSOC
  5
187E
102
{ACAD_REACTORS
330
1874
102
}
330
1874
100
AcDbDimAssoc
330
1867
 90
        3
 70
     0
 71
     0
  1
AcDbOsnapPointRef
 72
     3
331
17EA
 73
     2
 91
        0
 40
0.0
 10
0.0
 20
0.0
 30
0.0
 75
     0
  1
AcDbOsnapPointRef
 72
     3
331
17E4
 73
     2
 91
        0
 40
0.0
 10
0.0
 20
0.0
 30
0.0
 75
     0
  0
DIMASSOC
  5
189A
102
{ACAD_REACTORS
330
188E
102
}
330
188E
100
AcDbDimAssoc
330
187F
 90
        1
 70
     0
 71
     0
  1
AcDbOsnapPointRef
 72
     3
331
17EA
 73
     2
 91
        0
 40
0.0
 10
0.0
 20
0.0
 30
0.0
 75
     0
  0
DIMASSOC
  5
18B2
102
{ACAD_REACTORS
330
18A8
102
}
330
18A8
100
AcDbDimAssoc
330
189B
 90
        3
 70
     0
 71
     0
  1
AcDbOsnapPointRef
 72
     3
331
17EA
 73
     2
 91
        0
 40
0.0
 10
0.0
 20
0.0
 30
0.0
 75
     0
  1
AcDbOsnapPointRef
 72
     3
331
17E4
 73
     2
 91
        0
 40
0.0
 10
0.0
 20
0.0
 30
0.0
 75
     0
  0
DIMASSOC
  5
18CE
102
{ACAD_REACTORS
330
18C2
102
}
330
18C2
100
AcDbDimAssoc
330
18B3
 90
        1
 70
     0
 71
     0
  1
AcDbOsnapPointRef
 72
     3
331
17E4
 73
     2
 91
        0
 40
0.0
 10
0.0
 20
0.0
 30
0.0
 75
     0
  0
DIMASSOC
  5
18EA
102
{ACAD_REACTORS
330
18DE
102
}
330
18DE
100
AcDbDimAssoc
330
18CF
 90
        3
 70
     0
 71
     0
  1
AcDbOsnapPointRef
 72
     3
331
17EB
 73
     2
 91
        0
 40
0.0
 10
0.0
 20
0.0
 30
0.0
 75
     0
  1
AcDbOsnapPointRef
 72
    13
331
127B
 73
     2
 91
        0
 40
0.0
 10
0.0
 20
0.0
 30
2.000000000000000E+50
 75
     0
  0
DIMASSOC
  5
1932
102
{ACAD_REACTORS
330
1928
102
}
330
1928
100
AcDbDimAssoc
330
191B
 90
        3
 70
     0
 71
     0
  1
AcDbOsnapPointRef
 72
     3
331
17E5
 73
     2
 91
        0
 40
0.0
 10
0.0
 20
0.0
 30
0.0
 75
     0
  1
AcDbOsnapPointRef
 72
     3
331
17EB
 73
     2
 91
        0
 40
0.0
 10
0.0
 20
0.0
 30
0.0
 75
     0
  0
DIMASSOC
  5
194A
102
{ACAD_REACTORS
330
1940
102
}
330
1940
100
AcDbDimAssoc
330
1933
 90
        3
 70
     0
 71
     0
  1
AcDbOsnapPointRef
 72
     3
331
17E5
 73
     2
 91
        0
 40
0.0
 10
0.0
 20
0.0
 30
0.0
 75
     0
  1
AcDbOsnapPointRef
 72
     3
331
17EB
 73
     2
 91
        0
 40
0.0
 10
0.0
 20
0.0
 30
0.0
 75
     0
  0
DIMASSOC
  5
1963
102
{ACAD_REACTORS
330
1959
102
}
330
1959
100
AcDbDimAssoc
330
194C
 90
        2
 70
     0
 71
     0
  1
AcDbOsnapPointRef
 72
     1
331
127B
 73
     2
 91
        0
 40
1.0
 10
0.0
 20
0.0
 30
2.000000000000000E+50
 75
     0
  0
DIMASSOC
  5
1995
102
{ACAD_REACTORS
330
198F
102
}
330
198F
100
AcDbDimAssoc
330
1986
 90
        2
 70
     0
 71
     0
  1
AcDbOsnapPointRef
 72
     3
331
17E4
 73
     2
 91
        0
 40
0.0
 10
0.0
 20
0.0
 30
0.0
 75
     0
  0
DIMASSOC
  5
19AB
102
{ACAD_REACTORS
330
19A2
102
}
330
19A2
100
AcDbDimAssoc
330
1996
 90
        2
 70
     0
 71
     0
  1
AcDbOsnapPointRef
 72
     3
331
17E5
 73
     2
 91
        0
 40
0.0
 10
0.0
 20
0.0
 30
0.0
 75
     0
  0
DIMASSOC
  5
19C1
102
{ACAD_REACTORS
330
19B8
102
}
330
19B8
100
AcDbDimAssoc
330
19AC
 90
        2
 70
     0
 71
     0
  1
AcDbOsnapPointRef
 72
     3
331
17EB
 73
     2
 91
        0
 40
0.0
 10
0.0
 20
0.0
 30
0.0
 75
     0
  0
DIMASSOC
  5
1A1D
102
{ACAD_REACTORS
330
1A13
102
}
330
1A13
100
AcDbDimAssoc
330
1A06
 90
        3
 70
     0
 71
     0
  1
AcDbOsnapPointRef
 72
     1
331
19C3
 73
     2
 91
        1
 40
1.0
 10
0.0
 20
0.0
 30
2.000000000000000E+50
 75
     0
  1
AcDbOsnapPointRef
 72
     8
331
127A
 73
     2
 91
        0
 40
0.3571428571428572
 10
0.0
 20
0.0
 30
0.0
 75
     1
  1
AcDbOsnapPointRef
 72
     1
331
19C3
 73
     2
 91
        1
 40
1.0
 10
0.0
 20
0.0
 30
2.000000000000000E+50
 75
     0
  0
DIMASSOC
  5
1A39
102
{ACAD_REACTORS
330
1A2D
102
}
330
1A2D
100
AcDbDimAssoc
330
1A1E
 90
        3
 70
     0
 71
     0
  1
AcDbOsnapPointRef
 72
     1
331
19C3
 73
     2
 91
        1
 40
1.0
 10
0.0
 20
0.0
 30
2.000000000000000E+50
 75
     0
  1
AcDbOsnapPointRef
 72
    13
331
19C3
 73
     2
 91
        1
 40
0.0
 10
0.0
 20
0.0
 30
2.000000000000000E+50
 75
     0
  0
LAYOUT
  5
D3
102
{ACAD_XDICTIONARY
360
1A7C
102
}
102
{ACAD_REACTORS
330
1A
102
}
330
1A
100
AcDbPlotSettings
  1

  2
C:\Documents and Settings\basas\Application Data\Autodesk\AutoCAD 2005\R16.1\enu\plotters\Default Windows System Printer.pc3
  4

  6

 40
0.0
 41
0.0
 42
0.0
 43
0.0
 44
0.0
 45
0.0
 46
0.0
 47
0.0
 48
0.0
 49
0.0
140
0.0
141
0.0
142
1.0
143
1.0
 70
   688
 72
     0
 73
     0
 74
     5
  7

 75
    16
147
1.0
148
0.0
149
0.0
100
AcDbLayout
  1
Layout1
 70
     1
 71
     1
 10
0.0
 20
0.0
 11
12.0
 21
9.0
 12
0.0
 22
0.0
 32
0.0
 14
0.0
 24
0.0
 34
0.0
 15
0.0
 25
0.0
 35
0.0
146
0.0
 13
0.0
 23
0.0
 33
0.0
 16
1.0
 26
0.0
 36
0.0
 17
0.0
 27
1.0
 37
0.0
 76
     0
330
D2
  0
LAYOUT
  5
D7
102
{ACAD_XDICTIONARY
360
1A7E
102
}
102
{ACAD_REACTORS
330
1A
102
}
330
1A
100
AcDbPlotSettings
  1

  2
C:\Documents and Settings\basas\Application Data\Autodesk\AutoCAD 2005\R16.1\enu\plotters\Default Windows System Printer.pc3
  4

  6

 40
0.0
 41
0.0
 42
0.0
 43
0.0
 44
0.0
 45
0.0
 46
0.0
 47
0.0
 48
0.0
 49
0.0
140
0.0
141
0.0
142
1.0
143
1.0
 70
   688
 72
     0
 73
     0
 74
     5
  7

 75
    16
147
1.0
148
0.0
149
0.0
100
AcDbLayout
  1
Layout2
 70
     1
 71
     2
 10
0.0
 20
0.0
 11
12.0
 21
9.0
 12
0.0
 22
0.0
 32
0.0
 14
0.0
 24
0.0
 34
0.0
 15
0.0
 25
0.0
 35
0.0
146
0.0
 13
0.0
 23
0.0
 33
0.0
 16
1.0
 26
0.0
 36
0.0
 17
0.0
 27
1.0
 37
0.0
 76
     0
330
D6
  0
LAYOUT
  5
22
102
{ACAD_XDICTIONARY
360
1A7A
102
}
102
{ACAD_REACTORS
330
1A
102
}
330
1A
100
AcDbPlotSettings
  1

  2
\\hanuman\laserjet
  4
A4
  6

 40
6.805083274841308
 41
5.027085304260253
 42
6.805084228515625
 43
5.027069091796875
 44
209.9733276367187
 45
296.9683227539062
 46
11.54999923706054
 47
-13.65000009536743
 48
-79.92239771991967
 49
-34.05623917836527
140
303.3346433175182
141
188.4265563801768
142
1.0
143
1.335789874829139
 70
 11952
 72
     1
 73
     1
 74
     4
  7

 75
     0
147
0.7486207365719927
148
79.92239771991967
149
34.05623917836527
100
AcDbLayout
  1
Model
 70
     1
 71
     0
 10
0.0
 20
0.0
 11
12.0
 21
9.0
 12
0.0
 22
0.0
 32
0.0
 14
0.0
 24
0.0
 34
0.0
 15
0.0
 25
0.0
 35
0.0
146
0.0
 13
0.0
 23
0.0
 33
0.0
 16
1.0
 26
0.0
 36
0.0
 17
0.0
 27
1.0
 37
0.0
 76
     0
330
1F
1001
ACAD_PSEXT
1000
\\hanuman\laserjet
1000
HP LaserJet 1200 Series PCL
1000
\\hanuman\laserjet
1000

1070
     0
  0
MLINESTYLE
  5
18
102
{ACAD_REACTORS
330
17
102
}
330
17
100
AcDbMlineStyle
  2
STANDARD
 70
     0
  3

 62
   256
 51
90.0
 52
90.0
 71
     2
 49
0.5
 62
   256
  6
BYLAYER
 49
-0.5
 62
   256
  6
BYLAYER
  0
ACDBPLACEHOLDER
  5
F
102
{ACAD_REACTORS
330
E
102
}
330
E
  0
TABLESTYLE
  5
7F
102
{ACAD_REACTORS
330
7E
102
}
330
7E
100
AcDbTableStyle
  3
Standard
 70
     0
 71
     0
 40
1.5
 41
1.5
280
     0
281
     0
  7
Standard
140
4.5
170
     2
 62
     0
 63
     7
283
     0
274
    -2
284
     1
 64
     0
275
    -2
285
     1
 65
     0
276
    -2
286
     1
 66
     0
277
    -2
287
     1
 67
     0
278
    -2
288
     1
 68
     0
279
    -2
289
     1
 69
     0
  7
Standard
140
6.0
170
     5
 62
     0
 63
     7
283
     0
274
    -2
284
     1
 64
     0
275
    -2
285
     1
 65
     0
276
    -2
286
     1
 66
     0
277
    -2
287
     1
 67
     0
278
    -2
288
     1
 68
     0
279
    -2
289
     1
 69
     0
  7
Standard
140
4.5
170
     5
 62
     0
 63
     7
283
     0
274
    -2
284
     1
 64
     0
275
    -2
285
     1
 65
     0
276
    -2
286
     1
 66
     0
277
    -2
287
     1
 67
     0
278
    -2
288
     1
 68
     0
279
    -2
289
     1
 69
     0
  0
DICTIONARYVAR
  5
84
102
{ACAD_REACTORS
330
5E
102
}
330
5E
100
DictionaryVariables
280
     0
  1
STANDARD
  0
DICTIONARYVAR
  5
5F
102
{ACAD_REACTORS
330
5E
102
}
330
5E
100
DictionaryVariables
280
     0
  1
2
  0
DICTIONARYVAR
  5
63
102
{ACAD_REACTORS
330
5E
102
}
330
5E
100
DictionaryVariables
280
     0
  1
1
  0
DICTIONARYVAR
  5
D7A
102
{ACAD_REACTORS
330
5E
102
}
330
5E
100
DictionaryVariables
280
     0
  1

  0
DICTIONARY
  5
1A7C
330
D3
100
AcDbDictionary
280
     1
281
     1
  3
ACAD_XREC_ROUNDTRIP
360
1A7D
  0
DICTIONARY
  5
1A7E
330
D7
100
AcDbDictionary
280
     1
281
     1
  3
ACAD_XREC_ROUNDTRIP
360
1A7F
  0
DICTIONARY
  5
1A7A
330
22
100
AcDbDictionary
280
     1
281
     1
  3
ACAD_XREC_ROUNDTRIP
360
1A7B
  0
XRECORD
  5
1A7D
102
{ACAD_REACTORS
330
1A7C
102
}
330
1A7C
100
AcDbXrecord
280
     1
102
SHADEPLOT
 70
     0
102
SHADEPLOTRESLEVEL
 70
     2
102
SHADEPLOTCUSTOMDPI
 70
   300
  0
XRECORD
  5
1A7F
102
{ACAD_REACTORS
330
1A7E
102
}
330
1A7E
100
AcDbXrecord
280
     1
102
SHADEPLOT
 70
     0
102
SHADEPLOTRESLEVEL
 70
     2
102
SHADEPLOTCUSTOMDPI
 70
   300
  0
XRECORD
  5
1A7B
102
{ACAD_REACTORS
330
1A7A
102
}
330
1A7A
100
AcDbXrecord
280
     1
102
SHADEPLOT
 70
     0
102
SHADEPLOTRESLEVEL
 70
     2
102
SHADEPLOTCUSTOMDPI
 70
   300
  0
ENDSEC
  0
EOF
